[luohuo-im-server:18778:] 2026-02-18 07:21:45.777[ WARN] 22065 [] [XNIO-2 task-2:101956] [c.l.b.boot.handler.AbstractGlobalExceptionHandler.bizException:66] BizException:

com.luohuo.basic.exception.BizException: AI_NODE_OFFLINE
	at com.luohuo.flex.im.core.chat.service.ai.AiErrorCodeEnum.throwEx(AiErrorCodeEnum.java:35) ~[luohuo-im-biz-3.0.6.jar!/:3.0.6]
	at com.luohuo.flex.im.core.chat.service.ai.AiDispatchPrecheckService.preCheck(AiDispatchPrecheckService.java:71) ~[luohuo-im-biz-3.0.6.jar!/:3.0.6]
	at com.luohuo.flex.im.core.chat.service.impl.ChatServiceImpl.sendMsg(ChatServiceImpl.java:79) ~[luohuo-im-biz-3.0.6.jar!/:3.0.6]
	at java.base/jdk.internal.reflect.DirectMethodHandleAccessor.invoke(DirectMethodHandleAccessor.java:103) ~[na:na]
	at java.base/java.lang.reflect.Method.invoke(Method.java:580) ~[na:na]
	at org.springframework.aop.support.AopUtils.invokeJoinpointUsingReflection(AopUtils.java:359) ~[spring-aop-6.2.5.jar!/:6.2.5]
	at org.springframework.aop.framework.ReflectiveMethodInvocation.invokeJoinpoint(ReflectiveMethodInvocation.java:196) ~[spring-aop-6.2.5.jar!/:6.2.5]
	at org.springframework.aop.framework.ReflectiveMethodInvocation.proceed(ReflectiveMethodInvocation.java:163) ~[spring-aop-6.2.5.jar!/:6.2.5]
	at org.springframework.transaction.interceptor.TransactionAspectSupport.invokeWithinTransaction(TransactionAspectSupport.java:380) ~[spring-tx-6.2.5.jar!/:6.2.5]
	at org.springframework.transaction.interceptor.TransactionInterceptor.invoke(TransactionInterceptor.java:119) ~[spring-tx-6.2.5.jar!/:6.2.5]
	at org.springframework.aop.framework.ReflectiveMethodInvocation.proceed(ReflectiveMethodInvocation.java:184) ~[spring-aop-6.2.5.jar!/:6.2.5]
	at org.springframework.aop.interceptor.ExposeInvocationInterceptor.invoke(ExposeInvocationInterceptor.java:97) ~[spring-aop-6.2.5.jar!/:6.2.5]
	at org.springframework.aop.framework.ReflectiveMethodInvocation.proceed(ReflectiveMethodInvocation.java:184) ~[spring-aop-6.2.5.jar!/:6.2.5]
	at org.springframework.aop.framework.CglibAopProxy$DynamicAdvisedInterceptor.intercept(CglibAopProxy.java:727) ~[spring-aop-6.2.5.jar!/:6.2.5]
	at com.luohuo.flex.im.core.chat.service.impl.ChatServiceImpl$$SpringCGLIB$$0.sendMsg(<generated>) ~[luohuo-im-biz-3.0.6.jar!/:3.0.6]
	at com.luohuo.flex.im.controller.chat.ChatController.sendMsg(ChatController.java:78) ~[luohuo-im-controller-3.0.6.jar!/:3.0.6]
	at java.base/jdk.internal.reflect.DirectMethodHandleAccessor.invoke(DirectMethodHandleAccessor.java:103) ~[na:na]
	at java.base/java.lang.reflect.Method.invoke(Method.java:580) ~[na:na]
	at org.springframework.aop.support.AopUtils.invokeJoinpointUsingReflection(AopUtils.java:359) ~[spring-aop-6.2.5.jar!/:6.2.5]
	at org.springframework.aop.framework.ReflectiveMethodInvocation.invokeJoinpoint(ReflectiveMethodInvocation.java:196) ~[spring-aop-6.2.5.jar!/:6.2.5]
	at org.springframework.aop.framework.ReflectiveMethodInvocation.proceed(ReflectiveMethodInvocation.java:163) ~[spring-aop-6.2.5.jar!/:6.2.5]
	at org.springframework.aop.interceptor.ExposeInvocationInterceptor.invoke(ExposeInvocationInterceptor.java:97) ~[spring-aop-6.2.5.jar!/:6.2.5]
	at org.springframework.aop.framework.ReflectiveMethodInvocation.proceed(ReflectiveMethodInvocation.java:184) ~[spring-aop-6.2.5.jar!/:6.2.5]
	at org.springframework.aop.framework.CglibAopProxy$DynamicAdvisedInterceptor.intercept(CglibAopProxy.java:727) ~[spring-aop-6.2.5.jar!/:6.2.5]
	at com.luohuo.flex.im.controller.chat.ChatController$$SpringCGLIB$$0.sendMsg(<generated>) ~[luohuo-im-controller-3.0.6.jar!/:3.0.6]
	at java.base/jdk.internal.reflect.DirectMethodHandleAccessor.invoke(DirectMethodHandleAccessor.java:103) ~[na:na]
	at java.base/java.lang.reflect.Method.invoke(Method.java:580) ~[na:na]
	at org.springframework.web.method.support.InvocableHandlerMethod.doInvoke(InvocableHandlerMethod.java:258) ~[spring-web-6.2.5.jar!/:6.2.5]
	at org.springframework.web.method.support.InvocableHandlerMethod.invokeForRequest(InvocableHandlerMethod.java:191) ~[spring-web-6.2.5.jar!/:6.2.5]
	at org.springframework.web.servlet.mvc.method.annotation.ServletInvocableHandlerMethod.invokeAndHandle(ServletInvocableHandlerMethod.java:118) ~[spring-webmvc-6.2.5.jar!/:6.2.5]
	at org.springframework.web.servlet.mvc.method.annotation.RequestMappingHandlerAdapter.invokeHandlerMethod(RequestMappingHandlerAdapter.java:986) ~[spring-webmvc-6.2.5.jar!/:6.2.5]
	at org.springframework.web.servlet.mvc.method.annotation.RequestMappingHandlerAdapter.handleInternal(RequestMappingHandlerAdapter.java:891) ~[spring-webmvc-6.2.5.jar!/:6.2.5]
	at org.springframework.web.servlet.mvc.method.AbstractHandlerMethodAdapter.handle(AbstractHandlerMethodAdapter.java:87) ~[spring-webmvc-6.2.5.jar!/:6.2.5]
	at org.springframework.web.servlet.DispatcherServlet.doDispatch(DispatcherServlet.java:1089) ~[spring-webmvc-6.2.5.jar!/:6.2.5]
	at org.springframework.web.servlet.DispatcherServlet.doService(DispatcherServlet.java:979) ~[spring-webmvc-6.2.5.jar!/:6.2.5]
	at org.springframework.web.servlet.FrameworkServlet.processRequest(FrameworkServlet.java:1014) ~[spring-webmvc-6.2.5.jar!/:6.2.5]
	at org.springframework.web.servlet.FrameworkServlet.doPost(FrameworkServlet.java:914) ~[spring-webmvc-6.2.5.jar!/:6.2.5]
	at jakarta.servlet.http.HttpServlet.service(HttpServlet.java:547) ~[jakarta.servlet-api-6.0.0.jar!/:6.0.0]
	at org.springframework.web.servlet.FrameworkServlet.service(FrameworkServlet.java:885) ~[spring-webmvc-6.2.5.jar!/:6.2.5]
	at jakarta.servlet.http.HttpServlet.service(HttpServlet.java:614) ~[jakarta.servlet-api-6.0.0.jar!/:6.0.0]
	at io.undertow.servlet.handlers.ServletHandler.handleRequest(ServletHandler.java:74) ~[undertow-servlet-2.3.18.Final.jar!/:2.3.18.Final]
	at io.undertow.servlet.handlers.FilterHandler$FilterChainImpl.doFilter(FilterHandler.java:129) ~[undertow-servlet-2.3.18.Final.jar!/:2.3.18.Final]
	at org.springframework.web.servlet.resource.ResourceUrlEncodingFilter.doFilter(ResourceUrlEncodingFilter.java:66) ~[spring-webmvc-6.2.5.jar!/:6.2.5]
	at io.undertow.servlet.core.ManagedFilter.doFilter(ManagedFilter.java:67) ~[undertow-servlet-2.3.18.Final.jar!/:2.3.18.Final]
	at io.undertow.servlet.handlers.FilterHandler$FilterChainImpl.doFilter(FilterHandler.java:131) ~[undertow-servlet-2.3.18.Final.jar!/:2.3.18.Final]
	at com.alibaba.druid.support.jakarta.WebStatFilter.doFilter(WebStatFilter.java:113) ~[druid-1.2.24.jar!/:na]
	at io.undertow.servlet.core.ManagedFilter.doFilter(ManagedFilter.java:67) ~[undertow-servlet-2.3.18.Final.jar!/:2.3.18.Final]
	at io.undertow.servlet.handlers.FilterHandler$FilterChainImpl.doFilter(FilterHandler.java:131) ~[undertow-servlet-2.3.18.Final.jar!/:2.3.18.Final]
	at com.luohuo.basic.xss.filter.XssFilter.doFilter(XssFilter.java:66) ~[luohuo-xss-starter-3.0.6.jar!/:3.0.6]
	at io.undertow.servlet.core.ManagedFilter.doFilter(ManagedFilter.java:67) ~[undertow-servlet-2.3.18.Final.jar!/:2.3.18.Final]
	at io.undertow.servlet.handlers.FilterHandler$FilterChainImpl.doFilter(FilterHandler.java:131) ~[undertow-servlet-2.3.18.Final.jar!/:2.3.18.Final]
	at cn.dev33.satoken.filter.SaFirewallCheckFilterForJakartaServlet.doFilter(SaFirewallCheckFilterForJakartaServlet.java:69) ~[sa-token-spring-boot3-starter-1.42.0.jar!/:na]
	at io.undertow.servlet.core.ManagedFilter.doFilter(ManagedFilter.java:67) ~[undertow-servlet-2.3.18.Final.jar!/:2.3.18.Final]
	at io.undertow.servlet.handlers.FilterHandler$FilterChainImpl.doFilter(FilterHandler.java:131) ~[undertow-servlet-2.3.18.Final.jar!/:2.3.18.Final]
	at cn.dev33.satoken.filter.SaTokenCorsFilterForJakartaServlet.doFilter(SaTokenCorsFilterForJakartaServlet.java:52) ~[sa-token-spring-boot3-starter-1.42.0.jar!/:na]
	at io.undertow.servlet.core.ManagedFilter.doFilter(ManagedFilter.java:67) ~[undertow-servlet-2.3.18.Final.jar!/:2.3.18.Final]
	at io.undertow.servlet.handlers.FilterHandler$FilterChainImpl.doFilter(FilterHandler.java:131) ~[undertow-servlet-2.3.18.Final.jar!/:2.3.18.Final]
	at cn.dev33.satoken.filter.SaTokenContextFilterForJakartaServlet.doFilter(SaTokenContextFilterForJakartaServlet.java:40) ~[sa-token-spring-boot3-starter-1.42.0.jar!/:na]
	at io.undertow.servlet.core.ManagedFilter.doFilter(ManagedFilter.java:67) ~[undertow-servlet-2.3.18.Final.jar!/:2.3.18.Final]
	at io.undertow.servlet.handlers.FilterHandler$FilterChainImpl.doFilter(FilterHandler.java:131) ~[undertow-servlet-2.3.18.Final.jar!/:2.3.18.Final]
	at com.luohuo.basic.tenant.core.web.TenantContextWebFilter.doFilterInternal(TenantContextWebFilter.java:29) ~[luohuo-tenant-3.0.6.jar!/:3.0.6]
	at org.springframework.web.filter.OncePerRequestFilter.doFilter(OncePerRequestFilter.java:116) ~[spring-web-6.2.5.jar!/:6.2.5]
	at io.undertow.servlet.core.ManagedFilter.doFilter(ManagedFilter.java:67) ~[undertow-servlet-2.3.18.Final.jar!/:2.3.18.Final]
	at io.undertow.servlet.handlers.FilterHandler$FilterChainImpl.doFilter(FilterHandler.java:131) ~[undertow-servlet-2.3.18.Final.jar!/:2.3.18.Final]
	at org.springframework.web.filter.RequestContextFilter.doFilterInternal(RequestContextFilter.java:100) ~[spring-web-6.2.5.jar!/:6.2.5]
	at org.springframework.web.filter.OncePerRequestFilter.doFilter(OncePerRequestFilter.java:116) ~[spring-web-6.2.5.jar!/:6.2.5]
	at io.undertow.servlet.core.ManagedFilter.doFilter(ManagedFilter.java:67) ~[undertow-servlet-2.3.18.Final.jar!/:2.3.18.Final]
	at io.undertow.servlet.handlers.FilterHandler$FilterChainImpl.doFilter(FilterHandler.java:131) ~[undertow-servlet-2.3.18.Final.jar!/:2.3.18.Final]
	at org.springframework.web.filter.FormContentFilter.doFilterInternal(FormContentFilter.java:93) ~[spring-web-6.2.5.jar!/:6.2.5]
	at org.springframework.web.filter.OncePerRequestFilter.doFilter(OncePerRequestFilter.java:116) ~[spring-web-6.2.5.jar!/:6.2.5]
	at io.undertow.servlet.core.ManagedFilter.doFilter(ManagedFilter.java:67) ~[undertow-servlet-2.3.18.Final.jar!/:2.3.18.Final]
	at io.undertow.servlet.handlers.FilterHandler$FilterChainImpl.doFilter(FilterHandler.java:131) ~[undertow-servlet-2.3.18.Final.jar!/:2.3.18.Final]
	at org.springframework.web.filter.ServerHttpObservationFilter.doFilterInternal(ServerHttpObservationFilter.java:114) ~[spring-web-6.2.5.jar!/:6.2.5]
	at org.springframework.web.filter.OncePerRequestFilter.doFilter(OncePerRequestFilter.java:116) ~[spring-web-6.2.5.jar!/:6.2.5]
	at io.undertow.servlet.core.ManagedFilter.doFilter(ManagedFilter.java:67) ~[undertow-servlet-2.3.18.Final.jar!/:2.3.18.Final]
	at io.undertow.servlet.handlers.FilterHandler$FilterChainImpl.doFilter(FilterHandler.java:131) ~[undertow-servlet-2.3.18.Final.jar!/:2.3.18.Final]
	at org.springframework.web.filter.CharacterEncodingFilter.doFilterInternal(CharacterEncodingFilter.java:201) ~[spring-web-6.2.5.jar!/:6.2.5]
	at org.springframework.web.filter.OncePerRequestFilter.doFilter(OncePerRequestFilter.java:116) ~[spring-web-6.2.5.jar!/:6.2.5]
	at io.undertow.servlet.core.ManagedFilter.doFilter(ManagedFilter.java:67) ~[undertow-servlet-2.3.18.Final.jar!/:2.3.18.Final]
	at io.undertow.servlet.handlers.FilterHandler$FilterChainImpl.doFilter(FilterHandler.java:131) ~[undertow-servlet-2.3.18.Final.jar!/:2.3.18.Final]
	at io.undertow.servlet.handlers.FilterHandler.handleRequest(FilterHandler.java:84) ~[undertow-servlet-2.3.18.Final.jar!/:2.3.18.Final]
	at io.undertow.servlet.handlers.security.ServletSecurityRoleHandler.handleRequest(ServletSecurityRoleHandler.java:62) ~[undertow-servlet-2.3.18.Final.jar!/:2.3.18.Final]
	at io.undertow.servlet.handlers.ServletChain$1.handleRequest(ServletChain.java:68) ~[undertow-servlet-2.3.18.Final.jar!/:2.3.18.Final]
	at io.undertow.servlet.handlers.ServletDispatchingHandler.handleRequest(ServletDispatchingHandler.java:36) ~[undertow-servlet-2.3.18.Final.jar!/:2.3.18.Final]
	at io.undertow.servlet.handlers.RedirectDirHandler.handleRequest(RedirectDirHandler.java:68) ~[undertow-servlet-2.3.18.Final.jar!/:2.3.18.Final]
	at io.undertow.servlet.handlers.security.SSLInformationAssociationHandler.handleRequest(SSLInformationAssociationHandler.java:117) ~[undertow-servlet-2.3.18.Final.jar!/:2.3.18.Final]
	at io.undertow.servlet.handlers.security.ServletAuthenticationCallHandler.handleRequest(ServletAuthenticationCallHandler.java:57) ~[undertow-servlet-2.3.18.Final.jar!/:2.3.18.Final]
	at io.undertow.server.handlers.PredicateHandler.handleRequest(PredicateHandler.java:43) ~[undertow-core-2.3.18.Final.jar!/:2.3.18.Final]
	at io.undertow.security.handlers.AbstractConfidentialityHandler.handleRequest(AbstractConfidentialityHandler.java:46) ~[undertow-core-2.3.18.Final.jar!/:2.3.18.Final]
	at io.undertow.servlet.handlers.security.ServletConfidentialityConstraintHandler.handleRequest(ServletConfidentialityConstraintHandler.java:64) ~[undertow-servlet-2.3.18.Final.jar!/:2.3.18.Final]
	at io.undertow.security.handlers.AuthenticationMechanismsHandler.handleRequest(AuthenticationMechanismsHandler.java:60) ~[undertow-core-2.3.18.Final.jar!/:2.3.18.Final]
	at io.undertow.servlet.handlers.security.CachedAuthenticatedSessionHandler.handleRequest(CachedAuthenticatedSessionHandler.java:77) ~[undertow-servlet-2.3.18.Final.jar!/:2.3.18.Final]
	at io.undertow.security.handlers.AbstractSecurityContextAssociationHandler.handleRequest(AbstractSecurityContextAssociationHandler.java:43) ~[undertow-core-2.3.18.Final.jar!/:2.3.18.Final]
	at io.undertow.server.handlers.PredicateHandler.handleRequest(PredicateHandler.java:43) ~[undertow-core-2.3.18.Final.jar!/:2.3.18.Final]
	at io.undertow.servlet.handlers.SendErrorPageHandler.handleRequest(SendErrorPageHandler.java:52) ~[undertow-servlet-2.3.18.Final.jar!/:2.3.18.Final]
	at io.undertow.server.handlers.PredicateHandler.handleRequest(PredicateHandler.java:43) ~[undertow-core-2.3.18.Final.jar!/:2.3.18.Final]
	at io.undertow.servlet.handlers.ServletInitialHandler.handleFirstRequest(ServletInitialHandler.java:276) ~[undertow-servlet-2.3.18.Final.jar!/:2.3.18.Final]
	at io.undertow.servlet.handlers.ServletInitialHandler$2.call(ServletInitialHandler.java:135) ~[undertow-servlet-2.3.18.Final.jar!/:2.3.18.Final]
	at io.undertow.servlet.handlers.ServletInitialHandler$2.call(ServletInitialHandler.java:132) ~[undertow-servlet-2.3.18.Final.jar!/:2.3.18.Final]
	at io.undertow.servlet.core.ServletRequestContextThreadSetupAction$1.call(ServletRequestContextThreadSetupAction.java:48) ~[undertow-servlet-2.3.18.Final.jar!/:2.3.18.Final]
	at io.undertow.servlet.core.ContextClassLoaderSetupAction$1.call(ContextClassLoaderSetupAction.java:43) ~[undertow-servlet-2.3.18.Final.jar!/:2.3.18.Final]
	at io.undertow.servlet.handlers.ServletInitialHandler.dispatchRequest(ServletInitialHandler.java:256) ~[undertow-servlet-2.3.18.Final.jar!/:2.3.18.Final]
	at io.undertow.servlet.handlers.ServletInitialHandler$1.handleRequest(ServletInitialHandler.java:101) ~[undertow-servlet-2.3.18.Final.jar!/:2.3.18.Final]
	at io.undertow.server.Connectors.executeRootHandler(Connectors.java:395) ~[undertow-core-2.3.18.Final.jar!/:2.3.18.Final]
	at io.undertow.server.HttpServerExchange$1.run(HttpServerExchange.java:861) ~[undertow-core-2.3.18.Final.jar!/:2.3.18.Final]
	at org.jboss.threads.ContextHandler$1.runWith(ContextHandler.java:18) ~[jboss-threads-3.5.0.Final.jar!/:3.5.0.Final]
	at org.jboss.threads.EnhancedQueueExecutor$Task.run(EnhancedQueueExecutor.java:2513) ~[jboss-threads-3.5.0.Final.jar!/:3.5.0.Final]
	at org.jboss.threads.EnhancedQueueExecutor$ThreadBody.run(EnhancedQueueExecutor.java:1512) ~[jboss-threads-3.5.0.Final.jar!/:3.5.0.Final]
	at org.xnio.XnioWorker$WorkerThreadFactory$1$1.run(XnioWorker.java:1282) ~[xnio-api-3.8.16.Final.jar!/:3.8.16.Final]
	at java.base/java.lang.Thread.run(Thread.java:1583) ~[na:na]

[luohuo-im-server:18778:] 2026-02-18 07:21:59.082[ WARN] 22065 [] [XNIO-2 task-2:115261] [c.l.b.boot.handler.AbstractGlobalExceptionHandler.bizException:66] BizException:

com.luohuo.basic.exception.BizException: AI_RATE_LIMITED:并发请求数超限
	at com.luohuo.flex.im.core.chat.service.ai.AiErrorCodeEnum.throwEx(AiErrorCodeEnum.java:42) ~[luohuo-im-biz-3.0.6.jar!/:3.0.6]
	at com.luohuo.flex.im.core.chat.service.ai.AiRateLimiterService.checkRequesterInflight(AiRateLimiterService.java:89) ~[luohuo-im-biz-3.0.6.jar!/:3.0.6]
	at com.luohuo.flex.im.core.chat.service.ai.AiRateLimiterService.checkRateLimit(AiRateLimiterService.java:42) ~[luohuo-im-biz-3.0.6.jar!/:3.0.6]
	at com.luohuo.flex.im.core.chat.service.ai.AiDispatchPrecheckService.preCheck(AiDispatchPrecheckService.java:79) ~[luohuo-im-biz-3.0.6.jar!/:3.0.6]
	at com.luohuo.flex.im.core.chat.service.impl.ChatServiceImpl.sendMsg(ChatServiceImpl.java:79) ~[luohuo-im-biz-3.0.6.jar!/:3.0.6]
	at java.base/jdk.internal.reflect.DirectMethodHandleAccessor.invoke(DirectMethodHandleAccessor.java:103) ~[na:na]
	at java.base/java.lang.reflect.Method.invoke(Method.java:580) ~[na:na]
	at org.springframework.aop.support.AopUtils.invokeJoinpointUsingReflection(AopUtils.java:359) ~[spring-aop-6.2.5.jar!/:6.2.5]
	at org.springframework.aop.framework.ReflectiveMethodInvocation.invokeJoinpoint(ReflectiveMethodInvocation.java:196) ~[spring-aop-6.2.5.jar!/:6.2.5]
	at org.springframework.aop.framework.ReflectiveMethodInvocation.proceed(ReflectiveMethodInvocation.java:163) ~[spring-aop-6.2.5.jar!/:6.2.5]
	at org.springframework.transaction.interceptor.TransactionAspectSupport.invokeWithinTransaction(TransactionAspectSupport.java:380) ~[spring-tx-6.2.5.jar!/:6.2.5]
	at org.springframework.transaction.interceptor.TransactionInterceptor.invoke(TransactionInterceptor.java:119) ~[spring-tx-6.2.5.jar!/:6.2.5]
	at org.springframework.aop.framework.ReflectiveMethodInvocation.proceed(ReflectiveMethodInvocation.java:184) ~[spring-aop-6.2.5.jar!/:6.2.5]
	at org.springframework.aop.interceptor.ExposeInvocationInterceptor.invoke(ExposeInvocationInterceptor.java:97) ~[spring-aop-6.2.5.jar!/:6.2.5]
	at org.springframework.aop.framework.ReflectiveMethodInvocation.proceed(ReflectiveMethodInvocation.java:184) ~[spring-aop-6.2.5.jar!/:6.2.5]
	at org.springframework.aop.framework.CglibAopProxy$DynamicAdvisedInterceptor.intercept(CglibAopProxy.java:727) ~[spring-aop-6.2.5.jar!/:6.2.5]
	at com.luohuo.flex.im.core.chat.service.impl.ChatServiceImpl$$SpringCGLIB$$0.sendMsg(<generated>) ~[luohuo-im-biz-3.0.6.jar!/:3.0.6]
	at com.luohuo.flex.im.controller.chat.ChatController.sendMsg(ChatController.java:78) ~[luohuo-im-controller-3.0.6.jar!/:3.0.6]
	at java.base/jdk.internal.reflect.DirectMethodHandleAccessor.invoke(DirectMethodHandleAccessor.java:103) ~[na:na]
	at java.base/java.lang.reflect.Method.invoke(Method.java:580) ~[na:na]
	at org.springframework.aop.support.AopUtils.invokeJoinpointUsingReflection(AopUtils.java:359) ~[spring-aop-6.2.5.jar!/:6.2.5]
	at org.springframework.aop.framework.ReflectiveMethodInvocation.invokeJoinpoint(ReflectiveMethodInvocation.java:196) ~[spring-aop-6.2.5.jar!/:6.2.5]
	at org.springframework.aop.framework.ReflectiveMethodInvocation.proceed(ReflectiveMethodInvocation.java:163) ~[spring-aop-6.2.5.jar!/:6.2.5]
	at org.springframework.aop.interceptor.ExposeInvocationInterceptor.invoke(ExposeInvocationInterceptor.java:97) ~[spring-aop-6.2.5.jar!/:6.2.5]
	at org.springframework.aop.framework.ReflectiveMethodInvocation.proceed(ReflectiveMethodInvocation.java:184) ~[spring-aop-6.2.5.jar!/:6.2.5]
	at org.springframework.aop.framework.CglibAopProxy$DynamicAdvisedInterceptor.intercept(CglibAopProxy.java:727) ~[spring-aop-6.2.5.jar!/:6.2.5]
	at com.luohuo.flex.im.controller.chat.ChatController$$SpringCGLIB$$0.sendMsg(<generated>) ~[luohuo-im-controller-3.0.6.jar!/:3.0.6]
	at java.base/jdk.internal.reflect.DirectMethodHandleAccessor.invoke(DirectMethodHandleAccessor.java:103) ~[na:na]
	at java.base/java.lang.reflect.Method.invoke(Method.java:580) ~[na:na]
	at org.springframework.web.method.support.InvocableHandlerMethod.doInvoke(InvocableHandlerMethod.java:258) ~[spring-web-6.2.5.jar!/:6.2.5]
	at org.springframework.web.method.support.InvocableHandlerMethod.invokeForRequest(InvocableHandlerMethod.java:191) ~[spring-web-6.2.5.jar!/:6.2.5]
	at org.springframework.web.servlet.mvc.method.annotation.ServletInvocableHandlerMethod.invokeAndHandle(ServletInvocableHandlerMethod.java:118) ~[spring-webmvc-6.2.5.jar!/:6.2.5]
	at org.springframework.web.servlet.mvc.method.annotation.RequestMappingHandlerAdapter.invokeHandlerMethod(RequestMappingHandlerAdapter.java:986) ~[spring-webmvc-6.2.5.jar!/:6.2.5]
	at org.springframework.web.servlet.mvc.method.annotation.RequestMappingHandlerAdapter.handleInternal(RequestMappingHandlerAdapter.java:891) ~[spring-webmvc-6.2.5.jar!/:6.2.5]
	at org.springframework.web.servlet.mvc.method.AbstractHandlerMethodAdapter.handle(AbstractHandlerMethodAdapter.java:87) ~[spring-webmvc-6.2.5.jar!/:6.2.5]
	at org.springframework.web.servlet.DispatcherServlet.doDispatch(DispatcherServlet.java:1089) ~[spring-webmvc-6.2.5.jar!/:6.2.5]
	at org.springframework.web.servlet.DispatcherServlet.doService(DispatcherServlet.java:979) ~[spring-webmvc-6.2.5.jar!/:6.2.5]
	at org.springframework.web.servlet.FrameworkServlet.processRequest(FrameworkServlet.java:1014) ~[spring-webmvc-6.2.5.jar!/:6.2.5]
	at org.springframework.web.servlet.FrameworkServlet.doPost(FrameworkServlet.java:914) ~[spring-webmvc-6.2.5.jar!/:6.2.5]
	at jakarta.servlet.http.HttpServlet.service(HttpServlet.java:547) ~[jakarta.servlet-api-6.0.0.jar!/:6.0.0]
	at org.springframework.web.servlet.FrameworkServlet.service(FrameworkServlet.java:885) ~[spring-webmvc-6.2.5.jar!/:6.2.5]
	at jakarta.servlet.http.HttpServlet.service(HttpServlet.java:614) ~[jakarta.servlet-api-6.0.0.jar!/:6.0.0]
	at io.undertow.servlet.handlers.ServletHandler.handleRequest(ServletHandler.java:74) ~[undertow-servlet-2.3.18.Final.jar!/:2.3.18.Final]
	at io.undertow.servlet.handlers.FilterHandler$FilterChainImpl.doFilter(FilterHandler.java:129) ~[undertow-servlet-2.3.18.Final.jar!/:2.3.18.Final]
	at org.springframework.web.servlet.resource.ResourceUrlEncodingFilter.doFilter(ResourceUrlEncodingFilter.java:66) ~[spring-webmvc-6.2.5.jar!/:6.2.5]
	at io.undertow.servlet.core.ManagedFilter.doFilter(ManagedFilter.java:67) ~[undertow-servlet-2.3.18.Final.jar!/:2.3.18.Final]
	at io.undertow.servlet.handlers.FilterHandler$FilterChainImpl.doFilter(FilterHandler.java:131) ~[undertow-servlet-2.3.18.Final.jar!/:2.3.18.Final]
	at com.alibaba.druid.support.jakarta.WebStatFilter.doFilter(WebStatFilter.java:113) ~[druid-1.2.24.jar!/:na]
	at io.undertow.servlet.core.ManagedFilter.doFilter(ManagedFilter.java:67) ~[undertow-servlet-2.3.18.Final.jar!/:2.3.18.Final]
	at io.undertow.servlet.handlers.FilterHandler$FilterChainImpl.doFilter(FilterHandler.java:131) ~[undertow-servlet-2.3.18.Final.jar!/:2.3.18.Final]
	at com.luohuo.basic.xss.filter.XssFilter.doFilter(XssFilter.java:66) ~[luohuo-xss-starter-3.0.6.jar!/:3.0.6]
	at io.undertow.servlet.core.ManagedFilter.doFilter(ManagedFilter.java:67) ~[undertow-servlet-2.3.18.Final.jar!/:2.3.18.Final]
	at io.undertow.servlet.handlers.FilterHandler$FilterChainImpl.doFilter(FilterHandler.java:131) ~[undertow-servlet-2.3.18.Final.jar!/:2.3.18.Final]
	at cn.dev33.satoken.filter.SaFirewallCheckFilterForJakartaServlet.doFilter(SaFirewallCheckFilterForJakartaServlet.java:69) ~[sa-token-spring-boot3-starter-1.42.0.jar!/:na]
	at io.undertow.servlet.core.ManagedFilter.doFilter(ManagedFilter.java:67) ~[undertow-servlet-2.3.18.Final.jar!/:2.3.18.Final]
	at io.undertow.servlet.handlers.FilterHandler$FilterChainImpl.doFilter(FilterHandler.java:131) ~[undertow-servlet-2.3.18.Final.jar!/:2.3.18.Final]
	at cn.dev33.satoken.filter.SaTokenCorsFilterForJakartaServlet.doFilter(SaTokenCorsFilterForJakartaServlet.java:52) ~[sa-token-spring-boot3-starter-1.42.0.jar!/:na]
	at io.undertow.servlet.core.ManagedFilter.doFilter(ManagedFilter.java:67) ~[undertow-servlet-2.3.18.Final.jar!/:2.3.18.Final]
	at io.undertow.servlet.handlers.FilterHandler$FilterChainImpl.doFilter(FilterHandler.java:131) ~[undertow-servlet-2.3.18.Final.jar!/:2.3.18.Final]
	at cn.dev33.satoken.filter.SaTokenContextFilterForJakartaServlet.doFilter(SaTokenContextFilterForJakartaServlet.java:40) ~[sa-token-spring-boot3-starter-1.42.0.jar!/:na]
	at io.undertow.servlet.core.ManagedFilter.doFilter(ManagedFilter.java:67) ~[undertow-servlet-2.3.18.Final.jar!/:2.3.18.Final]
	at io.undertow.servlet.handlers.FilterHandler$FilterChainImpl.doFilter(FilterHandler.java:131) ~[undertow-servlet-2.3.18.Final.jar!/:2.3.18.Final]
	at com.luohuo.basic.tenant.core.web.TenantContextWebFilter.doFilterInternal(TenantContextWebFilter.java:29) ~[luohuo-tenant-3.0.6.jar!/:3.0.6]
	at org.springframework.web.filter.OncePerRequestFilter.doFilter(OncePerRequestFilter.java:116) ~[spring-web-6.2.5.jar!/:6.2.5]
	at io.undertow.servlet.core.ManagedFilter.doFilter(ManagedFilter.java:67) ~[undertow-servlet-2.3.18.Final.jar!/:2.3.18.Final]
	at io.undertow.servlet.handlers.FilterHandler$FilterChainImpl.doFilter(FilterHandler.java:131) ~[undertow-servlet-2.3.18.Final.jar!/:2.3.18.Final]
	at org.springframework.web.filter.RequestContextFilter.doFilterInternal(RequestContextFilter.java:100) ~[spring-web-6.2.5.jar!/:6.2.5]
	at org.springframework.web.filter.OncePerRequestFilter.doFilter(OncePerRequestFilter.java:116) ~[spring-web-6.2.5.jar!/:6.2.5]
	at io.undertow.servlet.core.ManagedFilter.doFilter(ManagedFilter.java:67) ~[undertow-servlet-2.3.18.Final.jar!/:2.3.18.Final]
	at io.undertow.servlet.handlers.FilterHandler$FilterChainImpl.doFilter(FilterHandler.java:131) ~[undertow-servlet-2.3.18.Final.jar!/:2.3.18.Final]
	at org.springframework.web.filter.FormContentFilter.doFilterInternal(FormContentFilter.java:93) ~[spring-web-6.2.5.jar!/:6.2.5]
	at org.springframework.web.filter.OncePerRequestFilter.doFilter(OncePerRequestFilter.java:116) ~[spring-web-6.2.5.jar!/:6.2.5]
	at io.undertow.servlet.core.ManagedFilter.doFilter(ManagedFilter.java:67) ~[undertow-servlet-2.3.18.Final.jar!/:2.3.18.Final]
	at io.undertow.servlet.handlers.FilterHandler$FilterChainImpl.doFilter(FilterHandler.java:131) ~[undertow-servlet-2.3.18.Final.jar!/:2.3.18.Final]
	at org.springframework.web.filter.ServerHttpObservationFilter.doFilterInternal(ServerHttpObservationFilter.java:114) ~[spring-web-6.2.5.jar!/:6.2.5]
	at org.springframework.web.filter.OncePerRequestFilter.doFilter(OncePerRequestFilter.java:116) ~[spring-web-6.2.5.jar!/:6.2.5]
	at io.undertow.servlet.core.ManagedFilter.doFilter(ManagedFilter.java:67) ~[undertow-servlet-2.3.18.Final.jar!/:2.3.18.Final]
	at io.undertow.servlet.handlers.FilterHandler$FilterChainImpl.doFilter(FilterHandler.java:131) ~[undertow-servlet-2.3.18.Final.jar!/:2.3.18.Final]
	at org.springframework.web.filter.CharacterEncodingFilter.doFilterInternal(CharacterEncodingFilter.java:201) ~[spring-web-6.2.5.jar!/:6.2.5]
	at org.springframework.web.filter.OncePerRequestFilter.doFilter(OncePerRequestFilter.java:116) ~[spring-web-6.2.5.jar!/:6.2.5]
	at io.undertow.servlet.core.ManagedFilter.doFilter(ManagedFilter.java:67) ~[undertow-servlet-2.3.18.Final.jar!/:2.3.18.Final]
	at io.undertow.servlet.handlers.FilterHandler$FilterChainImpl.doFilter(FilterHandler.java:131) ~[undertow-servlet-2.3.18.Final.jar!/:2.3.18.Final]
	at io.undertow.servlet.handlers.FilterHandler.handleRequest(FilterHandler.java:84) ~[undertow-servlet-2.3.18.Final.jar!/:2.3.18.Final]
	at io.undertow.servlet.handlers.security.ServletSecurityRoleHandler.handleRequest(ServletSecurityRoleHandler.java:62) ~[undertow-servlet-2.3.18.Final.jar!/:2.3.18.Final]
	at io.undertow.servlet.handlers.ServletChain$1.handleRequest(ServletChain.java:68) ~[undertow-servlet-2.3.18.Final.jar!/:2.3.18.Final]
	at io.undertow.servlet.handlers.ServletDispatchingHandler.handleRequest(ServletDispatchingHandler.java:36) ~[undertow-servlet-2.3.18.Final.jar!/:2.3.18.Final]
	at io.undertow.servlet.handlers.RedirectDirHandler.handleRequest(RedirectDirHandler.java:68) ~[undertow-servlet-2.3.18.Final.jar!/:2.3.18.Final]
	at io.undertow.servlet.handlers.security.SSLInformationAssociationHandler.handleRequest(SSLInformationAssociationHandler.java:117) ~[undertow-servlet-2.3.18.Final.jar!/:2.3.18.Final]
	at io.undertow.servlet.handlers.security.ServletAuthenticationCallHandler.handleRequest(ServletAuthenticationCallHandler.java:57) ~[undertow-servlet-2.3.18.Final.jar!/:2.3.18.Final]
	at io.undertow.server.handlers.PredicateHandler.handleRequest(PredicateHandler.java:43) ~[undertow-core-2.3.18.Final.jar!/:2.3.18.Final]
	at io.undertow.security.handlers.AbstractConfidentialityHandler.handleRequest(AbstractConfidentialityHandler.java:46) ~[undertow-core-2.3.18.Final.jar!/:2.3.18.Final]
	at io.undertow.servlet.handlers.security.ServletConfidentialityConstraintHandler.handleRequest(ServletConfidentialityConstraintHandler.java:64) ~[undertow-servlet-2.3.18.Final.jar!/:2.3.18.Final]
	at io.undertow.security.handlers.AuthenticationMechanismsHandler.handleRequest(AuthenticationMechanismsHandler.java:60) ~[undertow-core-2.3.18.Final.jar!/:2.3.18.Final]
	at io.undertow.servlet.handlers.security.CachedAuthenticatedSessionHandler.handleRequest(CachedAuthenticatedSessionHandler.java:77) ~[undertow-servlet-2.3.18.Final.jar!/:2.3.18.Final]
	at io.undertow.security.handlers.AbstractSecurityContextAssociationHandler.handleRequest(AbstractSecurityContextAssociationHandler.java:43) ~[undertow-core-2.3.18.Final.jar!/:2.3.18.Final]
	at io.undertow.server.handlers.PredicateHandler.handleRequest(PredicateHandler.java:43) ~[undertow-core-2.3.18.Final.jar!/:2.3.18.Final]
	at io.undertow.servlet.handlers.SendErrorPageHandler.handleRequest(SendErrorPageHandler.java:52) ~[undertow-servlet-2.3.18.Final.jar!/:2.3.18.Final]
	at io.undertow.server.handlers.PredicateHandler.handleRequest(PredicateHandler.java:43) ~[undertow-core-2.3.18.Final.jar!/:2.3.18.Final]
	at io.undertow.servlet.handlers.ServletInitialHandler.handleFirstRequest(ServletInitialHandler.java:276) ~[undertow-servlet-2.3.18.Final.jar!/:2.3.18.Final]
	at io.undertow.servlet.handlers.ServletInitialHandler$2.call(ServletInitialHandler.java:135) ~[undertow-servlet-2.3.18.Final.jar!/:2.3.18.Final]
	at io.undertow.servlet.handlers.ServletInitialHandler$2.call(ServletInitialHandler.java:132) ~[undertow-servlet-2.3.18.Final.jar!/:2.3.18.Final]
	at io.undertow.servlet.core.ServletRequestContextThreadSetupAction$1.call(ServletRequestContextThreadSetupAction.java:48) ~[undertow-servlet-2.3.18.Final.jar!/:2.3.18.Final]
	at io.undertow.servlet.core.ContextClassLoaderSetupAction$1.call(ContextClassLoaderSetupAction.java:43) ~[undertow-servlet-2.3.18.Final.jar!/:2.3.18.Final]
	at io.undertow.servlet.handlers.ServletInitialHandler.dispatchRequest(ServletInitialHandler.java:256) ~[undertow-servlet-2.3.18.Final.jar!/:2.3.18.Final]
	at io.undertow.servlet.handlers.ServletInitialHandler$1.handleRequest(ServletInitialHandler.java:101) ~[undertow-servlet-2.3.18.Final.jar!/:2.3.18.Final]
	at io.undertow.server.Connectors.executeRootHandler(Connectors.java:395) ~[undertow-core-2.3.18.Final.jar!/:2.3.18.Final]
	at io.undertow.server.HttpServerExchange$1.run(HttpServerExchange.java:861) ~[undertow-core-2.3.18.Final.jar!/:2.3.18.Final]
	at org.jboss.threads.ContextHandler$1.runWith(ContextHandler.java:18) ~[jboss-threads-3.5.0.Final.jar!/:3.5.0.Final]
	at org.jboss.threads.EnhancedQueueExecutor$Task.run(EnhancedQueueExecutor.java:2513) ~[jboss-threads-3.5.0.Final.jar!/:3.5.0.Final]
	at org.jboss.threads.EnhancedQueueExecutor$ThreadBody.run(EnhancedQueueExecutor.java:1538) ~[jboss-threads-3.5.0.Final.jar!/:3.5.0.Final]
	at org.xnio.XnioWorker$WorkerThreadFactory$1$1.run(XnioWorker.java:1282) ~[xnio-api-3.8.16.Final.jar!/:3.8.16.Final]
	at java.base/java.lang.Thread.run(Thread.java:1583) ~[na:na]

[luohuo-im-server:18778:] 2026-02-18 07:22:08.028[ WARN] 22065 [] [XNIO-2 task-2:124207] [c.l.b.boot.handler.AbstractGlobalExceptionHandler.bizException:66] BizException:

com.luohuo.basic.exception.BizException: AI_RATE_LIMITED:并发请求数超限
	at com.luohuo.flex.im.core.chat.service.ai.AiErrorCodeEnum.throwEx(AiErrorCodeEnum.java:42) ~[luohuo-im-biz-3.0.6.jar!/:3.0.6]
	at com.luohuo.flex.im.core.chat.service.ai.AiRateLimiterService.checkRequesterInflight(AiRateLimiterService.java:89) ~[luohuo-im-biz-3.0.6.jar!/:3.0.6]
	at com.luohuo.flex.im.core.chat.service.ai.AiRateLimiterService.checkRateLimit(AiRateLimiterService.java:42) ~[luohuo-im-biz-3.0.6.jar!/:3.0.6]
	at com.luohuo.flex.im.core.chat.service.ai.AiDispatchPrecheckService.preCheck(AiDispatchPrecheckService.java:79) ~[luohuo-im-biz-3.0.6.jar!/:3.0.6]
	at com.luohuo.flex.im.core.chat.service.impl.ChatServiceImpl.sendMsg(ChatServiceImpl.java:79) ~[luohuo-im-biz-3.0.6.jar!/:3.0.6]
	at java.base/jdk.internal.reflect.DirectMethodHandleAccessor.invoke(DirectMethodHandleAccessor.java:103) ~[na:na]
	at java.base/java.lang.reflect.Method.invoke(Method.java:580) ~[na:na]
	at org.springframework.aop.support.AopUtils.invokeJoinpointUsingReflection(AopUtils.java:359) ~[spring-aop-6.2.5.jar!/:6.2.5]
	at org.springframework.aop.framework.ReflectiveMethodInvocation.invokeJoinpoint(ReflectiveMethodInvocation.java:196) ~[spring-aop-6.2.5.jar!/:6.2.5]
	at org.springframework.aop.framework.ReflectiveMethodInvocation.proceed(ReflectiveMethodInvocation.java:163) ~[spring-aop-6.2.5.jar!/:6.2.5]
	at org.springframework.transaction.interceptor.TransactionAspectSupport.invokeWithinTransaction(TransactionAspectSupport.java:380) ~[spring-tx-6.2.5.jar!/:6.2.5]
	at org.springframework.transaction.interceptor.TransactionInterceptor.invoke(TransactionInterceptor.java:119) ~[spring-tx-6.2.5.jar!/:6.2.5]
	at org.springframework.aop.framework.ReflectiveMethodInvocation.proceed(ReflectiveMethodInvocation.java:184) ~[spring-aop-6.2.5.jar!/:6.2.5]
	at org.springframework.aop.interceptor.ExposeInvocationInterceptor.invoke(ExposeInvocationInterceptor.java:97) ~[spring-aop-6.2.5.jar!/:6.2.5]
	at org.springframework.aop.framework.ReflectiveMethodInvocation.proceed(ReflectiveMethodInvocation.java:184) ~[spring-aop-6.2.5.jar!/:6.2.5]
	at org.springframework.aop.framework.CglibAopProxy$DynamicAdvisedInterceptor.intercept(CglibAopProxy.java:727) ~[spring-aop-6.2.5.jar!/:6.2.5]
	at com.luohuo.flex.im.core.chat.service.impl.ChatServiceImpl$$SpringCGLIB$$0.sendMsg(<generated>) ~[luohuo-im-biz-3.0.6.jar!/:3.0.6]
	at com.luohuo.flex.im.controller.chat.ChatController.sendMsg(ChatController.java:78) ~[luohuo-im-controller-3.0.6.jar!/:3.0.6]
	at java.base/jdk.internal.reflect.DirectMethodHandleAccessor.invoke(DirectMethodHandleAccessor.java:103) ~[na:na]
	at java.base/java.lang.reflect.Method.invoke(Method.java:580) ~[na:na]
	at org.springframework.aop.support.AopUtils.invokeJoinpointUsingReflection(AopUtils.java:359) ~[spring-aop-6.2.5.jar!/:6.2.5]
	at org.springframework.aop.framework.ReflectiveMethodInvocation.invokeJoinpoint(ReflectiveMethodInvocation.java:196) ~[spring-aop-6.2.5.jar!/:6.2.5]
	at org.springframework.aop.framework.ReflectiveMethodInvocation.proceed(ReflectiveMethodInvocation.java:163) ~[spring-aop-6.2.5.jar!/:6.2.5]
	at org.springframework.aop.interceptor.ExposeInvocationInterceptor.invoke(ExposeInvocationInterceptor.java:97) ~[spring-aop-6.2.5.jar!/:6.2.5]
	at org.springframework.aop.framework.ReflectiveMethodInvocation.proceed(ReflectiveMethodInvocation.java:184) ~[spring-aop-6.2.5.jar!/:6.2.5]
	at org.springframework.aop.framework.CglibAopProxy$DynamicAdvisedInterceptor.intercept(CglibAopProxy.java:727) ~[spring-aop-6.2.5.jar!/:6.2.5]
	at com.luohuo.flex.im.controller.chat.ChatController$$SpringCGLIB$$0.sendMsg(<generated>) ~[luohuo-im-controller-3.0.6.jar!/:3.0.6]
	at java.base/jdk.internal.reflect.DirectMethodHandleAccessor.invoke(DirectMethodHandleAccessor.java:103) ~[na:na]
	at java.base/java.lang.reflect.Method.invoke(Method.java:580) ~[na:na]
	at org.springframework.web.method.support.InvocableHandlerMethod.doInvoke(InvocableHandlerMethod.java:258) ~[spring-web-6.2.5.jar!/:6.2.5]
	at org.springframework.web.method.support.InvocableHandlerMethod.invokeForRequest(InvocableHandlerMethod.java:191) ~[spring-web-6.2.5.jar!/:6.2.5]
	at org.springframework.web.servlet.mvc.method.annotation.ServletInvocableHandlerMethod.invokeAndHandle(ServletInvocableHandlerMethod.java:118) ~[spring-webmvc-6.2.5.jar!/:6.2.5]
	at org.springframework.web.servlet.mvc.method.annotation.RequestMappingHandlerAdapter.invokeHandlerMethod(RequestMappingHandlerAdapter.java:986) ~[spring-webmvc-6.2.5.jar!/:6.2.5]
	at org.springframework.web.servlet.mvc.method.annotation.RequestMappingHandlerAdapter.handleInternal(RequestMappingHandlerAdapter.java:891) ~[spring-webmvc-6.2.5.jar!/:6.2.5]
	at org.springframework.web.servlet.mvc.method.AbstractHandlerMethodAdapter.handle(AbstractHandlerMethodAdapter.java:87) ~[spring-webmvc-6.2.5.jar!/:6.2.5]
	at org.springframework.web.servlet.DispatcherServlet.doDispatch(DispatcherServlet.java:1089) ~[spring-webmvc-6.2.5.jar!/:6.2.5]
	at org.springframework.web.servlet.DispatcherServlet.doService(DispatcherServlet.java:979) ~[spring-webmvc-6.2.5.jar!/:6.2.5]
	at org.springframework.web.servlet.FrameworkServlet.processRequest(FrameworkServlet.java:1014) ~[spring-webmvc-6.2.5.jar!/:6.2.5]
	at org.springframework.web.servlet.FrameworkServlet.doPost(FrameworkServlet.java:914) ~[spring-webmvc-6.2.5.jar!/:6.2.5]
	at jakarta.servlet.http.HttpServlet.service(HttpServlet.java:547) ~[jakarta.servlet-api-6.0.0.jar!/:6.0.0]
	at org.springframework.web.servlet.FrameworkServlet.service(FrameworkServlet.java:885) ~[spring-webmvc-6.2.5.jar!/:6.2.5]
	at jakarta.servlet.http.HttpServlet.service(HttpServlet.java:614) ~[jakarta.servlet-api-6.0.0.jar!/:6.0.0]
	at io.undertow.servlet.handlers.ServletHandler.handleRequest(ServletHandler.java:74) ~[undertow-servlet-2.3.18.Final.jar!/:2.3.18.Final]
	at io.undertow.servlet.handlers.FilterHandler$FilterChainImpl.doFilter(FilterHandler.java:129) ~[undertow-servlet-2.3.18.Final.jar!/:2.3.18.Final]
	at org.springframework.web.servlet.resource.ResourceUrlEncodingFilter.doFilter(ResourceUrlEncodingFilter.java:66) ~[spring-webmvc-6.2.5.jar!/:6.2.5]
	at io.undertow.servlet.core.ManagedFilter.doFilter(ManagedFilter.java:67) ~[undertow-servlet-2.3.18.Final.jar!/:2.3.18.Final]
	at io.undertow.servlet.handlers.FilterHandler$FilterChainImpl.doFilter(FilterHandler.java:131) ~[undertow-servlet-2.3.18.Final.jar!/:2.3.18.Final]
	at com.alibaba.druid.support.jakarta.WebStatFilter.doFilter(WebStatFilter.java:113) ~[druid-1.2.24.jar!/:na]
	at io.undertow.servlet.core.ManagedFilter.doFilter(ManagedFilter.java:67) ~[undertow-servlet-2.3.18.Final.jar!/:2.3.18.Final]
	at io.undertow.servlet.handlers.FilterHandler$FilterChainImpl.doFilter(FilterHandler.java:131) ~[undertow-servlet-2.3.18.Final.jar!/:2.3.18.Final]
	at com.luohuo.basic.xss.filter.XssFilter.doFilter(XssFilter.java:66) ~[luohuo-xss-starter-3.0.6.jar!/:3.0.6]
	at io.undertow.servlet.core.ManagedFilter.doFilter(ManagedFilter.java:67) ~[undertow-servlet-2.3.18.Final.jar!/:2.3.18.Final]
	at io.undertow.servlet.handlers.FilterHandler$FilterChainImpl.doFilter(FilterHandler.java:131) ~[undertow-servlet-2.3.18.Final.jar!/:2.3.18.Final]
	at cn.dev33.satoken.filter.SaFirewallCheckFilterForJakartaServlet.doFilter(SaFirewallCheckFilterForJakartaServlet.java:69) ~[sa-token-spring-boot3-starter-1.42.0.jar!/:na]
	at io.undertow.servlet.core.ManagedFilter.doFilter(ManagedFilter.java:67) ~[undertow-servlet-2.3.18.Final.jar!/:2.3.18.Final]
	at io.undertow.servlet.handlers.FilterHandler$FilterChainImpl.doFilter(FilterHandler.java:131) ~[undertow-servlet-2.3.18.Final.jar!/:2.3.18.Final]
	at cn.dev33.satoken.filter.SaTokenCorsFilterForJakartaServlet.doFilter(SaTokenCorsFilterForJakartaServlet.java:52) ~[sa-token-spring-boot3-starter-1.42.0.jar!/:na]
	at io.undertow.servlet.core.ManagedFilter.doFilter(ManagedFilter.java:67) ~[undertow-servlet-2.3.18.Final.jar!/:2.3.18.Final]
	at io.undertow.servlet.handlers.FilterHandler$FilterChainImpl.doFilter(FilterHandler.java:131) ~[undertow-servlet-2.3.18.Final.jar!/:2.3.18.Final]
	at cn.dev33.satoken.filter.SaTokenContextFilterForJakartaServlet.doFilter(SaTokenContextFilterForJakartaServlet.java:40) ~[sa-token-spring-boot3-starter-1.42.0.jar!/:na]
	at io.undertow.servlet.core.ManagedFilter.doFilter(ManagedFilter.java:67) ~[undertow-servlet-2.3.18.Final.jar!/:2.3.18.Final]
	at io.undertow.servlet.handlers.FilterHandler$FilterChainImpl.doFilter(FilterHandler.java:131) ~[undertow-servlet-2.3.18.Final.jar!/:2.3.18.Final]
	at com.luohuo.basic.tenant.core.web.TenantContextWebFilter.doFilterInternal(TenantContextWebFilter.java:29) ~[luohuo-tenant-3.0.6.jar!/:3.0.6]
	at org.springframework.web.filter.OncePerRequestFilter.doFilter(OncePerRequestFilter.java:116) ~[spring-web-6.2.5.jar!/:6.2.5]
	at io.undertow.servlet.core.ManagedFilter.doFilter(ManagedFilter.java:67) ~[undertow-servlet-2.3.18.Final.jar!/:2.3.18.Final]
	at io.undertow.servlet.handlers.FilterHandler$FilterChainImpl.doFilter(FilterHandler.java:131) ~[undertow-servlet-2.3.18.Final.jar!/:2.3.18.Final]
	at org.springframework.web.filter.RequestContextFilter.doFilterInternal(RequestContextFilter.java:100) ~[spring-web-6.2.5.jar!/:6.2.5]
	at org.springframework.web.filter.OncePerRequestFilter.doFilter(OncePerRequestFilter.java:116) ~[spring-web-6.2.5.jar!/:6.2.5]
	at io.undertow.servlet.core.ManagedFilter.doFilter(ManagedFilter.java:67) ~[undertow-servlet-2.3.18.Final.jar!/:2.3.18.Final]
	at io.undertow.servlet.handlers.FilterHandler$FilterChainImpl.doFilter(FilterHandler.java:131) ~[undertow-servlet-2.3.18.Final.jar!/:2.3.18.Final]
	at org.springframework.web.filter.FormContentFilter.doFilterInternal(FormContentFilter.java:93) ~[spring-web-6.2.5.jar!/:6.2.5]
	at org.springframework.web.filter.OncePerRequestFilter.doFilter(OncePerRequestFilter.java:116) ~[spring-web-6.2.5.jar!/:6.2.5]
	at io.undertow.servlet.core.ManagedFilter.doFilter(ManagedFilter.java:67) ~[undertow-servlet-2.3.18.Final.jar!/:2.3.18.Final]
	at io.undertow.servlet.handlers.FilterHandler$FilterChainImpl.doFilter(FilterHandler.java:131) ~[undertow-servlet-2.3.18.Final.jar!/:2.3.18.Final]
	at org.springframework.web.filter.ServerHttpObservationFilter.doFilterInternal(ServerHttpObservationFilter.java:114) ~[spring-web-6.2.5.jar!/:6.2.5]
	at org.springframework.web.filter.OncePerRequestFilter.doFilter(OncePerRequestFilter.java:116) ~[spring-web-6.2.5.jar!/:6.2.5]
	at io.undertow.servlet.core.ManagedFilter.doFilter(ManagedFilter.java:67) ~[undertow-servlet-2.3.18.Final.jar!/:2.3.18.Final]
	at io.undertow.servlet.handlers.FilterHandler$FilterChainImpl.doFilter(FilterHandler.java:131) ~[undertow-servlet-2.3.18.Final.jar!/:2.3.18.Final]
	at org.springframework.web.filter.CharacterEncodingFilter.doFilterInternal(CharacterEncodingFilter.java:201) ~[spring-web-6.2.5.jar!/:6.2.5]
	at org.springframework.web.filter.OncePerRequestFilter.doFilter(OncePerRequestFilter.java:116) ~[spring-web-6.2.5.jar!/:6.2.5]
	at io.undertow.servlet.core.ManagedFilter.doFilter(ManagedFilter.java:67) ~[undertow-servlet-2.3.18.Final.jar!/:2.3.18.Final]
	at io.undertow.servlet.handlers.FilterHandler$FilterChainImpl.doFilter(FilterHandler.java:131) ~[undertow-servlet-2.3.18.Final.jar!/:2.3.18.Final]
	at io.undertow.servlet.handlers.FilterHandler.handleRequest(FilterHandler.java:84) ~[undertow-servlet-2.3.18.Final.jar!/:2.3.18.Final]
	at io.undertow.servlet.handlers.security.ServletSecurityRoleHandler.handleRequest(ServletSecurityRoleHandler.java:62) ~[undertow-servlet-2.3.18.Final.jar!/:2.3.18.Final]
	at io.undertow.servlet.handlers.ServletChain$1.handleRequest(ServletChain.java:68) ~[undertow-servlet-2.3.18.Final.jar!/:2.3.18.Final]
	at io.undertow.servlet.handlers.ServletDispatchingHandler.handleRequest(ServletDispatchingHandler.java:36) ~[undertow-servlet-2.3.18.Final.jar!/:2.3.18.Final]
	at io.undertow.servlet.handlers.RedirectDirHandler.handleRequest(RedirectDirHandler.java:68) ~[undertow-servlet-2.3.18.Final.jar!/:2.3.18.Final]
	at io.undertow.servlet.handlers.security.SSLInformationAssociationHandler.handleRequest(SSLInformationAssociationHandler.java:117) ~[undertow-servlet-2.3.18.Final.jar!/:2.3.18.Final]
	at io.undertow.servlet.handlers.security.ServletAuthenticationCallHandler.handleRequest(ServletAuthenticationCallHandler.java:57) ~[undertow-servlet-2.3.18.Final.jar!/:2.3.18.Final]
	at io.undertow.server.handlers.PredicateHandler.handleRequest(PredicateHandler.java:43) ~[undertow-core-2.3.18.Final.jar!/:2.3.18.Final]
	at io.undertow.security.handlers.AbstractConfidentialityHandler.handleRequest(AbstractConfidentialityHandler.java:46) ~[undertow-core-2.3.18.Final.jar!/:2.3.18.Final]
	at io.undertow.servlet.handlers.security.ServletConfidentialityConstraintHandler.handleRequest(ServletConfidentialityConstraintHandler.java:64) ~[undertow-servlet-2.3.18.Final.jar!/:2.3.18.Final]
	at io.undertow.security.handlers.AuthenticationMechanismsHandler.handleRequest(AuthenticationMechanismsHandler.java:60) ~[undertow-core-2.3.18.Final.jar!/:2.3.18.Final]
	at io.undertow.servlet.handlers.security.CachedAuthenticatedSessionHandler.handleRequest(CachedAuthenticatedSessionHandler.java:77) ~[undertow-servlet-2.3.18.Final.jar!/:2.3.18.Final]
	at io.undertow.security.handlers.AbstractSecurityContextAssociationHandler.handleRequest(AbstractSecurityContextAssociationHandler.java:43) ~[undertow-core-2.3.18.Final.jar!/:2.3.18.Final]
	at io.undertow.server.handlers.PredicateHandler.handleRequest(PredicateHandler.java:43) ~[undertow-core-2.3.18.Final.jar!/:2.3.18.Final]
	at io.undertow.servlet.handlers.SendErrorPageHandler.handleRequest(SendErrorPageHandler.java:52) ~[undertow-servlet-2.3.18.Final.jar!/:2.3.18.Final]
	at io.undertow.server.handlers.PredicateHandler.handleRequest(PredicateHandler.java:43) ~[undertow-core-2.3.18.Final.jar!/:2.3.18.Final]
	at io.undertow.servlet.handlers.ServletInitialHandler.handleFirstRequest(ServletInitialHandler.java:276) ~[undertow-servlet-2.3.18.Final.jar!/:2.3.18.Final]
	at io.undertow.servlet.handlers.ServletInitialHandler$2.call(ServletInitialHandler.java:135) ~[undertow-servlet-2.3.18.Final.jar!/:2.3.18.Final]
	at io.undertow.servlet.handlers.ServletInitialHandler$2.call(ServletInitialHandler.java:132) ~[undertow-servlet-2.3.18.Final.jar!/:2.3.18.Final]
	at io.undertow.servlet.core.ServletRequestContextThreadSetupAction$1.call(ServletRequestContextThreadSetupAction.java:48) ~[undertow-servlet-2.3.18.Final.jar!/:2.3.18.Final]
	at io.undertow.servlet.core.ContextClassLoaderSetupAction$1.call(ContextClassLoaderSetupAction.java:43) ~[undertow-servlet-2.3.18.Final.jar!/:2.3.18.Final]
	at io.undertow.servlet.handlers.ServletInitialHandler.dispatchRequest(ServletInitialHandler.java:256) ~[undertow-servlet-2.3.18.Final.jar!/:2.3.18.Final]
	at io.undertow.servlet.handlers.ServletInitialHandler$1.handleRequest(ServletInitialHandler.java:101) ~[undertow-servlet-2.3.18.Final.jar!/:2.3.18.Final]
	at io.undertow.server.Connectors.executeRootHandler(Connectors.java:395) ~[undertow-core-2.3.18.Final.jar!/:2.3.18.Final]
	at io.undertow.server.HttpServerExchange$1.run(HttpServerExchange.java:861) ~[undertow-core-2.3.18.Final.jar!/:2.3.18.Final]
	at org.jboss.threads.ContextHandler$1.runWith(ContextHandler.java:18) ~[jboss-threads-3.5.0.Final.jar!/:3.5.0.Final]
	at org.jboss.threads.EnhancedQueueExecutor$Task.run(EnhancedQueueExecutor.java:2513) ~[jboss-threads-3.5.0.Final.jar!/:3.5.0.Final]
	at org.jboss.threads.EnhancedQueueExecutor$ThreadBody.run(EnhancedQueueExecutor.java:1538) ~[jboss-threads-3.5.0.Final.jar!/:3.5.0.Final]
	at org.xnio.XnioWorker$WorkerThreadFactory$1$1.run(XnioWorker.java:1282) ~[xnio-api-3.8.16.Final.jar!/:3.8.16.Final]
	at java.base/java.lang.Thread.run(Thread.java:1583) ~[na:na]

[luohuo-im-server:18778:] 2026-02-18 07:22:24.931[ WARN] 22065 [] [XNIO-2 task-2:141110] [c.l.b.boot.handler.AbstractGlobalExceptionHandler.bizException:66] BizException:

com.luohuo.basic.exception.BizException: AI_RATE_LIMITED:并发请求数超限
	at com.luohuo.flex.im.core.chat.service.ai.AiErrorCodeEnum.throwEx(AiErrorCodeEnum.java:42) ~[luohuo-im-biz-3.0.6.jar!/:3.0.6]
	at com.luohuo.flex.im.core.chat.service.ai.AiRateLimiterService.checkRequesterInflight(AiRateLimiterService.java:89) ~[luohuo-im-biz-3.0.6.jar!/:3.0.6]
	at com.luohuo.flex.im.core.chat.service.ai.AiRateLimiterService.checkRateLimit(AiRateLimiterService.java:42) ~[luohuo-im-biz-3.0.6.jar!/:3.0.6]
	at com.luohuo.flex.im.core.chat.service.ai.AiDispatchPrecheckService.preCheck(AiDispatchPrecheckService.java:79) ~[luohuo-im-biz-3.0.6.jar!/:3.0.6]
	at com.luohuo.flex.im.core.chat.service.impl.ChatServiceImpl.sendMsg(ChatServiceImpl.java:79) ~[luohuo-im-biz-3.0.6.jar!/:3.0.6]
	at java.base/jdk.internal.reflect.DirectMethodHandleAccessor.invoke(DirectMethodHandleAccessor.java:103) ~[na:na]
	at java.base/java.lang.reflect.Method.invoke(Method.java:580) ~[na:na]
	at org.springframework.aop.support.AopUtils.invokeJoinpointUsingReflection(AopUtils.java:359) ~[spring-aop-6.2.5.jar!/:6.2.5]
	at org.springframework.aop.framework.ReflectiveMethodInvocation.invokeJoinpoint(ReflectiveMethodInvocation.java:196) ~[spring-aop-6.2.5.jar!/:6.2.5]
	at org.springframework.aop.framework.ReflectiveMethodInvocation.proceed(ReflectiveMethodInvocation.java:163) ~[spring-aop-6.2.5.jar!/:6.2.5]
	at org.springframework.transaction.interceptor.TransactionAspectSupport.invokeWithinTransaction(TransactionAspectSupport.java:380) ~[spring-tx-6.2.5.jar!/:6.2.5]
	at org.springframework.transaction.interceptor.TransactionInterceptor.invoke(TransactionInterceptor.java:119) ~[spring-tx-6.2.5.jar!/:6.2.5]
	at org.springframework.aop.framework.ReflectiveMethodInvocation.proceed(ReflectiveMethodInvocation.java:184) ~[spring-aop-6.2.5.jar!/:6.2.5]
	at org.springframework.aop.interceptor.ExposeInvocationInterceptor.invoke(ExposeInvocationInterceptor.java:97) ~[spring-aop-6.2.5.jar!/:6.2.5]
	at org.springframework.aop.framework.ReflectiveMethodInvocation.proceed(ReflectiveMethodInvocation.java:184) ~[spring-aop-6.2.5.jar!/:6.2.5]
	at org.springframework.aop.framework.CglibAopProxy$DynamicAdvisedInterceptor.intercept(CglibAopProxy.java:727) ~[spring-aop-6.2.5.jar!/:6.2.5]
	at com.luohuo.flex.im.core.chat.service.impl.ChatServiceImpl$$SpringCGLIB$$0.sendMsg(<generated>) ~[luohuo-im-biz-3.0.6.jar!/:3.0.6]
	at com.luohuo.flex.im.controller.chat.ChatController.sendMsg(ChatController.java:78) ~[luohuo-im-controller-3.0.6.jar!/:3.0.6]
	at java.base/jdk.internal.reflect.DirectMethodHandleAccessor.invoke(DirectMethodHandleAccessor.java:103) ~[na:na]
	at java.base/java.lang.reflect.Method.invoke(Method.java:580) ~[na:na]
	at org.springframework.aop.support.AopUtils.invokeJoinpointUsingReflection(AopUtils.java:359) ~[spring-aop-6.2.5.jar!/:6.2.5]
	at org.springframework.aop.framework.ReflectiveMethodInvocation.invokeJoinpoint(ReflectiveMethodInvocation.java:196) ~[spring-aop-6.2.5.jar!/:6.2.5]
	at org.springframework.aop.framework.ReflectiveMethodInvocation.proceed(ReflectiveMethodInvocation.java:163) ~[spring-aop-6.2.5.jar!/:6.2.5]
	at org.springframework.aop.interceptor.ExposeInvocationInterceptor.invoke(ExposeInvocationInterceptor.java:97) ~[spring-aop-6.2.5.jar!/:6.2.5]
	at org.springframework.aop.framework.ReflectiveMethodInvocation.proceed(ReflectiveMethodInvocation.java:184) ~[spring-aop-6.2.5.jar!/:6.2.5]
	at org.springframework.aop.framework.CglibAopProxy$DynamicAdvisedInterceptor.intercept(CglibAopProxy.java:727) ~[spring-aop-6.2.5.jar!/:6.2.5]
	at com.luohuo.flex.im.controller.chat.ChatController$$SpringCGLIB$$0.sendMsg(<generated>) ~[luohuo-im-controller-3.0.6.jar!/:3.0.6]
	at java.base/jdk.internal.reflect.DirectMethodHandleAccessor.invoke(DirectMethodHandleAccessor.java:103) ~[na:na]
	at java.base/java.lang.reflect.Method.invoke(Method.java:580) ~[na:na]
	at org.springframework.web.method.support.InvocableHandlerMethod.doInvoke(InvocableHandlerMethod.java:258) ~[spring-web-6.2.5.jar!/:6.2.5]
	at org.springframework.web.method.support.InvocableHandlerMethod.invokeForRequest(InvocableHandlerMethod.java:191) ~[spring-web-6.2.5.jar!/:6.2.5]
	at org.springframework.web.servlet.mvc.method.annotation.ServletInvocableHandlerMethod.invokeAndHandle(ServletInvocableHandlerMethod.java:118) ~[spring-webmvc-6.2.5.jar!/:6.2.5]
	at org.springframework.web.servlet.mvc.method.annotation.RequestMappingHandlerAdapter.invokeHandlerMethod(RequestMappingHandlerAdapter.java:986) ~[spring-webmvc-6.2.5.jar!/:6.2.5]
	at org.springframework.web.servlet.mvc.method.annotation.RequestMappingHandlerAdapter.handleInternal(RequestMappingHandlerAdapter.java:891) ~[spring-webmvc-6.2.5.jar!/:6.2.5]
	at org.springframework.web.servlet.mvc.method.AbstractHandlerMethodAdapter.handle(AbstractHandlerMethodAdapter.java:87) ~[spring-webmvc-6.2.5.jar!/:6.2.5]
	at org.springframework.web.servlet.DispatcherServlet.doDispatch(DispatcherServlet.java:1089) ~[spring-webmvc-6.2.5.jar!/:6.2.5]
	at org.springframework.web.servlet.DispatcherServlet.doService(DispatcherServlet.java:979) ~[spring-webmvc-6.2.5.jar!/:6.2.5]
	at org.springframework.web.servlet.FrameworkServlet.processRequest(FrameworkServlet.java:1014) ~[spring-webmvc-6.2.5.jar!/:6.2.5]
	at org.springframework.web.servlet.FrameworkServlet.doPost(FrameworkServlet.java:914) ~[spring-webmvc-6.2.5.jar!/:6.2.5]
	at jakarta.servlet.http.HttpServlet.service(HttpServlet.java:547) ~[jakarta.servlet-api-6.0.0.jar!/:6.0.0]
	at org.springframework.web.servlet.FrameworkServlet.service(FrameworkServlet.java:885) ~[spring-webmvc-6.2.5.jar!/:6.2.5]
	at jakarta.servlet.http.HttpServlet.service(HttpServlet.java:614) ~[jakarta.servlet-api-6.0.0.jar!/:6.0.0]
	at io.undertow.servlet.handlers.ServletHandler.handleRequest(ServletHandler.java:74) ~[undertow-servlet-2.3.18.Final.jar!/:2.3.18.Final]
	at io.undertow.servlet.handlers.FilterHandler$FilterChainImpl.doFilter(FilterHandler.java:129) ~[undertow-servlet-2.3.18.Final.jar!/:2.3.18.Final]
	at org.springframework.web.servlet.resource.ResourceUrlEncodingFilter.doFilter(ResourceUrlEncodingFilter.java:66) ~[spring-webmvc-6.2.5.jar!/:6.2.5]
	at io.undertow.servlet.core.ManagedFilter.doFilter(ManagedFilter.java:67) ~[undertow-servlet-2.3.18.Final.jar!/:2.3.18.Final]
	at io.undertow.servlet.handlers.FilterHandler$FilterChainImpl.doFilter(FilterHandler.java:131) ~[undertow-servlet-2.3.18.Final.jar!/:2.3.18.Final]
	at com.alibaba.druid.support.jakarta.WebStatFilter.doFilter(WebStatFilter.java:113) ~[druid-1.2.24.jar!/:na]
	at io.undertow.servlet.core.ManagedFilter.doFilter(ManagedFilter.java:67) ~[undertow-servlet-2.3.18.Final.jar!/:2.3.18.Final]
	at io.undertow.servlet.handlers.FilterHandler$FilterChainImpl.doFilter(FilterHandler.java:131) ~[undertow-servlet-2.3.18.Final.jar!/:2.3.18.Final]
	at com.luohuo.basic.xss.filter.XssFilter.doFilter(XssFilter.java:66) ~[luohuo-xss-starter-3.0.6.jar!/:3.0.6]
	at io.undertow.servlet.core.ManagedFilter.doFilter(ManagedFilter.java:67) ~[undertow-servlet-2.3.18.Final.jar!/:2.3.18.Final]
	at io.undertow.servlet.handlers.FilterHandler$FilterChainImpl.doFilter(FilterHandler.java:131) ~[undertow-servlet-2.3.18.Final.jar!/:2.3.18.Final]
	at cn.dev33.satoken.filter.SaFirewallCheckFilterForJakartaServlet.doFilter(SaFirewallCheckFilterForJakartaServlet.java:69) ~[sa-token-spring-boot3-starter-1.42.0.jar!/:na]
	at io.undertow.servlet.core.ManagedFilter.doFilter(ManagedFilter.java:67) ~[undertow-servlet-2.3.18.Final.jar!/:2.3.18.Final]
	at io.undertow.servlet.handlers.FilterHandler$FilterChainImpl.doFilter(FilterHandler.java:131) ~[undertow-servlet-2.3.18.Final.jar!/:2.3.18.Final]
	at cn.dev33.satoken.filter.SaTokenCorsFilterForJakartaServlet.doFilter(SaTokenCorsFilterForJakartaServlet.java:52) ~[sa-token-spring-boot3-starter-1.42.0.jar!/:na]
	at io.undertow.servlet.core.ManagedFilter.doFilter(ManagedFilter.java:67) ~[undertow-servlet-2.3.18.Final.jar!/:2.3.18.Final]
	at io.undertow.servlet.handlers.FilterHandler$FilterChainImpl.doFilter(FilterHandler.java:131) ~[undertow-servlet-2.3.18.Final.jar!/:2.3.18.Final]
	at cn.dev33.satoken.filter.SaTokenContextFilterForJakartaServlet.doFilter(SaTokenContextFilterForJakartaServlet.java:40) ~[sa-token-spring-boot3-starter-1.42.0.jar!/:na]
	at io.undertow.servlet.core.ManagedFilter.doFilter(ManagedFilter.java:67) ~[undertow-servlet-2.3.18.Final.jar!/:2.3.18.Final]
	at io.undertow.servlet.handlers.FilterHandler$FilterChainImpl.doFilter(FilterHandler.java:131) ~[undertow-servlet-2.3.18.Final.jar!/:2.3.18.Final]
	at com.luohuo.basic.tenant.core.web.TenantContextWebFilter.doFilterInternal(TenantContextWebFilter.java:29) ~[luohuo-tenant-3.0.6.jar!/:3.0.6]
	at org.springframework.web.filter.OncePerRequestFilter.doFilter(OncePerRequestFilter.java:116) ~[spring-web-6.2.5.jar!/:6.2.5]
	at io.undertow.servlet.core.ManagedFilter.doFilter(ManagedFilter.java:67) ~[undertow-servlet-2.3.18.Final.jar!/:2.3.18.Final]
	at io.undertow.servlet.handlers.FilterHandler$FilterChainImpl.doFilter(FilterHandler.java:131) ~[undertow-servlet-2.3.18.Final.jar!/:2.3.18.Final]
	at org.springframework.web.filter.RequestContextFilter.doFilterInternal(RequestContextFilter.java:100) ~[spring-web-6.2.5.jar!/:6.2.5]
	at org.springframework.web.filter.OncePerRequestFilter.doFilter(OncePerRequestFilter.java:116) ~[spring-web-6.2.5.jar!/:6.2.5]
	at io.undertow.servlet.core.ManagedFilter.doFilter(ManagedFilter.java:67) ~[undertow-servlet-2.3.18.Final.jar!/:2.3.18.Final]
	at io.undertow.servlet.handlers.FilterHandler$FilterChainImpl.doFilter(FilterHandler.java:131) ~[undertow-servlet-2.3.18.Final.jar!/:2.3.18.Final]
	at org.springframework.web.filter.FormContentFilter.doFilterInternal(FormContentFilter.java:93) ~[spring-web-6.2.5.jar!/:6.2.5]
	at org.springframework.web.filter.OncePerRequestFilter.doFilter(OncePerRequestFilter.java:116) ~[spring-web-6.2.5.jar!/:6.2.5]
	at io.undertow.servlet.core.ManagedFilter.doFilter(ManagedFilter.java:67) ~[undertow-servlet-2.3.18.Final.jar!/:2.3.18.Final]
	at io.undertow.servlet.handlers.FilterHandler$FilterChainImpl.doFilter(FilterHandler.java:131) ~[undertow-servlet-2.3.18.Final.jar!/:2.3.18.Final]
	at org.springframework.web.filter.ServerHttpObservationFilter.doFilterInternal(ServerHttpObservationFilter.java:114) ~[spring-web-6.2.5.jar!/:6.2.5]
	at org.springframework.web.filter.OncePerRequestFilter.doFilter(OncePerRequestFilter.java:116) ~[spring-web-6.2.5.jar!/:6.2.5]
	at io.undertow.servlet.core.ManagedFilter.doFilter(ManagedFilter.java:67) ~[undertow-servlet-2.3.18.Final.jar!/:2.3.18.Final]
	at io.undertow.servlet.handlers.FilterHandler$FilterChainImpl.doFilter(FilterHandler.java:131) ~[undertow-servlet-2.3.18.Final.jar!/:2.3.18.Final]
	at org.springframework.web.filter.CharacterEncodingFilter.doFilterInternal(CharacterEncodingFilter.java:201) ~[spring-web-6.2.5.jar!/:6.2.5]
	at org.springframework.web.filter.OncePerRequestFilter.doFilter(OncePerRequestFilter.java:116) ~[spring-web-6.2.5.jar!/:6.2.5]
	at io.undertow.servlet.core.ManagedFilter.doFilter(ManagedFilter.java:67) ~[undertow-servlet-2.3.18.Final.jar!/:2.3.18.Final]
	at io.undertow.servlet.handlers.FilterHandler$FilterChainImpl.doFilter(FilterHandler.java:131) ~[undertow-servlet-2.3.18.Final.jar!/:2.3.18.Final]
	at io.undertow.servlet.handlers.FilterHandler.handleRequest(FilterHandler.java:84) ~[undertow-servlet-2.3.18.Final.jar!/:2.3.18.Final]
	at io.undertow.servlet.handlers.security.ServletSecurityRoleHandler.handleRequest(ServletSecurityRoleHandler.java:62) ~[undertow-servlet-2.3.18.Final.jar!/:2.3.18.Final]
	at io.undertow.servlet.handlers.ServletChain$1.handleRequest(ServletChain.java:68) ~[undertow-servlet-2.3.18.Final.jar!/:2.3.18.Final]
	at io.undertow.servlet.handlers.ServletDispatchingHandler.handleRequest(ServletDispatchingHandler.java:36) ~[undertow-servlet-2.3.18.Final.jar!/:2.3.18.Final]
	at io.undertow.servlet.handlers.RedirectDirHandler.handleRequest(RedirectDirHandler.java:68) ~[undertow-servlet-2.3.18.Final.jar!/:2.3.18.Final]
	at io.undertow.servlet.handlers.security.SSLInformationAssociationHandler.handleRequest(SSLInformationAssociationHandler.java:117) ~[undertow-servlet-2.3.18.Final.jar!/:2.3.18.Final]
	at io.undertow.servlet.handlers.security.ServletAuthenticationCallHandler.handleRequest(ServletAuthenticationCallHandler.java:57) ~[undertow-servlet-2.3.18.Final.jar!/:2.3.18.Final]
	at io.undertow.server.handlers.PredicateHandler.handleRequest(PredicateHandler.java:43) ~[undertow-core-2.3.18.Final.jar!/:2.3.18.Final]
	at io.undertow.security.handlers.AbstractConfidentialityHandler.handleRequest(AbstractConfidentialityHandler.java:46) ~[undertow-core-2.3.18.Final.jar!/:2.3.18.Final]
	at io.undertow.servlet.handlers.security.ServletConfidentialityConstraintHandler.handleRequest(ServletConfidentialityConstraintHandler.java:64) ~[undertow-servlet-2.3.18.Final.jar!/:2.3.18.Final]
	at io.undertow.security.handlers.AuthenticationMechanismsHandler.handleRequest(AuthenticationMechanismsHandler.java:60) ~[undertow-core-2.3.18.Final.jar!/:2.3.18.Final]
	at io.undertow.servlet.handlers.security.CachedAuthenticatedSessionHandler.handleRequest(CachedAuthenticatedSessionHandler.java:77) ~[undertow-servlet-2.3.18.Final.jar!/:2.3.18.Final]
	at io.undertow.security.handlers.AbstractSecurityContextAssociationHandler.handleRequest(AbstractSecurityContextAssociationHandler.java:43) ~[undertow-core-2.3.18.Final.jar!/:2.3.18.Final]
	at io.undertow.server.handlers.PredicateHandler.handleRequest(PredicateHandler.java:43) ~[undertow-core-2.3.18.Final.jar!/:2.3.18.Final]
	at io.undertow.servlet.handlers.SendErrorPageHandler.handleRequest(SendErrorPageHandler.java:52) ~[undertow-servlet-2.3.18.Final.jar!/:2.3.18.Final]
	at io.undertow.server.handlers.PredicateHandler.handleRequest(PredicateHandler.java:43) ~[undertow-core-2.3.18.Final.jar!/:2.3.18.Final]
	at io.undertow.servlet.handlers.ServletInitialHandler.handleFirstRequest(ServletInitialHandler.java:276) ~[undertow-servlet-2.3.18.Final.jar!/:2.3.18.Final]
	at io.undertow.servlet.handlers.ServletInitialHandler$2.call(ServletInitialHandler.java:135) ~[undertow-servlet-2.3.18.Final.jar!/:2.3.18.Final]
	at io.undertow.servlet.handlers.ServletInitialHandler$2.call(ServletInitialHandler.java:132) ~[undertow-servlet-2.3.18.Final.jar!/:2.3.18.Final]
	at io.undertow.servlet.core.ServletRequestContextThreadSetupAction$1.call(ServletRequestContextThreadSetupAction.java:48) ~[undertow-servlet-2.3.18.Final.jar!/:2.3.18.Final]
	at io.undertow.servlet.core.ContextClassLoaderSetupAction$1.call(ContextClassLoaderSetupAction.java:43) ~[undertow-servlet-2.3.18.Final.jar!/:2.3.18.Final]
	at io.undertow.servlet.handlers.ServletInitialHandler.dispatchRequest(ServletInitialHandler.java:256) ~[undertow-servlet-2.3.18.Final.jar!/:2.3.18.Final]
	at io.undertow.servlet.handlers.ServletInitialHandler$1.handleRequest(ServletInitialHandler.java:101) ~[undertow-servlet-2.3.18.Final.jar!/:2.3.18.Final]
	at io.undertow.server.Connectors.executeRootHandler(Connectors.java:395) ~[undertow-core-2.3.18.Final.jar!/:2.3.18.Final]
	at io.undertow.server.HttpServerExchange$1.run(HttpServerExchange.java:861) ~[undertow-core-2.3.18.Final.jar!/:2.3.18.Final]
	at org.jboss.threads.ContextHandler$1.runWith(ContextHandler.java:18) ~[jboss-threads-3.5.0.Final.jar!/:3.5.0.Final]
	at org.jboss.threads.EnhancedQueueExecutor$Task.run(EnhancedQueueExecutor.java:2513) ~[jboss-threads-3.5.0.Final.jar!/:3.5.0.Final]
	at org.jboss.threads.EnhancedQueueExecutor$ThreadBody.run(EnhancedQueueExecutor.java:1538) ~[jboss-threads-3.5.0.Final.jar!/:3.5.0.Final]
	at org.xnio.XnioWorker$WorkerThreadFactory$1$1.run(XnioWorker.java:1282) ~[xnio-api-3.8.16.Final.jar!/:3.8.16.Final]
	at java.base/java.lang.Thread.run(Thread.java:1583) ~[na:na]

[luohuo-im-server:18778:] 2026-02-18 07:22:33.486[ WARN] 22065 [] [XNIO-2 task-2:149665] [c.l.b.boot.handler.AbstractGlobalExceptionHandler.bizException:66] BizException:

com.luohuo.basic.exception.BizException: AI_RATE_LIMITED:并发请求数超限
	at com.luohuo.flex.im.core.chat.service.ai.AiErrorCodeEnum.throwEx(AiErrorCodeEnum.java:42) ~[luohuo-im-biz-3.0.6.jar!/:3.0.6]
	at com.luohuo.flex.im.core.chat.service.ai.AiRateLimiterService.checkRequesterInflight(AiRateLimiterService.java:89) ~[luohuo-im-biz-3.0.6.jar!/:3.0.6]
	at com.luohuo.flex.im.core.chat.service.ai.AiRateLimiterService.checkRateLimit(AiRateLimiterService.java:42) ~[luohuo-im-biz-3.0.6.jar!/:3.0.6]
	at com.luohuo.flex.im.core.chat.service.ai.AiDispatchPrecheckService.preCheck(AiDispatchPrecheckService.java:79) ~[luohuo-im-biz-3.0.6.jar!/:3.0.6]
	at com.luohuo.flex.im.core.chat.service.impl.ChatServiceImpl.sendMsg(ChatServiceImpl.java:79) ~[luohuo-im-biz-3.0.6.jar!/:3.0.6]
	at java.base/jdk.internal.reflect.DirectMethodHandleAccessor.invoke(DirectMethodHandleAccessor.java:103) ~[na:na]
	at java.base/java.lang.reflect.Method.invoke(Method.java:580) ~[na:na]
	at org.springframework.aop.support.AopUtils.invokeJoinpointUsingReflection(AopUtils.java:359) ~[spring-aop-6.2.5.jar!/:6.2.5]
	at org.springframework.aop.framework.ReflectiveMethodInvocation.invokeJoinpoint(ReflectiveMethodInvocation.java:196) ~[spring-aop-6.2.5.jar!/:6.2.5]
	at org.springframework.aop.framework.ReflectiveMethodInvocation.proceed(ReflectiveMethodInvocation.java:163) ~[spring-aop-6.2.5.jar!/:6.2.5]
	at org.springframework.transaction.interceptor.TransactionAspectSupport.invokeWithinTransaction(TransactionAspectSupport.java:380) ~[spring-tx-6.2.5.jar!/:6.2.5]
	at org.springframework.transaction.interceptor.TransactionInterceptor.invoke(TransactionInterceptor.java:119) ~[spring-tx-6.2.5.jar!/:6.2.5]
	at org.springframework.aop.framework.ReflectiveMethodInvocation.proceed(ReflectiveMethodInvocation.java:184) ~[spring-aop-6.2.5.jar!/:6.2.5]
	at org.springframework.aop.interceptor.ExposeInvocationInterceptor.invoke(ExposeInvocationInterceptor.java:97) ~[spring-aop-6.2.5.jar!/:6.2.5]
	at org.springframework.aop.framework.ReflectiveMethodInvocation.proceed(ReflectiveMethodInvocation.java:184) ~[spring-aop-6.2.5.jar!/:6.2.5]
	at org.springframework.aop.framework.CglibAopProxy$DynamicAdvisedInterceptor.intercept(CglibAopProxy.java:727) ~[spring-aop-6.2.5.jar!/:6.2.5]
	at com.luohuo.flex.im.core.chat.service.impl.ChatServiceImpl$$SpringCGLIB$$0.sendMsg(<generated>) ~[luohuo-im-biz-3.0.6.jar!/:3.0.6]
	at com.luohuo.flex.im.controller.chat.ChatController.sendMsg(ChatController.java:78) ~[luohuo-im-controller-3.0.6.jar!/:3.0.6]
	at java.base/jdk.internal.reflect.DirectMethodHandleAccessor.invoke(DirectMethodHandleAccessor.java:103) ~[na:na]
	at java.base/java.lang.reflect.Method.invoke(Method.java:580) ~[na:na]
	at org.springframework.aop.support.AopUtils.invokeJoinpointUsingReflection(AopUtils.java:359) ~[spring-aop-6.2.5.jar!/:6.2.5]
	at org.springframework.aop.framework.ReflectiveMethodInvocation.invokeJoinpoint(ReflectiveMethodInvocation.java:196) ~[spring-aop-6.2.5.jar!/:6.2.5]
	at org.springframework.aop.framework.ReflectiveMethodInvocation.proceed(ReflectiveMethodInvocation.java:163) ~[spring-aop-6.2.5.jar!/:6.2.5]
	at org.springframework.aop.interceptor.ExposeInvocationInterceptor.invoke(ExposeInvocationInterceptor.java:97) ~[spring-aop-6.2.5.jar!/:6.2.5]
	at org.springframework.aop.framework.ReflectiveMethodInvocation.proceed(ReflectiveMethodInvocation.java:184) ~[spring-aop-6.2.5.jar!/:6.2.5]
	at org.springframework.aop.framework.CglibAopProxy$DynamicAdvisedInterceptor.intercept(CglibAopProxy.java:727) ~[spring-aop-6.2.5.jar!/:6.2.5]
	at com.luohuo.flex.im.controller.chat.ChatController$$SpringCGLIB$$0.sendMsg(<generated>) ~[luohuo-im-controller-3.0.6.jar!/:3.0.6]
	at java.base/jdk.internal.reflect.DirectMethodHandleAccessor.invoke(DirectMethodHandleAccessor.java:103) ~[na:na]
	at java.base/java.lang.reflect.Method.invoke(Method.java:580) ~[na:na]
	at org.springframework.web.method.support.InvocableHandlerMethod.doInvoke(InvocableHandlerMethod.java:258) ~[spring-web-6.2.5.jar!/:6.2.5]
	at org.springframework.web.method.support.InvocableHandlerMethod.invokeForRequest(InvocableHandlerMethod.java:191) ~[spring-web-6.2.5.jar!/:6.2.5]
	at org.springframework.web.servlet.mvc.method.annotation.ServletInvocableHandlerMethod.invokeAndHandle(ServletInvocableHandlerMethod.java:118) ~[spring-webmvc-6.2.5.jar!/:6.2.5]
	at org.springframework.web.servlet.mvc.method.annotation.RequestMappingHandlerAdapter.invokeHandlerMethod(RequestMappingHandlerAdapter.java:986) ~[spring-webmvc-6.2.5.jar!/:6.2.5]
	at org.springframework.web.servlet.mvc.method.annotation.RequestMappingHandlerAdapter.handleInternal(RequestMappingHandlerAdapter.java:891) ~[spring-webmvc-6.2.5.jar!/:6.2.5]
	at org.springframework.web.servlet.mvc.method.AbstractHandlerMethodAdapter.handle(AbstractHandlerMethodAdapter.java:87) ~[spring-webmvc-6.2.5.jar!/:6.2.5]
	at org.springframework.web.servlet.DispatcherServlet.doDispatch(DispatcherServlet.java:1089) ~[spring-webmvc-6.2.5.jar!/:6.2.5]
	at org.springframework.web.servlet.DispatcherServlet.doService(DispatcherServlet.java:979) ~[spring-webmvc-6.2.5.jar!/:6.2.5]
	at org.springframework.web.servlet.FrameworkServlet.processRequest(FrameworkServlet.java:1014) ~[spring-webmvc-6.2.5.jar!/:6.2.5]
	at org.springframework.web.servlet.FrameworkServlet.doPost(FrameworkServlet.java:914) ~[spring-webmvc-6.2.5.jar!/:6.2.5]
	at jakarta.servlet.http.HttpServlet.service(HttpServlet.java:547) ~[jakarta.servlet-api-6.0.0.jar!/:6.0.0]
	at org.springframework.web.servlet.FrameworkServlet.service(FrameworkServlet.java:885) ~[spring-webmvc-6.2.5.jar!/:6.2.5]
	at jakarta.servlet.http.HttpServlet.service(HttpServlet.java:614) ~[jakarta.servlet-api-6.0.0.jar!/:6.0.0]
	at io.undertow.servlet.handlers.ServletHandler.handleRequest(ServletHandler.java:74) ~[undertow-servlet-2.3.18.Final.jar!/:2.3.18.Final]
	at io.undertow.servlet.handlers.FilterHandler$FilterChainImpl.doFilter(FilterHandler.java:129) ~[undertow-servlet-2.3.18.Final.jar!/:2.3.18.Final]
	at org.springframework.web.servlet.resource.ResourceUrlEncodingFilter.doFilter(ResourceUrlEncodingFilter.java:66) ~[spring-webmvc-6.2.5.jar!/:6.2.5]
	at io.undertow.servlet.core.ManagedFilter.doFilter(ManagedFilter.java:67) ~[undertow-servlet-2.3.18.Final.jar!/:2.3.18.Final]
	at io.undertow.servlet.handlers.FilterHandler$FilterChainImpl.doFilter(FilterHandler.java:131) ~[undertow-servlet-2.3.18.Final.jar!/:2.3.18.Final]
	at com.alibaba.druid.support.jakarta.WebStatFilter.doFilter(WebStatFilter.java:113) ~[druid-1.2.24.jar!/:na]
	at io.undertow.servlet.core.ManagedFilter.doFilter(ManagedFilter.java:67) ~[undertow-servlet-2.3.18.Final.jar!/:2.3.18.Final]
	at io.undertow.servlet.handlers.FilterHandler$FilterChainImpl.doFilter(FilterHandler.java:131) ~[undertow-servlet-2.3.18.Final.jar!/:2.3.18.Final]
	at com.luohuo.basic.xss.filter.XssFilter.doFilter(XssFilter.java:66) ~[luohuo-xss-starter-3.0.6.jar!/:3.0.6]
	at io.undertow.servlet.core.ManagedFilter.doFilter(ManagedFilter.java:67) ~[undertow-servlet-2.3.18.Final.jar!/:2.3.18.Final]
	at io.undertow.servlet.handlers.FilterHandler$FilterChainImpl.doFilter(FilterHandler.java:131) ~[undertow-servlet-2.3.18.Final.jar!/:2.3.18.Final]
	at cn.dev33.satoken.filter.SaFirewallCheckFilterForJakartaServlet.doFilter(SaFirewallCheckFilterForJakartaServlet.java:69) ~[sa-token-spring-boot3-starter-1.42.0.jar!/:na]
	at io.undertow.servlet.core.ManagedFilter.doFilter(ManagedFilter.java:67) ~[undertow-servlet-2.3.18.Final.jar!/:2.3.18.Final]
	at io.undertow.servlet.handlers.FilterHandler$FilterChainImpl.doFilter(FilterHandler.java:131) ~[undertow-servlet-2.3.18.Final.jar!/:2.3.18.Final]
	at cn.dev33.satoken.filter.SaTokenCorsFilterForJakartaServlet.doFilter(SaTokenCorsFilterForJakartaServlet.java:52) ~[sa-token-spring-boot3-starter-1.42.0.jar!/:na]
	at io.undertow.servlet.core.ManagedFilter.doFilter(ManagedFilter.java:67) ~[undertow-servlet-2.3.18.Final.jar!/:2.3.18.Final]
	at io.undertow.servlet.handlers.FilterHandler$FilterChainImpl.doFilter(FilterHandler.java:131) ~[undertow-servlet-2.3.18.Final.jar!/:2.3.18.Final]
	at cn.dev33.satoken.filter.SaTokenContextFilterForJakartaServlet.doFilter(SaTokenContextFilterForJakartaServlet.java:40) ~[sa-token-spring-boot3-starter-1.42.0.jar!/:na]
	at io.undertow.servlet.core.ManagedFilter.doFilter(ManagedFilter.java:67) ~[undertow-servlet-2.3.18.Final.jar!/:2.3.18.Final]
	at io.undertow.servlet.handlers.FilterHandler$FilterChainImpl.doFilter(FilterHandler.java:131) ~[undertow-servlet-2.3.18.Final.jar!/:2.3.18.Final]
	at com.luohuo.basic.tenant.core.web.TenantContextWebFilter.doFilterInternal(TenantContextWebFilter.java:29) ~[luohuo-tenant-3.0.6.jar!/:3.0.6]
	at org.springframework.web.filter.OncePerRequestFilter.doFilter(OncePerRequestFilter.java:116) ~[spring-web-6.2.5.jar!/:6.2.5]
	at io.undertow.servlet.core.ManagedFilter.doFilter(ManagedFilter.java:67) ~[undertow-servlet-2.3.18.Final.jar!/:2.3.18.Final]
	at io.undertow.servlet.handlers.FilterHandler$FilterChainImpl.doFilter(FilterHandler.java:131) ~[undertow-servlet-2.3.18.Final.jar!/:2.3.18.Final]
	at org.springframework.web.filter.RequestContextFilter.doFilterInternal(RequestContextFilter.java:100) ~[spring-web-6.2.5.jar!/:6.2.5]
	at org.springframework.web.filter.OncePerRequestFilter.doFilter(OncePerRequestFilter.java:116) ~[spring-web-6.2.5.jar!/:6.2.5]
	at io.undertow.servlet.core.ManagedFilter.doFilter(ManagedFilter.java:67) ~[undertow-servlet-2.3.18.Final.jar!/:2.3.18.Final]
	at io.undertow.servlet.handlers.FilterHandler$FilterChainImpl.doFilter(FilterHandler.java:131) ~[undertow-servlet-2.3.18.Final.jar!/:2.3.18.Final]
	at org.springframework.web.filter.FormContentFilter.doFilterInternal(FormContentFilter.java:93) ~[spring-web-6.2.5.jar!/:6.2.5]
	at org.springframework.web.filter.OncePerRequestFilter.doFilter(OncePerRequestFilter.java:116) ~[spring-web-6.2.5.jar!/:6.2.5]
	at io.undertow.servlet.core.ManagedFilter.doFilter(ManagedFilter.java:67) ~[undertow-servlet-2.3.18.Final.jar!/:2.3.18.Final]
	at io.undertow.servlet.handlers.FilterHandler$FilterChainImpl.doFilter(FilterHandler.java:131) ~[undertow-servlet-2.3.18.Final.jar!/:2.3.18.Final]
	at org.springframework.web.filter.ServerHttpObservationFilter.doFilterInternal(ServerHttpObservationFilter.java:114) ~[spring-web-6.2.5.jar!/:6.2.5]
	at org.springframework.web.filter.OncePerRequestFilter.doFilter(OncePerRequestFilter.java:116) ~[spring-web-6.2.5.jar!/:6.2.5]
	at io.undertow.servlet.core.ManagedFilter.doFilter(ManagedFilter.java:67) ~[undertow-servlet-2.3.18.Final.jar!/:2.3.18.Final]
	at io.undertow.servlet.handlers.FilterHandler$FilterChainImpl.doFilter(FilterHandler.java:131) ~[undertow-servlet-2.3.18.Final.jar!/:2.3.18.Final]
	at org.springframework.web.filter.CharacterEncodingFilter.doFilterInternal(CharacterEncodingFilter.java:201) ~[spring-web-6.2.5.jar!/:6.2.5]
	at org.springframework.web.filter.OncePerRequestFilter.doFilter(OncePerRequestFilter.java:116) ~[spring-web-6.2.5.jar!/:6.2.5]
	at io.undertow.servlet.core.ManagedFilter.doFilter(ManagedFilter.java:67) ~[undertow-servlet-2.3.18.Final.jar!/:2.3.18.Final]
	at io.undertow.servlet.handlers.FilterHandler$FilterChainImpl.doFilter(FilterHandler.java:131) ~[undertow-servlet-2.3.18.Final.jar!/:2.3.18.Final]
	at io.undertow.servlet.handlers.FilterHandler.handleRequest(FilterHandler.java:84) ~[undertow-servlet-2.3.18.Final.jar!/:2.3.18.Final]
	at io.undertow.servlet.handlers.security.ServletSecurityRoleHandler.handleRequest(ServletSecurityRoleHandler.java:62) ~[undertow-servlet-2.3.18.Final.jar!/:2.3.18.Final]
	at io.undertow.servlet.handlers.ServletChain$1.handleRequest(ServletChain.java:68) ~[undertow-servlet-2.3.18.Final.jar!/:2.3.18.Final]
	at io.undertow.servlet.handlers.ServletDispatchingHandler.handleRequest(ServletDispatchingHandler.java:36) ~[undertow-servlet-2.3.18.Final.jar!/:2.3.18.Final]
	at io.undertow.servlet.handlers.RedirectDirHandler.handleRequest(RedirectDirHandler.java:68) ~[undertow-servlet-2.3.18.Final.jar!/:2.3.18.Final]
	at io.undertow.servlet.handlers.security.SSLInformationAssociationHandler.handleRequest(SSLInformationAssociationHandler.java:117) ~[undertow-servlet-2.3.18.Final.jar!/:2.3.18.Final]
	at io.undertow.servlet.handlers.security.ServletAuthenticationCallHandler.handleRequest(ServletAuthenticationCallHandler.java:57) ~[undertow-servlet-2.3.18.Final.jar!/:2.3.18.Final]
	at io.undertow.server.handlers.PredicateHandler.handleRequest(PredicateHandler.java:43) ~[undertow-core-2.3.18.Final.jar!/:2.3.18.Final]
	at io.undertow.security.handlers.AbstractConfidentialityHandler.handleRequest(AbstractConfidentialityHandler.java:46) ~[undertow-core-2.3.18.Final.jar!/:2.3.18.Final]
	at io.undertow.servlet.handlers.security.ServletConfidentialityConstraintHandler.handleRequest(ServletConfidentialityConstraintHandler.java:64) ~[undertow-servlet-2.3.18.Final.jar!/:2.3.18.Final]
	at io.undertow.security.handlers.AuthenticationMechanismsHandler.handleRequest(AuthenticationMechanismsHandler.java:60) ~[undertow-core-2.3.18.Final.jar!/:2.3.18.Final]
	at io.undertow.servlet.handlers.security.CachedAuthenticatedSessionHandler.handleRequest(CachedAuthenticatedSessionHandler.java:77) ~[undertow-servlet-2.3.18.Final.jar!/:2.3.18.Final]
	at io.undertow.security.handlers.AbstractSecurityContextAssociationHandler.handleRequest(AbstractSecurityContextAssociationHandler.java:43) ~[undertow-core-2.3.18.Final.jar!/:2.3.18.Final]
	at io.undertow.server.handlers.PredicateHandler.handleRequest(PredicateHandler.java:43) ~[undertow-core-2.3.18.Final.jar!/:2.3.18.Final]
	at io.undertow.servlet.handlers.SendErrorPageHandler.handleRequest(SendErrorPageHandler.java:52) ~[undertow-servlet-2.3.18.Final.jar!/:2.3.18.Final]
	at io.undertow.server.handlers.PredicateHandler.handleRequest(PredicateHandler.java:43) ~[undertow-core-2.3.18.Final.jar!/:2.3.18.Final]
	at io.undertow.servlet.handlers.ServletInitialHandler.handleFirstRequest(ServletInitialHandler.java:276) ~[undertow-servlet-2.3.18.Final.jar!/:2.3.18.Final]
	at io.undertow.servlet.handlers.ServletInitialHandler$2.call(ServletInitialHandler.java:135) ~[undertow-servlet-2.3.18.Final.jar!/:2.3.18.Final]
	at io.undertow.servlet.handlers.ServletInitialHandler$2.call(ServletInitialHandler.java:132) ~[undertow-servlet-2.3.18.Final.jar!/:2.3.18.Final]
	at io.undertow.servlet.core.ServletRequestContextThreadSetupAction$1.call(ServletRequestContextThreadSetupAction.java:48) ~[undertow-servlet-2.3.18.Final.jar!/:2.3.18.Final]
	at io.undertow.servlet.core.ContextClassLoaderSetupAction$1.call(ContextClassLoaderSetupAction.java:43) ~[undertow-servlet-2.3.18.Final.jar!/:2.3.18.Final]
	at io.undertow.servlet.handlers.ServletInitialHandler.dispatchRequest(ServletInitialHandler.java:256) ~[undertow-servlet-2.3.18.Final.jar!/:2.3.18.Final]
	at io.undertow.servlet.handlers.ServletInitialHandler$1.handleRequest(ServletInitialHandler.java:101) ~[undertow-servlet-2.3.18.Final.jar!/:2.3.18.Final]
	at io.undertow.server.Connectors.executeRootHandler(Connectors.java:395) ~[undertow-core-2.3.18.Final.jar!/:2.3.18.Final]
	at io.undertow.server.HttpServerExchange$1.run(HttpServerExchange.java:861) ~[undertow-core-2.3.18.Final.jar!/:2.3.18.Final]
	at org.jboss.threads.ContextHandler$1.runWith(ContextHandler.java:18) ~[jboss-threads-3.5.0.Final.jar!/:3.5.0.Final]
	at org.jboss.threads.EnhancedQueueExecutor$Task.run(EnhancedQueueExecutor.java:2513) ~[jboss-threads-3.5.0.Final.jar!/:3.5.0.Final]
	at org.jboss.threads.EnhancedQueueExecutor$ThreadBody.run(EnhancedQueueExecutor.java:1538) ~[jboss-threads-3.5.0.Final.jar!/:3.5.0.Final]
	at org.xnio.XnioWorker$WorkerThreadFactory$1$1.run(XnioWorker.java:1282) ~[xnio-api-3.8.16.Final.jar!/:3.8.16.Final]
	at java.base/java.lang.Thread.run(Thread.java:1583) ~[na:na]

[luohuo-im-server:18778:] 2026-02-18 07:35:28.929[ WARN] 22065 [] [XNIO-2 task-2:925108] [c.l.b.boot.handler.AbstractGlobalExceptionHandler.otherExceptionHandler:266] Exception:

com.alibaba.fastjson.JSONException: syntax error, pos 1, line 1, column 2【改写后】请用英文回答并总结三点
	at com.alibaba.fastjson.parser.DefaultJSONParser.parse(DefaultJSONParser.java:1510) ~[fastjson-1.2.83.jar!/:na]
	at com.alibaba.fastjson.parser.deserializer.JavaObjectDeserializer.deserialze(JavaObjectDeserializer.java:46) ~[fastjson-1.2.83.jar!/:na]
	at com.alibaba.fastjson.parser.DefaultJSONParser.parseObject(DefaultJSONParser.java:705) ~[fastjson-1.2.83.jar!/:na]
	at com.alibaba.fastjson.JSON.parseObject(JSON.java:394) ~[fastjson-1.2.83.jar!/:na]
	at com.alibaba.fastjson.JSON.parseObject(JSON.java:357) ~[fastjson-1.2.83.jar!/:na]
	at com.luohuo.basic.cache.utils.FastJsonJsonRedisSerializer.deserialize(FastJsonJsonRedisSerializer.java:65) ~[luohuo-cache-starter-3.0.6.jar!/:3.0.6]
	at org.springframework.data.redis.core.AbstractOperations.deserializeValue(AbstractOperations.java:380) ~[spring-data-redis-3.4.2.jar!/:3.4.2]
	at org.springframework.data.redis.core.AbstractOperations$ValueDeserializingRedisCallback.doInRedis(AbstractOperations.java:63) ~[spring-data-redis-3.4.2.jar!/:3.4.2]
	at org.springframework.data.redis.core.RedisTemplate.execute(RedisTemplate.java:411) ~[spring-data-redis-3.4.2.jar!/:3.4.2]
	at org.springframework.data.redis.core.RedisTemplate.execute(RedisTemplate.java:378) ~[spring-data-redis-3.4.2.jar!/:3.4.2]
	at org.springframework.data.redis.core.AbstractOperations.execute(AbstractOperations.java:117) ~[spring-data-redis-3.4.2.jar!/:3.4.2]
	at org.springframework.data.redis.core.DefaultValueOperations.get(DefaultValueOperations.java:49) ~[spring-data-redis-3.4.2.jar!/:3.4.2]
	at com.luohuo.basic.cache.redis2.RedisOps.get(RedisOps.java:156) ~[luohuo-cache-starter-3.0.6.jar!/:3.0.6]
	at com.luohuo.basic.cache.repository.impl.RedisOpsImpl.get(RedisOpsImpl.java:86) ~[luohuo-cache-starter-3.0.6.jar!/:3.0.6]
	at com.luohuo.flex.im.core.chat.service.ai.approval.AiApprovalService.consumeRewriteText(AiApprovalService.java:228) ~[luohuo-im-biz-3.0.6.jar!/:3.0.6]
	at com.luohuo.flex.im.common.event.listener.MessageSendListener.routeToAiNode(MessageSendListener.java:104) ~[luohuo-im-biz-3.0.6.jar!/:3.0.6]
	at com.luohuo.flex.im.common.event.listener.MessageSendListener.messageRoute(MessageSendListener.java:65) ~[luohuo-im-biz-3.0.6.jar!/:3.0.6]
	at java.base/jdk.internal.reflect.DirectMethodHandleAccessor.invoke(DirectMethodHandleAccessor.java:103) ~[na:na]
	at java.base/java.lang.reflect.Method.invoke(Method.java:580) ~[na:na]
	at org.springframework.context.event.ApplicationListenerMethodAdapter.doInvoke(ApplicationListenerMethodAdapter.java:382) ~[spring-context-6.2.5.jar!/:6.2.5]
	at org.springframework.context.event.ApplicationListenerMethodAdapter.processEvent(ApplicationListenerMethodAdapter.java:254) ~[spring-context-6.2.5.jar!/:6.2.5]
	at org.springframework.transaction.event.TransactionalApplicationListenerSynchronization.processEventWithCallbacks(TransactionalApplicationListenerSynchronization.java:65) ~[spring-tx-6.2.5.jar!/:6.2.5]
	at org.springframework.transaction.event.TransactionalApplicationListenerSynchronization$PlatformSynchronization.beforeCommit(TransactionalApplicationListenerSynchronization.java:110) ~[spring-tx-6.2.5.jar!/:6.2.5]
	at org.springframework.transaction.support.TransactionSynchronizationUtils.triggerBeforeCommit(TransactionSynchronizationUtils.java:127) ~[spring-tx-6.2.5.jar!/:6.2.5]
	at org.springframework.transaction.support.AbstractPlatformTransactionManager.triggerBeforeCommit(AbstractPlatformTransactionManager.java:986) ~[spring-tx-6.2.5.jar!/:6.2.5]
	at org.springframework.transaction.support.AbstractPlatformTransactionManager.processCommit(AbstractPlatformTransactionManager.java:775) ~[spring-tx-6.2.5.jar!/:6.2.5]
	at org.springframework.transaction.support.AbstractPlatformTransactionManager.commit(AbstractPlatformTransactionManager.java:758) ~[spring-tx-6.2.5.jar!/:6.2.5]
	at org.springframework.transaction.interceptor.TransactionAspectSupport.commitTransactionAfterReturning(TransactionAspectSupport.java:698) ~[spring-tx-6.2.5.jar!/:6.2.5]
	at org.springframework.transaction.interceptor.TransactionAspectSupport.invokeWithinTransaction(TransactionAspectSupport.java:416) ~[spring-tx-6.2.5.jar!/:6.2.5]
	at org.springframework.transaction.interceptor.TransactionInterceptor.invoke(TransactionInterceptor.java:119) ~[spring-tx-6.2.5.jar!/:6.2.5]
	at org.springframework.aop.framework.ReflectiveMethodInvocation.proceed(ReflectiveMethodInvocation.java:184) ~[spring-aop-6.2.5.jar!/:6.2.5]
	at org.springframework.aop.interceptor.ExposeInvocationInterceptor.invoke(ExposeInvocationInterceptor.java:97) ~[spring-aop-6.2.5.jar!/:6.2.5]
	at org.springframework.aop.framework.ReflectiveMethodInvocation.proceed(ReflectiveMethodInvocation.java:184) ~[spring-aop-6.2.5.jar!/:6.2.5]
	at org.springframework.aop.framework.CglibAopProxy$DynamicAdvisedInterceptor.intercept(CglibAopProxy.java:727) ~[spring-aop-6.2.5.jar!/:6.2.5]
	at com.luohuo.flex.im.core.chat.service.impl.ChatServiceImpl$$SpringCGLIB$$0.sendMsg(<generated>) ~[luohuo-im-biz-3.0.6.jar!/:3.0.6]
	at com.luohuo.flex.im.controller.chat.ChatController.sendMsg(ChatController.java:78) ~[luohuo-im-controller-3.0.6.jar!/:3.0.6]
	at java.base/jdk.internal.reflect.DirectMethodHandleAccessor.invoke(DirectMethodHandleAccessor.java:103) ~[na:na]
	at java.base/java.lang.reflect.Method.invoke(Method.java:580) ~[na:na]
	at org.springframework.aop.support.AopUtils.invokeJoinpointUsingReflection(AopUtils.java:359) ~[spring-aop-6.2.5.jar!/:6.2.5]
	at org.springframework.aop.framework.ReflectiveMethodInvocation.invokeJoinpoint(ReflectiveMethodInvocation.java:196) ~[spring-aop-6.2.5.jar!/:6.2.5]
	at org.springframework.aop.framework.ReflectiveMethodInvocation.proceed(ReflectiveMethodInvocation.java:163) ~[spring-aop-6.2.5.jar!/:6.2.5]
	at org.springframework.aop.interceptor.ExposeInvocationInterceptor.invoke(ExposeInvocationInterceptor.java:97) ~[spring-aop-6.2.5.jar!/:6.2.5]
	at org.springframework.aop.framework.ReflectiveMethodInvocation.proceed(ReflectiveMethodInvocation.java:184) ~[spring-aop-6.2.5.jar!/:6.2.5]
	at org.springframework.aop.framework.CglibAopProxy$DynamicAdvisedInterceptor.intercept(CglibAopProxy.java:727) ~[spring-aop-6.2.5.jar!/:6.2.5]
	at com.luohuo.flex.im.controller.chat.ChatController$$SpringCGLIB$$0.sendMsg(<generated>) ~[luohuo-im-controller-3.0.6.jar!/:3.0.6]
	at java.base/jdk.internal.reflect.DirectMethodHandleAccessor.invoke(DirectMethodHandleAccessor.java:103) ~[na:na]
	at java.base/java.lang.reflect.Method.invoke(Method.java:580) ~[na:na]
	at org.springframework.web.method.support.InvocableHandlerMethod.doInvoke(InvocableHandlerMethod.java:258) ~[spring-web-6.2.5.jar!/:6.2.5]
	at org.springframework.web.method.support.InvocableHandlerMethod.invokeForRequest(InvocableHandlerMethod.java:191) ~[spring-web-6.2.5.jar!/:6.2.5]
	at org.springframework.web.servlet.mvc.method.annotation.ServletInvocableHandlerMethod.invokeAndHandle(ServletInvocableHandlerMethod.java:118) ~[spring-webmvc-6.2.5.jar!/:6.2.5]
	at org.springframework.web.servlet.mvc.method.annotation.RequestMappingHandlerAdapter.invokeHandlerMethod(RequestMappingHandlerAdapter.java:986) ~[spring-webmvc-6.2.5.jar!/:6.2.5]
	at org.springframework.web.servlet.mvc.method.annotation.RequestMappingHandlerAdapter.handleInternal(RequestMappingHandlerAdapter.java:891) ~[spring-webmvc-6.2.5.jar!/:6.2.5]
	at org.springframework.web.servlet.mvc.method.AbstractHandlerMethodAdapter.handle(AbstractHandlerMethodAdapter.java:87) ~[spring-webmvc-6.2.5.jar!/:6.2.5]
	at org.springframework.web.servlet.DispatcherServlet.doDispatch(DispatcherServlet.java:1089) ~[spring-webmvc-6.2.5.jar!/:6.2.5]
	at org.springframework.web.servlet.DispatcherServlet.doService(DispatcherServlet.java:979) ~[spring-webmvc-6.2.5.jar!/:6.2.5]
	at org.springframework.web.servlet.FrameworkServlet.processRequest(FrameworkServlet.java:1014) ~[spring-webmvc-6.2.5.jar!/:6.2.5]
	at org.springframework.web.servlet.FrameworkServlet.doPost(FrameworkServlet.java:914) ~[spring-webmvc-6.2.5.jar!/:6.2.5]
	at jakarta.servlet.http.HttpServlet.service(HttpServlet.java:547) ~[jakarta.servlet-api-6.0.0.jar!/:6.0.0]
	at org.springframework.web.servlet.FrameworkServlet.service(FrameworkServlet.java:885) ~[spring-webmvc-6.2.5.jar!/:6.2.5]
	at jakarta.servlet.http.HttpServlet.service(HttpServlet.java:614) ~[jakarta.servlet-api-6.0.0.jar!/:6.0.0]
	at io.undertow.servlet.handlers.ServletHandler.handleRequest(ServletHandler.java:74) ~[undertow-servlet-2.3.18.Final.jar!/:2.3.18.Final]
	at io.undertow.servlet.handlers.FilterHandler$FilterChainImpl.doFilter(FilterHandler.java:129) ~[undertow-servlet-2.3.18.Final.jar!/:2.3.18.Final]
	at org.springframework.web.servlet.resource.ResourceUrlEncodingFilter.doFilter(ResourceUrlEncodingFilter.java:66) ~[spring-webmvc-6.2.5.jar!/:6.2.5]
	at io.undertow.servlet.core.ManagedFilter.doFilter(ManagedFilter.java:67) ~[undertow-servlet-2.3.18.Final.jar!/:2.3.18.Final]
	at io.undertow.servlet.handlers.FilterHandler$FilterChainImpl.doFilter(FilterHandler.java:131) ~[undertow-servlet-2.3.18.Final.jar!/:2.3.18.Final]
	at com.alibaba.druid.support.jakarta.WebStatFilter.doFilter(WebStatFilter.java:113) ~[druid-1.2.24.jar!/:na]
	at io.undertow.servlet.core.ManagedFilter.doFilter(ManagedFilter.java:67) ~[undertow-servlet-2.3.18.Final.jar!/:2.3.18.Final]
	at io.undertow.servlet.handlers.FilterHandler$FilterChainImpl.doFilter(FilterHandler.java:131) ~[undertow-servlet-2.3.18.Final.jar!/:2.3.18.Final]
	at com.luohuo.basic.xss.filter.XssFilter.doFilter(XssFilter.java:66) ~[luohuo-xss-starter-3.0.6.jar!/:3.0.6]
	at io.undertow.servlet.core.ManagedFilter.doFilter(ManagedFilter.java:67) ~[undertow-servlet-2.3.18.Final.jar!/:2.3.18.Final]
	at io.undertow.servlet.handlers.FilterHandler$FilterChainImpl.doFilter(FilterHandler.java:131) ~[undertow-servlet-2.3.18.Final.jar!/:2.3.18.Final]
	at cn.dev33.satoken.filter.SaFirewallCheckFilterForJakartaServlet.doFilter(SaFirewallCheckFilterForJakartaServlet.java:69) ~[sa-token-spring-boot3-starter-1.42.0.jar!/:na]
	at io.undertow.servlet.core.ManagedFilter.doFilter(ManagedFilter.java:67) ~[undertow-servlet-2.3.18.Final.jar!/:2.3.18.Final]
	at io.undertow.servlet.handlers.FilterHandler$FilterChainImpl.doFilter(FilterHandler.java:131) ~[undertow-servlet-2.3.18.Final.jar!/:2.3.18.Final]
	at cn.dev33.satoken.filter.SaTokenCorsFilterForJakartaServlet.doFilter(SaTokenCorsFilterForJakartaServlet.java:52) ~[sa-token-spring-boot3-starter-1.42.0.jar!/:na]
	at io.undertow.servlet.core.ManagedFilter.doFilter(ManagedFilter.java:67) ~[undertow-servlet-2.3.18.Final.jar!/:2.3.18.Final]
	at io.undertow.servlet.handlers.FilterHandler$FilterChainImpl.doFilter(FilterHandler.java:131) ~[undertow-servlet-2.3.18.Final.jar!/:2.3.18.Final]
	at cn.dev33.satoken.filter.SaTokenContextFilterForJakartaServlet.doFilter(SaTokenContextFilterForJakartaServlet.java:40) ~[sa-token-spring-boot3-starter-1.42.0.jar!/:na]
	at io.undertow.servlet.core.ManagedFilter.doFilter(ManagedFilter.java:67) ~[undertow-servlet-2.3.18.Final.jar!/:2.3.18.Final]
	at io.undertow.servlet.handlers.FilterHandler$FilterChainImpl.doFilter(FilterHandler.java:131) ~[undertow-servlet-2.3.18.Final.jar!/:2.3.18.Final]
	at com.luohuo.basic.tenant.core.web.TenantContextWebFilter.doFilterInternal(TenantContextWebFilter.java:29) ~[luohuo-tenant-3.0.6.jar!/:3.0.6]
	at org.springframework.web.filter.OncePerRequestFilter.doFilter(OncePerRequestFilter.java:116) ~[spring-web-6.2.5.jar!/:6.2.5]
	at io.undertow.servlet.core.ManagedFilter.doFilter(ManagedFilter.java:67) ~[undertow-servlet-2.3.18.Final.jar!/:2.3.18.Final]
	at io.undertow.servlet.handlers.FilterHandler$FilterChainImpl.doFilter(FilterHandler.java:131) ~[undertow-servlet-2.3.18.Final.jar!/:2.3.18.Final]
	at org.springframework.web.filter.RequestContextFilter.doFilterInternal(RequestContextFilter.java:100) ~[spring-web-6.2.5.jar!/:6.2.5]
	at org.springframework.web.filter.OncePerRequestFilter.doFilter(OncePerRequestFilter.java:116) ~[spring-web-6.2.5.jar!/:6.2.5]
	at io.undertow.servlet.core.ManagedFilter.doFilter(ManagedFilter.java:67) ~[undertow-servlet-2.3.18.Final.jar!/:2.3.18.Final]
	at io.undertow.servlet.handlers.FilterHandler$FilterChainImpl.doFilter(FilterHandler.java:131) ~[undertow-servlet-2.3.18.Final.jar!/:2.3.18.Final]
	at org.springframework.web.filter.FormContentFilter.doFilterInternal(FormContentFilter.java:93) ~[spring-web-6.2.5.jar!/:6.2.5]
	at org.springframework.web.filter.OncePerRequestFilter.doFilter(OncePerRequestFilter.java:116) ~[spring-web-6.2.5.jar!/:6.2.5]
	at io.undertow.servlet.core.ManagedFilter.doFilter(ManagedFilter.java:67) ~[undertow-servlet-2.3.18.Final.jar!/:2.3.18.Final]
	at io.undertow.servlet.handlers.FilterHandler$FilterChainImpl.doFilter(FilterHandler.java:131) ~[undertow-servlet-2.3.18.Final.jar!/:2.3.18.Final]
	at org.springframework.web.filter.ServerHttpObservationFilter.doFilterInternal(ServerHttpObservationFilter.java:114) ~[spring-web-6.2.5.jar!/:6.2.5]
	at org.springframework.web.filter.OncePerRequestFilter.doFilter(OncePerRequestFilter.java:116) ~[spring-web-6.2.5.jar!/:6.2.5]
	at io.undertow.servlet.core.ManagedFilter.doFilter(ManagedFilter.java:67) ~[undertow-servlet-2.3.18.Final.jar!/:2.3.18.Final]
	at io.undertow.servlet.handlers.FilterHandler$FilterChainImpl.doFilter(FilterHandler.java:131) ~[undertow-servlet-2.3.18.Final.jar!/:2.3.18.Final]
	at org.springframework.web.filter.CharacterEncodingFilter.doFilterInternal(CharacterEncodingFilter.java:201) ~[spring-web-6.2.5.jar!/:6.2.5]
	at org.springframework.web.filter.OncePerRequestFilter.doFilter(OncePerRequestFilter.java:116) ~[spring-web-6.2.5.jar!/:6.2.5]
	at io.undertow.servlet.core.ManagedFilter.doFilter(ManagedFilter.java:67) ~[undertow-servlet-2.3.18.Final.jar!/:2.3.18.Final]
	at io.undertow.servlet.handlers.FilterHandler$FilterChainImpl.doFilter(FilterHandler.java:131) ~[undertow-servlet-2.3.18.Final.jar!/:2.3.18.Final]
	at io.undertow.servlet.handlers.FilterHandler.handleRequest(FilterHandler.java:84) ~[undertow-servlet-2.3.18.Final.jar!/:2.3.18.Final]
	at io.undertow.servlet.handlers.security.ServletSecurityRoleHandler.handleRequest(ServletSecurityRoleHandler.java:62) ~[undertow-servlet-2.3.18.Final.jar!/:2.3.18.Final]
	at io.undertow.servlet.handlers.ServletChain$1.handleRequest(ServletChain.java:68) ~[undertow-servlet-2.3.18.Final.jar!/:2.3.18.Final]
	at io.undertow.servlet.handlers.ServletDispatchingHandler.handleRequest(ServletDispatchingHandler.java:36) ~[undertow-servlet-2.3.18.Final.jar!/:2.3.18.Final]
	at io.undertow.servlet.handlers.RedirectDirHandler.handleRequest(RedirectDirHandler.java:68) ~[undertow-servlet-2.3.18.Final.jar!/:2.3.18.Final]
	at io.undertow.servlet.handlers.security.SSLInformationAssociationHandler.handleRequest(SSLInformationAssociationHandler.java:117) ~[undertow-servlet-2.3.18.Final.jar!/:2.3.18.Final]
	at io.undertow.servlet.handlers.security.ServletAuthenticationCallHandler.handleRequest(ServletAuthenticationCallHandler.java:57) ~[undertow-servlet-2.3.18.Final.jar!/:2.3.18.Final]
	at io.undertow.server.handlers.PredicateHandler.handleRequest(PredicateHandler.java:43) ~[undertow-core-2.3.18.Final.jar!/:2.3.18.Final]
	at io.undertow.security.handlers.AbstractConfidentialityHandler.handleRequest(AbstractConfidentialityHandler.java:46) ~[undertow-core-2.3.18.Final.jar!/:2.3.18.Final]
	at io.undertow.servlet.handlers.security.ServletConfidentialityConstraintHandler.handleRequest(ServletConfidentialityConstraintHandler.java:64) ~[undertow-servlet-2.3.18.Final.jar!/:2.3.18.Final]
	at io.undertow.security.handlers.AuthenticationMechanismsHandler.handleRequest(AuthenticationMechanismsHandler.java:60) ~[undertow-core-2.3.18.Final.jar!/:2.3.18.Final]
	at io.undertow.servlet.handlers.security.CachedAuthenticatedSessionHandler.handleRequest(CachedAuthenticatedSessionHandler.java:77) ~[undertow-servlet-2.3.18.Final.jar!/:2.3.18.Final]
	at io.undertow.security.handlers.AbstractSecurityContextAssociationHandler.handleRequest(AbstractSecurityContextAssociationHandler.java:43) ~[undertow-core-2.3.18.Final.jar!/:2.3.18.Final]
	at io.undertow.server.handlers.PredicateHandler.handleRequest(PredicateHandler.java:43) ~[undertow-core-2.3.18.Final.jar!/:2.3.18.Final]
	at io.undertow.servlet.handlers.SendErrorPageHandler.handleRequest(SendErrorPageHandler.java:52) ~[undertow-servlet-2.3.18.Final.jar!/:2.3.18.Final]
	at io.undertow.server.handlers.PredicateHandler.handleRequest(PredicateHandler.java:43) ~[undertow-core-2.3.18.Final.jar!/:2.3.18.Final]
	at io.undertow.servlet.handlers.ServletInitialHandler.handleFirstRequest(ServletInitialHandler.java:276) ~[undertow-servlet-2.3.18.Final.jar!/:2.3.18.Final]
	at io.undertow.servlet.handlers.ServletInitialHandler$2.call(ServletInitialHandler.java:135) ~[undertow-servlet-2.3.18.Final.jar!/:2.3.18.Final]
	at io.undertow.servlet.handlers.ServletInitialHandler$2.call(ServletInitialHandler.java:132) ~[undertow-servlet-2.3.18.Final.jar!/:2.3.18.Final]
	at io.undertow.servlet.core.ServletRequestContextThreadSetupAction$1.call(ServletRequestContextThreadSetupAction.java:48) ~[undertow-servlet-2.3.18.Final.jar!/:2.3.18.Final]
	at io.undertow.servlet.core.ContextClassLoaderSetupAction$1.call(ContextClassLoaderSetupAction.java:43) ~[undertow-servlet-2.3.18.Final.jar!/:2.3.18.Final]
	at io.undertow.servlet.handlers.ServletInitialHandler.dispatchRequest(ServletInitialHandler.java:256) ~[undertow-servlet-2.3.18.Final.jar!/:2.3.18.Final]
	at io.undertow.servlet.handlers.ServletInitialHandler$1.handleRequest(ServletInitialHandler.java:101) ~[undertow-servlet-2.3.18.Final.jar!/:2.3.18.Final]
	at io.undertow.server.Connectors.executeRootHandler(Connectors.java:395) ~[undertow-core-2.3.18.Final.jar!/:2.3.18.Final]
	at io.undertow.server.HttpServerExchange$1.run(HttpServerExchange.java:861) ~[undertow-core-2.3.18.Final.jar!/:2.3.18.Final]
	at org.jboss.threads.ContextHandler$1.runWith(ContextHandler.java:18) ~[jboss-threads-3.5.0.Final.jar!/:3.5.0.Final]
	at org.jboss.threads.EnhancedQueueExecutor$Task.run(EnhancedQueueExecutor.java:2513) ~[jboss-threads-3.5.0.Final.jar!/:3.5.0.Final]
	at org.jboss.threads.EnhancedQueueExecutor$ThreadBody.run(EnhancedQueueExecutor.java:1538) ~[jboss-threads-3.5.0.Final.jar!/:3.5.0.Final]
	at org.xnio.XnioWorker$WorkerThreadFactory$1$1.run(XnioWorker.java:1282) ~[xnio-api-3.8.16.Final.jar!/:3.8.16.Final]
	at java.base/java.lang.Thread.run(Thread.java:1583) ~[na:na]

[luohuo-im-server:18778:] 2026-02-18 09:57:08.654[ WARN] 47122 [] [XNIO-2 task-2:5230875] [c.l.b.boot.handler.AbstractGlobalExceptionHandler.bizException:66] BizException:

com.luohuo.basic.exception.BizException: AI_APPROVAL_REQUIRED:apr_5b0e283468034b12bd006cbc5ec5247b
	at com.luohuo.basic.exception.BizException.wrap(BizException.java:54) ~[luohuo-core-3.0.6.jar!/:3.0.6]
	at com.luohuo.flex.im.core.chat.service.ai.approval.AiApprovalService.ensureAccess(AiApprovalService.java:96) ~[luohuo-im-biz-3.0.6.jar!/:3.0.6]
	at com.luohuo.flex.im.core.chat.service.ai.AiDispatchPrecheckService.preCheck(AiDispatchPrecheckService.java:76) ~[luohuo-im-biz-3.0.6.jar!/:3.0.6]
	at com.luohuo.flex.im.core.chat.service.impl.ChatServiceImpl.sendMsg(ChatServiceImpl.java:79) ~[luohuo-im-biz-3.0.6.jar!/:3.0.6]
	at java.base/jdk.internal.reflect.DirectMethodHandleAccessor.invoke(DirectMethodHandleAccessor.java:103) ~[na:na]
	at java.base/java.lang.reflect.Method.invoke(Method.java:580) ~[na:na]
	at org.springframework.aop.support.AopUtils.invokeJoinpointUsingReflection(AopUtils.java:359) ~[spring-aop-6.2.5.jar!/:6.2.5]
	at org.springframework.aop.framework.ReflectiveMethodInvocation.invokeJoinpoint(ReflectiveMethodInvocation.java:196) ~[spring-aop-6.2.5.jar!/:6.2.5]
	at org.springframework.aop.framework.ReflectiveMethodInvocation.proceed(ReflectiveMethodInvocation.java:163) ~[spring-aop-6.2.5.jar!/:6.2.5]
	at org.springframework.transaction.interceptor.TransactionAspectSupport.invokeWithinTransaction(TransactionAspectSupport.java:380) ~[spring-tx-6.2.5.jar!/:6.2.5]
	at org.springframework.transaction.interceptor.TransactionInterceptor.invoke(TransactionInterceptor.java:119) ~[spring-tx-6.2.5.jar!/:6.2.5]
	at org.springframework.aop.framework.ReflectiveMethodInvocation.proceed(ReflectiveMethodInvocation.java:184) ~[spring-aop-6.2.5.jar!/:6.2.5]
	at org.springframework.aop.interceptor.ExposeInvocationInterceptor.invoke(ExposeInvocationInterceptor.java:97) ~[spring-aop-6.2.5.jar!/:6.2.5]
	at org.springframework.aop.framework.ReflectiveMethodInvocation.proceed(ReflectiveMethodInvocation.java:184) ~[spring-aop-6.2.5.jar!/:6.2.5]
	at org.springframework.aop.framework.CglibAopProxy$DynamicAdvisedInterceptor.intercept(CglibAopProxy.java:727) ~[spring-aop-6.2.5.jar!/:6.2.5]
	at com.luohuo.flex.im.core.chat.service.impl.ChatServiceImpl$$SpringCGLIB$$0.sendMsg(<generated>) ~[luohuo-im-biz-3.0.6.jar!/:3.0.6]
	at com.luohuo.flex.im.controller.chat.ChatController.sendMsg(ChatController.java:78) ~[luohuo-im-controller-3.0.6.jar!/:3.0.6]
	at java.base/jdk.internal.reflect.DirectMethodHandleAccessor.invoke(DirectMethodHandleAccessor.java:103) ~[na:na]
	at java.base/java.lang.reflect.Method.invoke(Method.java:580) ~[na:na]
	at org.springframework.aop.support.AopUtils.invokeJoinpointUsingReflection(AopUtils.java:359) ~[spring-aop-6.2.5.jar!/:6.2.5]
	at org.springframework.aop.framework.ReflectiveMethodInvocation.invokeJoinpoint(ReflectiveMethodInvocation.java:196) ~[spring-aop-6.2.5.jar!/:6.2.5]
	at org.springframework.aop.framework.ReflectiveMethodInvocation.proceed(ReflectiveMethodInvocation.java:163) ~[spring-aop-6.2.5.jar!/:6.2.5]
	at org.springframework.aop.interceptor.ExposeInvocationInterceptor.invoke(ExposeInvocationInterceptor.java:97) ~[spring-aop-6.2.5.jar!/:6.2.5]
	at org.springframework.aop.framework.ReflectiveMethodInvocation.proceed(ReflectiveMethodInvocation.java:184) ~[spring-aop-6.2.5.jar!/:6.2.5]
	at org.springframework.aop.framework.CglibAopProxy$DynamicAdvisedInterceptor.intercept(CglibAopProxy.java:727) ~[spring-aop-6.2.5.jar!/:6.2.5]
	at com.luohuo.flex.im.controller.chat.ChatController$$SpringCGLIB$$0.sendMsg(<generated>) ~[luohuo-im-controller-3.0.6.jar!/:3.0.6]
	at java.base/jdk.internal.reflect.DirectMethodHandleAccessor.invoke(DirectMethodHandleAccessor.java:103) ~[na:na]
	at java.base/java.lang.reflect.Method.invoke(Method.java:580) ~[na:na]
	at org.springframework.web.method.support.InvocableHandlerMethod.doInvoke(InvocableHandlerMethod.java:258) ~[spring-web-6.2.5.jar!/:6.2.5]
	at org.springframework.web.method.support.InvocableHandlerMethod.invokeForRequest(InvocableHandlerMethod.java:191) ~[spring-web-6.2.5.jar!/:6.2.5]
	at org.springframework.web.servlet.mvc.method.annotation.ServletInvocableHandlerMethod.invokeAndHandle(ServletInvocableHandlerMethod.java:118) ~[spring-webmvc-6.2.5.jar!/:6.2.5]
	at org.springframework.web.servlet.mvc.method.annotation.RequestMappingHandlerAdapter.invokeHandlerMethod(RequestMappingHandlerAdapter.java:986) ~[spring-webmvc-6.2.5.jar!/:6.2.5]
	at org.springframework.web.servlet.mvc.method.annotation.RequestMappingHandlerAdapter.handleInternal(RequestMappingHandlerAdapter.java:891) ~[spring-webmvc-6.2.5.jar!/:6.2.5]
	at org.springframework.web.servlet.mvc.method.AbstractHandlerMethodAdapter.handle(AbstractHandlerMethodAdapter.java:87) ~[spring-webmvc-6.2.5.jar!/:6.2.5]
	at org.springframework.web.servlet.DispatcherServlet.doDispatch(DispatcherServlet.java:1089) ~[spring-webmvc-6.2.5.jar!/:6.2.5]
	at org.springframework.web.servlet.DispatcherServlet.doService(DispatcherServlet.java:979) ~[spring-webmvc-6.2.5.jar!/:6.2.5]
	at org.springframework.web.servlet.FrameworkServlet.processRequest(FrameworkServlet.java:1014) ~[spring-webmvc-6.2.5.jar!/:6.2.5]
	at org.springframework.web.servlet.FrameworkServlet.doPost(FrameworkServlet.java:914) ~[spring-webmvc-6.2.5.jar!/:6.2.5]
	at jakarta.servlet.http.HttpServlet.service(HttpServlet.java:547) ~[jakarta.servlet-api-6.0.0.jar!/:6.0.0]
	at org.springframework.web.servlet.FrameworkServlet.service(FrameworkServlet.java:885) ~[spring-webmvc-6.2.5.jar!/:6.2.5]
	at jakarta.servlet.http.HttpServlet.service(HttpServlet.java:614) ~[jakarta.servlet-api-6.0.0.jar!/:6.0.0]
	at io.undertow.servlet.handlers.ServletHandler.handleRequest(ServletHandler.java:74) ~[undertow-servlet-2.3.18.Final.jar!/:2.3.18.Final]
	at io.undertow.servlet.handlers.FilterHandler$FilterChainImpl.doFilter(FilterHandler.java:129) ~[undertow-servlet-2.3.18.Final.jar!/:2.3.18.Final]
	at org.springframework.web.servlet.resource.ResourceUrlEncodingFilter.doFilter(ResourceUrlEncodingFilter.java:66) ~[spring-webmvc-6.2.5.jar!/:6.2.5]
	at io.undertow.servlet.core.ManagedFilter.doFilter(ManagedFilter.java:67) ~[undertow-servlet-2.3.18.Final.jar!/:2.3.18.Final]
	at io.undertow.servlet.handlers.FilterHandler$FilterChainImpl.doFilter(FilterHandler.java:131) ~[undertow-servlet-2.3.18.Final.jar!/:2.3.18.Final]
	at com.alibaba.druid.support.jakarta.WebStatFilter.doFilter(WebStatFilter.java:113) ~[druid-1.2.24.jar!/:na]
	at io.undertow.servlet.core.ManagedFilter.doFilter(ManagedFilter.java:67) ~[undertow-servlet-2.3.18.Final.jar!/:2.3.18.Final]
	at io.undertow.servlet.handlers.FilterHandler$FilterChainImpl.doFilter(FilterHandler.java:131) ~[undertow-servlet-2.3.18.Final.jar!/:2.3.18.Final]
	at com.luohuo.basic.xss.filter.XssFilter.doFilter(XssFilter.java:66) ~[luohuo-xss-starter-3.0.6.jar!/:3.0.6]
	at io.undertow.servlet.core.ManagedFilter.doFilter(ManagedFilter.java:67) ~[undertow-servlet-2.3.18.Final.jar!/:2.3.18.Final]
	at io.undertow.servlet.handlers.FilterHandler$FilterChainImpl.doFilter(FilterHandler.java:131) ~[undertow-servlet-2.3.18.Final.jar!/:2.3.18.Final]
	at cn.dev33.satoken.filter.SaFirewallCheckFilterForJakartaServlet.doFilter(SaFirewallCheckFilterForJakartaServlet.java:69) ~[sa-token-spring-boot3-starter-1.42.0.jar!/:na]
	at io.undertow.servlet.core.ManagedFilter.doFilter(ManagedFilter.java:67) ~[undertow-servlet-2.3.18.Final.jar!/:2.3.18.Final]
	at io.undertow.servlet.handlers.FilterHandler$FilterChainImpl.doFilter(FilterHandler.java:131) ~[undertow-servlet-2.3.18.Final.jar!/:2.3.18.Final]
	at cn.dev33.satoken.filter.SaTokenCorsFilterForJakartaServlet.doFilter(SaTokenCorsFilterForJakartaServlet.java:52) ~[sa-token-spring-boot3-starter-1.42.0.jar!/:na]
	at io.undertow.servlet.core.ManagedFilter.doFilter(ManagedFilter.java:67) ~[undertow-servlet-2.3.18.Final.jar!/:2.3.18.Final]
	at io.undertow.servlet.handlers.FilterHandler$FilterChainImpl.doFilter(FilterHandler.java:131) ~[undertow-servlet-2.3.18.Final.jar!/:2.3.18.Final]
	at cn.dev33.satoken.filter.SaTokenContextFilterForJakartaServlet.doFilter(SaTokenContextFilterForJakartaServlet.java:40) ~[sa-token-spring-boot3-starter-1.42.0.jar!/:na]
	at io.undertow.servlet.core.ManagedFilter.doFilter(ManagedFilter.java:67) ~[undertow-servlet-2.3.18.Final.jar!/:2.3.18.Final]
	at io.undertow.servlet.handlers.FilterHandler$FilterChainImpl.doFilter(FilterHandler.java:131) ~[undertow-servlet-2.3.18.Final.jar!/:2.3.18.Final]
	at com.luohuo.basic.tenant.core.web.TenantContextWebFilter.doFilterInternal(TenantContextWebFilter.java:29) ~[luohuo-tenant-3.0.6.jar!/:3.0.6]
	at org.springframework.web.filter.OncePerRequestFilter.doFilter(OncePerRequestFilter.java:116) ~[spring-web-6.2.5.jar!/:6.2.5]
	at io.undertow.servlet.core.ManagedFilter.doFilter(ManagedFilter.java:67) ~[undertow-servlet-2.3.18.Final.jar!/:2.3.18.Final]
	at io.undertow.servlet.handlers.FilterHandler$FilterChainImpl.doFilter(FilterHandler.java:131) ~[undertow-servlet-2.3.18.Final.jar!/:2.3.18.Final]
	at org.springframework.web.filter.RequestContextFilter.doFilterInternal(RequestContextFilter.java:100) ~[spring-web-6.2.5.jar!/:6.2.5]
	at org.springframework.web.filter.OncePerRequestFilter.doFilter(OncePerRequestFilter.java:116) ~[spring-web-6.2.5.jar!/:6.2.5]
	at io.undertow.servlet.core.ManagedFilter.doFilter(ManagedFilter.java:67) ~[undertow-servlet-2.3.18.Final.jar!/:2.3.18.Final]
	at io.undertow.servlet.handlers.FilterHandler$FilterChainImpl.doFilter(FilterHandler.java:131) ~[undertow-servlet-2.3.18.Final.jar!/:2.3.18.Final]
	at org.springframework.web.filter.FormContentFilter.doFilterInternal(FormContentFilter.java:93) ~[spring-web-6.2.5.jar!/:6.2.5]
	at org.springframework.web.filter.OncePerRequestFilter.doFilter(OncePerRequestFilter.java:116) ~[spring-web-6.2.5.jar!/:6.2.5]
	at io.undertow.servlet.core.ManagedFilter.doFilter(ManagedFilter.java:67) ~[undertow-servlet-2.3.18.Final.jar!/:2.3.18.Final]
	at io.undertow.servlet.handlers.FilterHandler$FilterChainImpl.doFilter(FilterHandler.java:131) ~[undertow-servlet-2.3.18.Final.jar!/:2.3.18.Final]
	at org.springframework.web.filter.ServerHttpObservationFilter.doFilterInternal(ServerHttpObservationFilter.java:114) ~[spring-web-6.2.5.jar!/:6.2.5]
	at org.springframework.web.filter.OncePerRequestFilter.doFilter(OncePerRequestFilter.java:116) ~[spring-web-6.2.5.jar!/:6.2.5]
	at io.undertow.servlet.core.ManagedFilter.doFilter(ManagedFilter.java:67) ~[undertow-servlet-2.3.18.Final.jar!/:2.3.18.Final]
	at io.undertow.servlet.handlers.FilterHandler$FilterChainImpl.doFilter(FilterHandler.java:131) ~[undertow-servlet-2.3.18.Final.jar!/:2.3.18.Final]
	at org.springframework.web.filter.CharacterEncodingFilter.doFilterInternal(CharacterEncodingFilter.java:201) ~[spring-web-6.2.5.jar!/:6.2.5]
	at org.springframework.web.filter.OncePerRequestFilter.doFilter(OncePerRequestFilter.java:116) ~[spring-web-6.2.5.jar!/:6.2.5]
	at io.undertow.servlet.core.ManagedFilter.doFilter(ManagedFilter.java:67) ~[undertow-servlet-2.3.18.Final.jar!/:2.3.18.Final]
	at io.undertow.servlet.handlers.FilterHandler$FilterChainImpl.doFilter(FilterHandler.java:131) ~[undertow-servlet-2.3.18.Final.jar!/:2.3.18.Final]
	at io.undertow.servlet.handlers.FilterHandler.handleRequest(FilterHandler.java:84) ~[undertow-servlet-2.3.18.Final.jar!/:2.3.18.Final]
	at io.undertow.servlet.handlers.security.ServletSecurityRoleHandler.handleRequest(ServletSecurityRoleHandler.java:62) ~[undertow-servlet-2.3.18.Final.jar!/:2.3.18.Final]
	at io.undertow.servlet.handlers.ServletChain$1.handleRequest(ServletChain.java:68) ~[undertow-servlet-2.3.18.Final.jar!/:2.3.18.Final]
	at io.undertow.servlet.handlers.ServletDispatchingHandler.handleRequest(ServletDispatchingHandler.java:36) ~[undertow-servlet-2.3.18.Final.jar!/:2.3.18.Final]
	at io.undertow.servlet.handlers.RedirectDirHandler.handleRequest(RedirectDirHandler.java:68) ~[undertow-servlet-2.3.18.Final.jar!/:2.3.18.Final]
	at io.undertow.servlet.handlers.security.SSLInformationAssociationHandler.handleRequest(SSLInformationAssociationHandler.java:117) ~[undertow-servlet-2.3.18.Final.jar!/:2.3.18.Final]
	at io.undertow.servlet.handlers.security.ServletAuthenticationCallHandler.handleRequest(ServletAuthenticationCallHandler.java:57) ~[undertow-servlet-2.3.18.Final.jar!/:2.3.18.Final]
	at io.undertow.server.handlers.PredicateHandler.handleRequest(PredicateHandler.java:43) ~[undertow-core-2.3.18.Final.jar!/:2.3.18.Final]
	at io.undertow.security.handlers.AbstractConfidentialityHandler.handleRequest(AbstractConfidentialityHandler.java:46) ~[undertow-core-2.3.18.Final.jar!/:2.3.18.Final]
	at io.undertow.servlet.handlers.security.ServletConfidentialityConstraintHandler.handleRequest(ServletConfidentialityConstraintHandler.java:64) ~[undertow-servlet-2.3.18.Final.jar!/:2.3.18.Final]
	at io.undertow.security.handlers.AuthenticationMechanismsHandler.handleRequest(AuthenticationMechanismsHandler.java:60) ~[undertow-core-2.3.18.Final.jar!/:2.3.18.Final]
	at io.undertow.servlet.handlers.security.CachedAuthenticatedSessionHandler.handleRequest(CachedAuthenticatedSessionHandler.java:77) ~[undertow-servlet-2.3.18.Final.jar!/:2.3.18.Final]
	at io.undertow.security.handlers.AbstractSecurityContextAssociationHandler.handleRequest(AbstractSecurityContextAssociationHandler.java:43) ~[undertow-core-2.3.18.Final.jar!/:2.3.18.Final]
	at io.undertow.server.handlers.PredicateHandler.handleRequest(PredicateHandler.java:43) ~[undertow-core-2.3.18.Final.jar!/:2.3.18.Final]
	at io.undertow.servlet.handlers.SendErrorPageHandler.handleRequest(SendErrorPageHandler.java:52) ~[undertow-servlet-2.3.18.Final.jar!/:2.3.18.Final]
	at io.undertow.server.handlers.PredicateHandler.handleRequest(PredicateHandler.java:43) ~[undertow-core-2.3.18.Final.jar!/:2.3.18.Final]
	at io.undertow.servlet.handlers.ServletInitialHandler.handleFirstRequest(ServletInitialHandler.java:276) ~[undertow-servlet-2.3.18.Final.jar!/:2.3.18.Final]
	at io.undertow.servlet.handlers.ServletInitialHandler$2.call(ServletInitialHandler.java:135) ~[undertow-servlet-2.3.18.Final.jar!/:2.3.18.Final]
	at io.undertow.servlet.handlers.ServletInitialHandler$2.call(ServletInitialHandler.java:132) ~[undertow-servlet-2.3.18.Final.jar!/:2.3.18.Final]
	at io.undertow.servlet.core.ServletRequestContextThreadSetupAction$1.call(ServletRequestContextThreadSetupAction.java:48) ~[undertow-servlet-2.3.18.Final.jar!/:2.3.18.Final]
	at io.undertow.servlet.core.ContextClassLoaderSetupAction$1.call(ContextClassLoaderSetupAction.java:43) ~[undertow-servlet-2.3.18.Final.jar!/:2.3.18.Final]
	at io.undertow.servlet.handlers.ServletInitialHandler.dispatchRequest(ServletInitialHandler.java:256) ~[undertow-servlet-2.3.18.Final.jar!/:2.3.18.Final]
	at io.undertow.servlet.handlers.ServletInitialHandler$1.handleRequest(ServletInitialHandler.java:101) ~[undertow-servlet-2.3.18.Final.jar!/:2.3.18.Final]
	at io.undertow.server.Connectors.executeRootHandler(Connectors.java:395) ~[undertow-core-2.3.18.Final.jar!/:2.3.18.Final]
	at io.undertow.server.HttpServerExchange$1.run(HttpServerExchange.java:861) ~[undertow-core-2.3.18.Final.jar!/:2.3.18.Final]
	at org.jboss.threads.ContextHandler$1.runWith(ContextHandler.java:18) ~[jboss-threads-3.5.0.Final.jar!/:3.5.0.Final]
	at org.jboss.threads.EnhancedQueueExecutor$Task.run(EnhancedQueueExecutor.java:2513) ~[jboss-threads-3.5.0.Final.jar!/:3.5.0.Final]
	at org.jboss.threads.EnhancedQueueExecutor$ThreadBody.run(EnhancedQueueExecutor.java:1538) ~[jboss-threads-3.5.0.Final.jar!/:3.5.0.Final]
	at org.xnio.XnioWorker$WorkerThreadFactory$1$1.run(XnioWorker.java:1282) ~[xnio-api-3.8.16.Final.jar!/:3.8.16.Final]
	at java.base/java.lang.Thread.run(Thread.java:1583) ~[na:na]

[luohuo-im-server:18778:] 2026-02-18 09:57:18.145[ WARN] 47122 [] [XNIO-2 task-2:5240366] [c.l.b.boot.handler.AbstractGlobalExceptionHandler.bizException:66] BizException:

com.luohuo.basic.exception.BizException: AI_APPROVAL_PENDING:apr_5b0e283468034b12bd006cbc5ec5247b
	at com.luohuo.basic.exception.BizException.wrap(BizException.java:54) ~[luohuo-core-3.0.6.jar!/:3.0.6]
	at com.luohuo.flex.im.core.chat.service.ai.approval.AiApprovalService.ensureAccess(AiApprovalService.java:63) ~[luohuo-im-biz-3.0.6.jar!/:3.0.6]
	at com.luohuo.flex.im.core.chat.service.ai.AiDispatchPrecheckService.preCheck(AiDispatchPrecheckService.java:76) ~[luohuo-im-biz-3.0.6.jar!/:3.0.6]
	at com.luohuo.flex.im.core.chat.service.impl.ChatServiceImpl.sendMsg(ChatServiceImpl.java:79) ~[luohuo-im-biz-3.0.6.jar!/:3.0.6]
	at java.base/jdk.internal.reflect.DirectMethodHandleAccessor.invoke(DirectMethodHandleAccessor.java:103) ~[na:na]
	at java.base/java.lang.reflect.Method.invoke(Method.java:580) ~[na:na]
	at org.springframework.aop.support.AopUtils.invokeJoinpointUsingReflection(AopUtils.java:359) ~[spring-aop-6.2.5.jar!/:6.2.5]
	at org.springframework.aop.framework.ReflectiveMethodInvocation.invokeJoinpoint(ReflectiveMethodInvocation.java:196) ~[spring-aop-6.2.5.jar!/:6.2.5]
	at org.springframework.aop.framework.ReflectiveMethodInvocation.proceed(ReflectiveMethodInvocation.java:163) ~[spring-aop-6.2.5.jar!/:6.2.5]
	at org.springframework.transaction.interceptor.TransactionAspectSupport.invokeWithinTransaction(TransactionAspectSupport.java:380) ~[spring-tx-6.2.5.jar!/:6.2.5]
	at org.springframework.transaction.interceptor.TransactionInterceptor.invoke(TransactionInterceptor.java:119) ~[spring-tx-6.2.5.jar!/:6.2.5]
	at org.springframework.aop.framework.ReflectiveMethodInvocation.proceed(ReflectiveMethodInvocation.java:184) ~[spring-aop-6.2.5.jar!/:6.2.5]
	at org.springframework.aop.interceptor.ExposeInvocationInterceptor.invoke(ExposeInvocationInterceptor.java:97) ~[spring-aop-6.2.5.jar!/:6.2.5]
	at org.springframework.aop.framework.ReflectiveMethodInvocation.proceed(ReflectiveMethodInvocation.java:184) ~[spring-aop-6.2.5.jar!/:6.2.5]
	at org.springframework.aop.framework.CglibAopProxy$DynamicAdvisedInterceptor.intercept(CglibAopProxy.java:727) ~[spring-aop-6.2.5.jar!/:6.2.5]
	at com.luohuo.flex.im.core.chat.service.impl.ChatServiceImpl$$SpringCGLIB$$0.sendMsg(<generated>) ~[luohuo-im-biz-3.0.6.jar!/:3.0.6]
	at com.luohuo.flex.im.controller.chat.ChatController.sendMsg(ChatController.java:78) ~[luohuo-im-controller-3.0.6.jar!/:3.0.6]
	at java.base/jdk.internal.reflect.DirectMethodHandleAccessor.invoke(DirectMethodHandleAccessor.java:103) ~[na:na]
	at java.base/java.lang.reflect.Method.invoke(Method.java:580) ~[na:na]
	at org.springframework.aop.support.AopUtils.invokeJoinpointUsingReflection(AopUtils.java:359) ~[spring-aop-6.2.5.jar!/:6.2.5]
	at org.springframework.aop.framework.ReflectiveMethodInvocation.invokeJoinpoint(ReflectiveMethodInvocation.java:196) ~[spring-aop-6.2.5.jar!/:6.2.5]
	at org.springframework.aop.framework.ReflectiveMethodInvocation.proceed(ReflectiveMethodInvocation.java:163) ~[spring-aop-6.2.5.jar!/:6.2.5]
	at org.springframework.aop.interceptor.ExposeInvocationInterceptor.invoke(ExposeInvocationInterceptor.java:97) ~[spring-aop-6.2.5.jar!/:6.2.5]
	at org.springframework.aop.framework.ReflectiveMethodInvocation.proceed(ReflectiveMethodInvocation.java:184) ~[spring-aop-6.2.5.jar!/:6.2.5]
	at org.springframework.aop.framework.CglibAopProxy$DynamicAdvisedInterceptor.intercept(CglibAopProxy.java:727) ~[spring-aop-6.2.5.jar!/:6.2.5]
	at com.luohuo.flex.im.controller.chat.ChatController$$SpringCGLIB$$0.sendMsg(<generated>) ~[luohuo-im-controller-3.0.6.jar!/:3.0.6]
	at java.base/jdk.internal.reflect.DirectMethodHandleAccessor.invoke(DirectMethodHandleAccessor.java:103) ~[na:na]
	at java.base/java.lang.reflect.Method.invoke(Method.java:580) ~[na:na]
	at org.springframework.web.method.support.InvocableHandlerMethod.doInvoke(InvocableHandlerMethod.java:258) ~[spring-web-6.2.5.jar!/:6.2.5]
	at org.springframework.web.method.support.InvocableHandlerMethod.invokeForRequest(InvocableHandlerMethod.java:191) ~[spring-web-6.2.5.jar!/:6.2.5]
	at org.springframework.web.servlet.mvc.method.annotation.ServletInvocableHandlerMethod.invokeAndHandle(ServletInvocableHandlerMethod.java:118) ~[spring-webmvc-6.2.5.jar!/:6.2.5]
	at org.springframework.web.servlet.mvc.method.annotation.RequestMappingHandlerAdapter.invokeHandlerMethod(RequestMappingHandlerAdapter.java:986) ~[spring-webmvc-6.2.5.jar!/:6.2.5]
	at org.springframework.web.servlet.mvc.method.annotation.RequestMappingHandlerAdapter.handleInternal(RequestMappingHandlerAdapter.java:891) ~[spring-webmvc-6.2.5.jar!/:6.2.5]
	at org.springframework.web.servlet.mvc.method.AbstractHandlerMethodAdapter.handle(AbstractHandlerMethodAdapter.java:87) ~[spring-webmvc-6.2.5.jar!/:6.2.5]
	at org.springframework.web.servlet.DispatcherServlet.doDispatch(DispatcherServlet.java:1089) ~[spring-webmvc-6.2.5.jar!/:6.2.5]
	at org.springframework.web.servlet.DispatcherServlet.doService(DispatcherServlet.java:979) ~[spring-webmvc-6.2.5.jar!/:6.2.5]
	at org.springframework.web.servlet.FrameworkServlet.processRequest(FrameworkServlet.java:1014) ~[spring-webmvc-6.2.5.jar!/:6.2.5]
	at org.springframework.web.servlet.FrameworkServlet.doPost(FrameworkServlet.java:914) ~[spring-webmvc-6.2.5.jar!/:6.2.5]
	at jakarta.servlet.http.HttpServlet.service(HttpServlet.java:547) ~[jakarta.servlet-api-6.0.0.jar!/:6.0.0]
	at org.springframework.web.servlet.FrameworkServlet.service(FrameworkServlet.java:885) ~[spring-webmvc-6.2.5.jar!/:6.2.5]
	at jakarta.servlet.http.HttpServlet.service(HttpServlet.java:614) ~[jakarta.servlet-api-6.0.0.jar!/:6.0.0]
	at io.undertow.servlet.handlers.ServletHandler.handleRequest(ServletHandler.java:74) ~[undertow-servlet-2.3.18.Final.jar!/:2.3.18.Final]
	at io.undertow.servlet.handlers.FilterHandler$FilterChainImpl.doFilter(FilterHandler.java:129) ~[undertow-servlet-2.3.18.Final.jar!/:2.3.18.Final]
	at org.springframework.web.servlet.resource.ResourceUrlEncodingFilter.doFilter(ResourceUrlEncodingFilter.java:66) ~[spring-webmvc-6.2.5.jar!/:6.2.5]
	at io.undertow.servlet.core.ManagedFilter.doFilter(ManagedFilter.java:67) ~[undertow-servlet-2.3.18.Final.jar!/:2.3.18.Final]
	at io.undertow.servlet.handlers.FilterHandler$FilterChainImpl.doFilter(FilterHandler.java:131) ~[undertow-servlet-2.3.18.Final.jar!/:2.3.18.Final]
	at com.alibaba.druid.support.jakarta.WebStatFilter.doFilter(WebStatFilter.java:113) ~[druid-1.2.24.jar!/:na]
	at io.undertow.servlet.core.ManagedFilter.doFilter(ManagedFilter.java:67) ~[undertow-servlet-2.3.18.Final.jar!/:2.3.18.Final]
	at io.undertow.servlet.handlers.FilterHandler$FilterChainImpl.doFilter(FilterHandler.java:131) ~[undertow-servlet-2.3.18.Final.jar!/:2.3.18.Final]
	at com.luohuo.basic.xss.filter.XssFilter.doFilter(XssFilter.java:66) ~[luohuo-xss-starter-3.0.6.jar!/:3.0.6]
	at io.undertow.servlet.core.ManagedFilter.doFilter(ManagedFilter.java:67) ~[undertow-servlet-2.3.18.Final.jar!/:2.3.18.Final]
	at io.undertow.servlet.handlers.FilterHandler$FilterChainImpl.doFilter(FilterHandler.java:131) ~[undertow-servlet-2.3.18.Final.jar!/:2.3.18.Final]
	at cn.dev33.satoken.filter.SaFirewallCheckFilterForJakartaServlet.doFilter(SaFirewallCheckFilterForJakartaServlet.java:69) ~[sa-token-spring-boot3-starter-1.42.0.jar!/:na]
	at io.undertow.servlet.core.ManagedFilter.doFilter(ManagedFilter.java:67) ~[undertow-servlet-2.3.18.Final.jar!/:2.3.18.Final]
	at io.undertow.servlet.handlers.FilterHandler$FilterChainImpl.doFilter(FilterHandler.java:131) ~[undertow-servlet-2.3.18.Final.jar!/:2.3.18.Final]
	at cn.dev33.satoken.filter.SaTokenCorsFilterForJakartaServlet.doFilter(SaTokenCorsFilterForJakartaServlet.java:52) ~[sa-token-spring-boot3-starter-1.42.0.jar!/:na]
	at io.undertow.servlet.core.ManagedFilter.doFilter(ManagedFilter.java:67) ~[undertow-servlet-2.3.18.Final.jar!/:2.3.18.Final]
	at io.undertow.servlet.handlers.FilterHandler$FilterChainImpl.doFilter(FilterHandler.java:131) ~[undertow-servlet-2.3.18.Final.jar!/:2.3.18.Final]
	at cn.dev33.satoken.filter.SaTokenContextFilterForJakartaServlet.doFilter(SaTokenContextFilterForJakartaServlet.java:40) ~[sa-token-spring-boot3-starter-1.42.0.jar!/:na]
	at io.undertow.servlet.core.ManagedFilter.doFilter(ManagedFilter.java:67) ~[undertow-servlet-2.3.18.Final.jar!/:2.3.18.Final]
	at io.undertow.servlet.handlers.FilterHandler$FilterChainImpl.doFilter(FilterHandler.java:131) ~[undertow-servlet-2.3.18.Final.jar!/:2.3.18.Final]
	at com.luohuo.basic.tenant.core.web.TenantContextWebFilter.doFilterInternal(TenantContextWebFilter.java:29) ~[luohuo-tenant-3.0.6.jar!/:3.0.6]
	at org.springframework.web.filter.OncePerRequestFilter.doFilter(OncePerRequestFilter.java:116) ~[spring-web-6.2.5.jar!/:6.2.5]
	at io.undertow.servlet.core.ManagedFilter.doFilter(ManagedFilter.java:67) ~[undertow-servlet-2.3.18.Final.jar!/:2.3.18.Final]
	at io.undertow.servlet.handlers.FilterHandler$FilterChainImpl.doFilter(FilterHandler.java:131) ~[undertow-servlet-2.3.18.Final.jar!/:2.3.18.Final]
	at org.springframework.web.filter.RequestContextFilter.doFilterInternal(RequestContextFilter.java:100) ~[spring-web-6.2.5.jar!/:6.2.5]
	at org.springframework.web.filter.OncePerRequestFilter.doFilter(OncePerRequestFilter.java:116) ~[spring-web-6.2.5.jar!/:6.2.5]
	at io.undertow.servlet.core.ManagedFilter.doFilter(ManagedFilter.java:67) ~[undertow-servlet-2.3.18.Final.jar!/:2.3.18.Final]
	at io.undertow.servlet.handlers.FilterHandler$FilterChainImpl.doFilter(FilterHandler.java:131) ~[undertow-servlet-2.3.18.Final.jar!/:2.3.18.Final]
	at org.springframework.web.filter.FormContentFilter.doFilterInternal(FormContentFilter.java:93) ~[spring-web-6.2.5.jar!/:6.2.5]
	at org.springframework.web.filter.OncePerRequestFilter.doFilter(OncePerRequestFilter.java:116) ~[spring-web-6.2.5.jar!/:6.2.5]
	at io.undertow.servlet.core.ManagedFilter.doFilter(ManagedFilter.java:67) ~[undertow-servlet-2.3.18.Final.jar!/:2.3.18.Final]
	at io.undertow.servlet.handlers.FilterHandler$FilterChainImpl.doFilter(FilterHandler.java:131) ~[undertow-servlet-2.3.18.Final.jar!/:2.3.18.Final]
	at org.springframework.web.filter.ServerHttpObservationFilter.doFilterInternal(ServerHttpObservationFilter.java:114) ~[spring-web-6.2.5.jar!/:6.2.5]
	at org.springframework.web.filter.OncePerRequestFilter.doFilter(OncePerRequestFilter.java:116) ~[spring-web-6.2.5.jar!/:6.2.5]
	at io.undertow.servlet.core.ManagedFilter.doFilter(ManagedFilter.java:67) ~[undertow-servlet-2.3.18.Final.jar!/:2.3.18.Final]
	at io.undertow.servlet.handlers.FilterHandler$FilterChainImpl.doFilter(FilterHandler.java:131) ~[undertow-servlet-2.3.18.Final.jar!/:2.3.18.Final]
	at org.springframework.web.filter.CharacterEncodingFilter.doFilterInternal(CharacterEncodingFilter.java:201) ~[spring-web-6.2.5.jar!/:6.2.5]
	at org.springframework.web.filter.OncePerRequestFilter.doFilter(OncePerRequestFilter.java:116) ~[spring-web-6.2.5.jar!/:6.2.5]
	at io.undertow.servlet.core.ManagedFilter.doFilter(ManagedFilter.java:67) ~[undertow-servlet-2.3.18.Final.jar!/:2.3.18.Final]
	at io.undertow.servlet.handlers.FilterHandler$FilterChainImpl.doFilter(FilterHandler.java:131) ~[undertow-servlet-2.3.18.Final.jar!/:2.3.18.Final]
	at io.undertow.servlet.handlers.FilterHandler.handleRequest(FilterHandler.java:84) ~[undertow-servlet-2.3.18.Final.jar!/:2.3.18.Final]
	at io.undertow.servlet.handlers.security.ServletSecurityRoleHandler.handleRequest(ServletSecurityRoleHandler.java:62) ~[undertow-servlet-2.3.18.Final.jar!/:2.3.18.Final]
	at io.undertow.servlet.handlers.ServletChain$1.handleRequest(ServletChain.java:68) ~[undertow-servlet-2.3.18.Final.jar!/:2.3.18.Final]
	at io.undertow.servlet.handlers.ServletDispatchingHandler.handleRequest(ServletDispatchingHandler.java:36) ~[undertow-servlet-2.3.18.Final.jar!/:2.3.18.Final]
	at io.undertow.servlet.handlers.RedirectDirHandler.handleRequest(RedirectDirHandler.java:68) ~[undertow-servlet-2.3.18.Final.jar!/:2.3.18.Final]
	at io.undertow.servlet.handlers.security.SSLInformationAssociationHandler.handleRequest(SSLInformationAssociationHandler.java:117) ~[undertow-servlet-2.3.18.Final.jar!/:2.3.18.Final]
	at io.undertow.servlet.handlers.security.ServletAuthenticationCallHandler.handleRequest(ServletAuthenticationCallHandler.java:57) ~[undertow-servlet-2.3.18.Final.jar!/:2.3.18.Final]
	at io.undertow.server.handlers.PredicateHandler.handleRequest(PredicateHandler.java:43) ~[undertow-core-2.3.18.Final.jar!/:2.3.18.Final]
	at io.undertow.security.handlers.AbstractConfidentialityHandler.handleRequest(AbstractConfidentialityHandler.java:46) ~[undertow-core-2.3.18.Final.jar!/:2.3.18.Final]
	at io.undertow.servlet.handlers.security.ServletConfidentialityConstraintHandler.handleRequest(ServletConfidentialityConstraintHandler.java:64) ~[undertow-servlet-2.3.18.Final.jar!/:2.3.18.Final]
	at io.undertow.security.handlers.AuthenticationMechanismsHandler.handleRequest(AuthenticationMechanismsHandler.java:60) ~[undertow-core-2.3.18.Final.jar!/:2.3.18.Final]
	at io.undertow.servlet.handlers.security.CachedAuthenticatedSessionHandler.handleRequest(CachedAuthenticatedSessionHandler.java:77) ~[undertow-servlet-2.3.18.Final.jar!/:2.3.18.Final]
	at io.undertow.security.handlers.AbstractSecurityContextAssociationHandler.handleRequest(AbstractSecurityContextAssociationHandler.java:43) ~[undertow-core-2.3.18.Final.jar!/:2.3.18.Final]
	at io.undertow.server.handlers.PredicateHandler.handleRequest(PredicateHandler.java:43) ~[undertow-core-2.3.18.Final.jar!/:2.3.18.Final]
	at io.undertow.servlet.handlers.SendErrorPageHandler.handleRequest(SendErrorPageHandler.java:52) ~[undertow-servlet-2.3.18.Final.jar!/:2.3.18.Final]
	at io.undertow.server.handlers.PredicateHandler.handleRequest(PredicateHandler.java:43) ~[undertow-core-2.3.18.Final.jar!/:2.3.18.Final]
	at io.undertow.servlet.handlers.ServletInitialHandler.handleFirstRequest(ServletInitialHandler.java:276) ~[undertow-servlet-2.3.18.Final.jar!/:2.3.18.Final]
	at io.undertow.servlet.handlers.ServletInitialHandler$2.call(ServletInitialHandler.java:135) ~[undertow-servlet-2.3.18.Final.jar!/:2.3.18.Final]
	at io.undertow.servlet.handlers.ServletInitialHandler$2.call(ServletInitialHandler.java:132) ~[undertow-servlet-2.3.18.Final.jar!/:2.3.18.Final]
	at io.undertow.servlet.core.ServletRequestContextThreadSetupAction$1.call(ServletRequestContextThreadSetupAction.java:48) ~[undertow-servlet-2.3.18.Final.jar!/:2.3.18.Final]
	at io.undertow.servlet.core.ContextClassLoaderSetupAction$1.call(ContextClassLoaderSetupAction.java:43) ~[undertow-servlet-2.3.18.Final.jar!/:2.3.18.Final]
	at io.undertow.servlet.handlers.ServletInitialHandler.dispatchRequest(ServletInitialHandler.java:256) ~[undertow-servlet-2.3.18.Final.jar!/:2.3.18.Final]
	at io.undertow.servlet.handlers.ServletInitialHandler$1.handleRequest(ServletInitialHandler.java:101) ~[undertow-servlet-2.3.18.Final.jar!/:2.3.18.Final]
	at io.undertow.server.Connectors.executeRootHandler(Connectors.java:395) ~[undertow-core-2.3.18.Final.jar!/:2.3.18.Final]
	at io.undertow.server.HttpServerExchange$1.run(HttpServerExchange.java:861) ~[undertow-core-2.3.18.Final.jar!/:2.3.18.Final]
	at org.jboss.threads.ContextHandler$1.runWith(ContextHandler.java:18) ~[jboss-threads-3.5.0.Final.jar!/:3.5.0.Final]
	at org.jboss.threads.EnhancedQueueExecutor$Task.run(EnhancedQueueExecutor.java:2513) ~[jboss-threads-3.5.0.Final.jar!/:3.5.0.Final]
	at org.jboss.threads.EnhancedQueueExecutor$ThreadBody.run(EnhancedQueueExecutor.java:1538) ~[jboss-threads-3.5.0.Final.jar!/:3.5.0.Final]
	at org.xnio.XnioWorker$WorkerThreadFactory$1$1.run(XnioWorker.java:1282) ~[xnio-api-3.8.16.Final.jar!/:3.8.16.Final]
	at java.base/java.lang.Thread.run(Thread.java:1583) ~[na:na]

[luohuo-im-server:18778:] 2026-02-18 09:58:25.477[ WARN] 47122 [] [XNIO-2 task-2:5307698] [c.l.b.boot.handler.AbstractGlobalExceptionHandler.bizException:66] BizException:

com.luohuo.basic.exception.BizException: AI_APPROVAL_REQUIRED:apr_67b390bded6c4fcc9eeb81c41cac0d65
	at com.luohuo.basic.exception.BizException.wrap(BizException.java:54) ~[luohuo-core-3.0.6.jar!/:3.0.6]
	at com.luohuo.flex.im.core.chat.service.ai.approval.AiApprovalService.ensureAccess(AiApprovalService.java:96) ~[luohuo-im-biz-3.0.6.jar!/:3.0.6]
	at com.luohuo.flex.im.core.chat.service.ai.AiDispatchPrecheckService.preCheck(AiDispatchPrecheckService.java:76) ~[luohuo-im-biz-3.0.6.jar!/:3.0.6]
	at com.luohuo.flex.im.core.chat.service.impl.ChatServiceImpl.sendMsg(ChatServiceImpl.java:79) ~[luohuo-im-biz-3.0.6.jar!/:3.0.6]
	at java.base/jdk.internal.reflect.DirectMethodHandleAccessor.invoke(DirectMethodHandleAccessor.java:103) ~[na:na]
	at java.base/java.lang.reflect.Method.invoke(Method.java:580) ~[na:na]
	at org.springframework.aop.support.AopUtils.invokeJoinpointUsingReflection(AopUtils.java:359) ~[spring-aop-6.2.5.jar!/:6.2.5]
	at org.springframework.aop.framework.ReflectiveMethodInvocation.invokeJoinpoint(ReflectiveMethodInvocation.java:196) ~[spring-aop-6.2.5.jar!/:6.2.5]
	at org.springframework.aop.framework.ReflectiveMethodInvocation.proceed(ReflectiveMethodInvocation.java:163) ~[spring-aop-6.2.5.jar!/:6.2.5]
	at org.springframework.transaction.interceptor.TransactionAspectSupport.invokeWithinTransaction(TransactionAspectSupport.java:380) ~[spring-tx-6.2.5.jar!/:6.2.5]
	at org.springframework.transaction.interceptor.TransactionInterceptor.invoke(TransactionInterceptor.java:119) ~[spring-tx-6.2.5.jar!/:6.2.5]
	at org.springframework.aop.framework.ReflectiveMethodInvocation.proceed(ReflectiveMethodInvocation.java:184) ~[spring-aop-6.2.5.jar!/:6.2.5]
	at org.springframework.aop.interceptor.ExposeInvocationInterceptor.invoke(ExposeInvocationInterceptor.java:97) ~[spring-aop-6.2.5.jar!/:6.2.5]
	at org.springframework.aop.framework.ReflectiveMethodInvocation.proceed(ReflectiveMethodInvocation.java:184) ~[spring-aop-6.2.5.jar!/:6.2.5]
	at org.springframework.aop.framework.CglibAopProxy$DynamicAdvisedInterceptor.intercept(CglibAopProxy.java:727) ~[spring-aop-6.2.5.jar!/:6.2.5]
	at com.luohuo.flex.im.core.chat.service.impl.ChatServiceImpl$$SpringCGLIB$$0.sendMsg(<generated>) ~[luohuo-im-biz-3.0.6.jar!/:3.0.6]
	at com.luohuo.flex.im.controller.chat.ChatController.sendMsg(ChatController.java:78) ~[luohuo-im-controller-3.0.6.jar!/:3.0.6]
	at java.base/jdk.internal.reflect.DirectMethodHandleAccessor.invoke(DirectMethodHandleAccessor.java:103) ~[na:na]
	at java.base/java.lang.reflect.Method.invoke(Method.java:580) ~[na:na]
	at org.springframework.aop.support.AopUtils.invokeJoinpointUsingReflection(AopUtils.java:359) ~[spring-aop-6.2.5.jar!/:6.2.5]
	at org.springframework.aop.framework.ReflectiveMethodInvocation.invokeJoinpoint(ReflectiveMethodInvocation.java:196) ~[spring-aop-6.2.5.jar!/:6.2.5]
	at org.springframework.aop.framework.ReflectiveMethodInvocation.proceed(ReflectiveMethodInvocation.java:163) ~[spring-aop-6.2.5.jar!/:6.2.5]
	at org.springframework.aop.interceptor.ExposeInvocationInterceptor.invoke(ExposeInvocationInterceptor.java:97) ~[spring-aop-6.2.5.jar!/:6.2.5]
	at org.springframework.aop.framework.ReflectiveMethodInvocation.proceed(ReflectiveMethodInvocation.java:184) ~[spring-aop-6.2.5.jar!/:6.2.5]
	at org.springframework.aop.framework.CglibAopProxy$DynamicAdvisedInterceptor.intercept(CglibAopProxy.java:727) ~[spring-aop-6.2.5.jar!/:6.2.5]
	at com.luohuo.flex.im.controller.chat.ChatController$$SpringCGLIB$$0.sendMsg(<generated>) ~[luohuo-im-controller-3.0.6.jar!/:3.0.6]
	at java.base/jdk.internal.reflect.DirectMethodHandleAccessor.invoke(DirectMethodHandleAccessor.java:103) ~[na:na]
	at java.base/java.lang.reflect.Method.invoke(Method.java:580) ~[na:na]
	at org.springframework.web.method.support.InvocableHandlerMethod.doInvoke(InvocableHandlerMethod.java:258) ~[spring-web-6.2.5.jar!/:6.2.5]
	at org.springframework.web.method.support.InvocableHandlerMethod.invokeForRequest(InvocableHandlerMethod.java:191) ~[spring-web-6.2.5.jar!/:6.2.5]
	at org.springframework.web.servlet.mvc.method.annotation.ServletInvocableHandlerMethod.invokeAndHandle(ServletInvocableHandlerMethod.java:118) ~[spring-webmvc-6.2.5.jar!/:6.2.5]
	at org.springframework.web.servlet.mvc.method.annotation.RequestMappingHandlerAdapter.invokeHandlerMethod(RequestMappingHandlerAdapter.java:986) ~[spring-webmvc-6.2.5.jar!/:6.2.5]
	at org.springframework.web.servlet.mvc.method.annotation.RequestMappingHandlerAdapter.handleInternal(RequestMappingHandlerAdapter.java:891) ~[spring-webmvc-6.2.5.jar!/:6.2.5]
	at org.springframework.web.servlet.mvc.method.AbstractHandlerMethodAdapter.handle(AbstractHandlerMethodAdapter.java:87) ~[spring-webmvc-6.2.5.jar!/:6.2.5]
	at org.springframework.web.servlet.DispatcherServlet.doDispatch(DispatcherServlet.java:1089) ~[spring-webmvc-6.2.5.jar!/:6.2.5]
	at org.springframework.web.servlet.DispatcherServlet.doService(DispatcherServlet.java:979) ~[spring-webmvc-6.2.5.jar!/:6.2.5]
	at org.springframework.web.servlet.FrameworkServlet.processRequest(FrameworkServlet.java:1014) ~[spring-webmvc-6.2.5.jar!/:6.2.5]
	at org.springframework.web.servlet.FrameworkServlet.doPost(FrameworkServlet.java:914) ~[spring-webmvc-6.2.5.jar!/:6.2.5]
	at jakarta.servlet.http.HttpServlet.service(HttpServlet.java:547) ~[jakarta.servlet-api-6.0.0.jar!/:6.0.0]
	at org.springframework.web.servlet.FrameworkServlet.service(FrameworkServlet.java:885) ~[spring-webmvc-6.2.5.jar!/:6.2.5]
	at jakarta.servlet.http.HttpServlet.service(HttpServlet.java:614) ~[jakarta.servlet-api-6.0.0.jar!/:6.0.0]
	at io.undertow.servlet.handlers.ServletHandler.handleRequest(ServletHandler.java:74) ~[undertow-servlet-2.3.18.Final.jar!/:2.3.18.Final]
	at io.undertow.servlet.handlers.FilterHandler$FilterChainImpl.doFilter(FilterHandler.java:129) ~[undertow-servlet-2.3.18.Final.jar!/:2.3.18.Final]
	at org.springframework.web.servlet.resource.ResourceUrlEncodingFilter.doFilter(ResourceUrlEncodingFilter.java:66) ~[spring-webmvc-6.2.5.jar!/:6.2.5]
	at io.undertow.servlet.core.ManagedFilter.doFilter(ManagedFilter.java:67) ~[undertow-servlet-2.3.18.Final.jar!/:2.3.18.Final]
	at io.undertow.servlet.handlers.FilterHandler$FilterChainImpl.doFilter(FilterHandler.java:131) ~[undertow-servlet-2.3.18.Final.jar!/:2.3.18.Final]
	at com.alibaba.druid.support.jakarta.WebStatFilter.doFilter(WebStatFilter.java:113) ~[druid-1.2.24.jar!/:na]
	at io.undertow.servlet.core.ManagedFilter.doFilter(ManagedFilter.java:67) ~[undertow-servlet-2.3.18.Final.jar!/:2.3.18.Final]
	at io.undertow.servlet.handlers.FilterHandler$FilterChainImpl.doFilter(FilterHandler.java:131) ~[undertow-servlet-2.3.18.Final.jar!/:2.3.18.Final]
	at com.luohuo.basic.xss.filter.XssFilter.doFilter(XssFilter.java:66) ~[luohuo-xss-starter-3.0.6.jar!/:3.0.6]
	at io.undertow.servlet.core.ManagedFilter.doFilter(ManagedFilter.java:67) ~[undertow-servlet-2.3.18.Final.jar!/:2.3.18.Final]
	at io.undertow.servlet.handlers.FilterHandler$FilterChainImpl.doFilter(FilterHandler.java:131) ~[undertow-servlet-2.3.18.Final.jar!/:2.3.18.Final]
	at cn.dev33.satoken.filter.SaFirewallCheckFilterForJakartaServlet.doFilter(SaFirewallCheckFilterForJakartaServlet.java:69) ~[sa-token-spring-boot3-starter-1.42.0.jar!/:na]
	at io.undertow.servlet.core.ManagedFilter.doFilter(ManagedFilter.java:67) ~[undertow-servlet-2.3.18.Final.jar!/:2.3.18.Final]
	at io.undertow.servlet.handlers.FilterHandler$FilterChainImpl.doFilter(FilterHandler.java:131) ~[undertow-servlet-2.3.18.Final.jar!/:2.3.18.Final]
	at cn.dev33.satoken.filter.SaTokenCorsFilterForJakartaServlet.doFilter(SaTokenCorsFilterForJakartaServlet.java:52) ~[sa-token-spring-boot3-starter-1.42.0.jar!/:na]
	at io.undertow.servlet.core.ManagedFilter.doFilter(ManagedFilter.java:67) ~[undertow-servlet-2.3.18.Final.jar!/:2.3.18.Final]
	at io.undertow.servlet.handlers.FilterHandler$FilterChainImpl.doFilter(FilterHandler.java:131) ~[undertow-servlet-2.3.18.Final.jar!/:2.3.18.Final]
	at cn.dev33.satoken.filter.SaTokenContextFilterForJakartaServlet.doFilter(SaTokenContextFilterForJakartaServlet.java:40) ~[sa-token-spring-boot3-starter-1.42.0.jar!/:na]
	at io.undertow.servlet.core.ManagedFilter.doFilter(ManagedFilter.java:67) ~[undertow-servlet-2.3.18.Final.jar!/:2.3.18.Final]
	at io.undertow.servlet.handlers.FilterHandler$FilterChainImpl.doFilter(FilterHandler.java:131) ~[undertow-servlet-2.3.18.Final.jar!/:2.3.18.Final]
	at com.luohuo.basic.tenant.core.web.TenantContextWebFilter.doFilterInternal(TenantContextWebFilter.java:29) ~[luohuo-tenant-3.0.6.jar!/:3.0.6]
	at org.springframework.web.filter.OncePerRequestFilter.doFilter(OncePerRequestFilter.java:116) ~[spring-web-6.2.5.jar!/:6.2.5]
	at io.undertow.servlet.core.ManagedFilter.doFilter(ManagedFilter.java:67) ~[undertow-servlet-2.3.18.Final.jar!/:2.3.18.Final]
	at io.undertow.servlet.handlers.FilterHandler$FilterChainImpl.doFilter(FilterHandler.java:131) ~[undertow-servlet-2.3.18.Final.jar!/:2.3.18.Final]
	at org.springframework.web.filter.RequestContextFilter.doFilterInternal(RequestContextFilter.java:100) ~[spring-web-6.2.5.jar!/:6.2.5]
	at org.springframework.web.filter.OncePerRequestFilter.doFilter(OncePerRequestFilter.java:116) ~[spring-web-6.2.5.jar!/:6.2.5]
	at io.undertow.servlet.core.ManagedFilter.doFilter(ManagedFilter.java:67) ~[undertow-servlet-2.3.18.Final.jar!/:2.3.18.Final]
	at io.undertow.servlet.handlers.FilterHandler$FilterChainImpl.doFilter(FilterHandler.java:131) ~[undertow-servlet-2.3.18.Final.jar!/:2.3.18.Final]
	at org.springframework.web.filter.FormContentFilter.doFilterInternal(FormContentFilter.java:93) ~[spring-web-6.2.5.jar!/:6.2.5]
	at org.springframework.web.filter.OncePerRequestFilter.doFilter(OncePerRequestFilter.java:116) ~[spring-web-6.2.5.jar!/:6.2.5]
	at io.undertow.servlet.core.ManagedFilter.doFilter(ManagedFilter.java:67) ~[undertow-servlet-2.3.18.Final.jar!/:2.3.18.Final]
	at io.undertow.servlet.handlers.FilterHandler$FilterChainImpl.doFilter(FilterHandler.java:131) ~[undertow-servlet-2.3.18.Final.jar!/:2.3.18.Final]
	at org.springframework.web.filter.ServerHttpObservationFilter.doFilterInternal(ServerHttpObservationFilter.java:114) ~[spring-web-6.2.5.jar!/:6.2.5]
	at org.springframework.web.filter.OncePerRequestFilter.doFilter(OncePerRequestFilter.java:116) ~[spring-web-6.2.5.jar!/:6.2.5]
	at io.undertow.servlet.core.ManagedFilter.doFilter(ManagedFilter.java:67) ~[undertow-servlet-2.3.18.Final.jar!/:2.3.18.Final]
	at io.undertow.servlet.handlers.FilterHandler$FilterChainImpl.doFilter(FilterHandler.java:131) ~[undertow-servlet-2.3.18.Final.jar!/:2.3.18.Final]
	at org.springframework.web.filter.CharacterEncodingFilter.doFilterInternal(CharacterEncodingFilter.java:201) ~[spring-web-6.2.5.jar!/:6.2.5]
	at org.springframework.web.filter.OncePerRequestFilter.doFilter(OncePerRequestFilter.java:116) ~[spring-web-6.2.5.jar!/:6.2.5]
	at io.undertow.servlet.core.ManagedFilter.doFilter(ManagedFilter.java:67) ~[undertow-servlet-2.3.18.Final.jar!/:2.3.18.Final]
	at io.undertow.servlet.handlers.FilterHandler$FilterChainImpl.doFilter(FilterHandler.java:131) ~[undertow-servlet-2.3.18.Final.jar!/:2.3.18.Final]
	at io.undertow.servlet.handlers.FilterHandler.handleRequest(FilterHandler.java:84) ~[undertow-servlet-2.3.18.Final.jar!/:2.3.18.Final]
	at io.undertow.servlet.handlers.security.ServletSecurityRoleHandler.handleRequest(ServletSecurityRoleHandler.java:62) ~[undertow-servlet-2.3.18.Final.jar!/:2.3.18.Final]
	at io.undertow.servlet.handlers.ServletChain$1.handleRequest(ServletChain.java:68) ~[undertow-servlet-2.3.18.Final.jar!/:2.3.18.Final]
	at io.undertow.servlet.handlers.ServletDispatchingHandler.handleRequest(ServletDispatchingHandler.java:36) ~[undertow-servlet-2.3.18.Final.jar!/:2.3.18.Final]
	at io.undertow.servlet.handlers.RedirectDirHandler.handleRequest(RedirectDirHandler.java:68) ~[undertow-servlet-2.3.18.Final.jar!/:2.3.18.Final]
	at io.undertow.servlet.handlers.security.SSLInformationAssociationHandler.handleRequest(SSLInformationAssociationHandler.java:117) ~[undertow-servlet-2.3.18.Final.jar!/:2.3.18.Final]
	at io.undertow.servlet.handlers.security.ServletAuthenticationCallHandler.handleRequest(ServletAuthenticationCallHandler.java:57) ~[undertow-servlet-2.3.18.Final.jar!/:2.3.18.Final]
	at io.undertow.server.handlers.PredicateHandler.handleRequest(PredicateHandler.java:43) ~[undertow-core-2.3.18.Final.jar!/:2.3.18.Final]
	at io.undertow.security.handlers.AbstractConfidentialityHandler.handleRequest(AbstractConfidentialityHandler.java:46) ~[undertow-core-2.3.18.Final.jar!/:2.3.18.Final]
	at io.undertow.servlet.handlers.security.ServletConfidentialityConstraintHandler.handleRequest(ServletConfidentialityConstraintHandler.java:64) ~[undertow-servlet-2.3.18.Final.jar!/:2.3.18.Final]
	at io.undertow.security.handlers.AuthenticationMechanismsHandler.handleRequest(AuthenticationMechanismsHandler.java:60) ~[undertow-core-2.3.18.Final.jar!/:2.3.18.Final]
	at io.undertow.servlet.handlers.security.CachedAuthenticatedSessionHandler.handleRequest(CachedAuthenticatedSessionHandler.java:77) ~[undertow-servlet-2.3.18.Final.jar!/:2.3.18.Final]
	at io.undertow.security.handlers.AbstractSecurityContextAssociationHandler.handleRequest(AbstractSecurityContextAssociationHandler.java:43) ~[undertow-core-2.3.18.Final.jar!/:2.3.18.Final]
	at io.undertow.server.handlers.PredicateHandler.handleRequest(PredicateHandler.java:43) ~[undertow-core-2.3.18.Final.jar!/:2.3.18.Final]
	at io.undertow.servlet.handlers.SendErrorPageHandler.handleRequest(SendErrorPageHandler.java:52) ~[undertow-servlet-2.3.18.Final.jar!/:2.3.18.Final]
	at io.undertow.server.handlers.PredicateHandler.handleRequest(PredicateHandler.java:43) ~[undertow-core-2.3.18.Final.jar!/:2.3.18.Final]
	at io.undertow.servlet.handlers.ServletInitialHandler.handleFirstRequest(ServletInitialHandler.java:276) ~[undertow-servlet-2.3.18.Final.jar!/:2.3.18.Final]
	at io.undertow.servlet.handlers.ServletInitialHandler$2.call(ServletInitialHandler.java:135) ~[undertow-servlet-2.3.18.Final.jar!/:2.3.18.Final]
	at io.undertow.servlet.handlers.ServletInitialHandler$2.call(ServletInitialHandler.java:132) ~[undertow-servlet-2.3.18.Final.jar!/:2.3.18.Final]
	at io.undertow.servlet.core.ServletRequestContextThreadSetupAction$1.call(ServletRequestContextThreadSetupAction.java:48) ~[undertow-servlet-2.3.18.Final.jar!/:2.3.18.Final]
	at io.undertow.servlet.core.ContextClassLoaderSetupAction$1.call(ContextClassLoaderSetupAction.java:43) ~[undertow-servlet-2.3.18.Final.jar!/:2.3.18.Final]
	at io.undertow.servlet.handlers.ServletInitialHandler.dispatchRequest(ServletInitialHandler.java:256) ~[undertow-servlet-2.3.18.Final.jar!/:2.3.18.Final]
	at io.undertow.servlet.handlers.ServletInitialHandler$1.handleRequest(ServletInitialHandler.java:101) ~[undertow-servlet-2.3.18.Final.jar!/:2.3.18.Final]
	at io.undertow.server.Connectors.executeRootHandler(Connectors.java:395) ~[undertow-core-2.3.18.Final.jar!/:2.3.18.Final]
	at io.undertow.server.HttpServerExchange$1.run(HttpServerExchange.java:861) ~[undertow-core-2.3.18.Final.jar!/:2.3.18.Final]
	at org.jboss.threads.ContextHandler$1.runWith(ContextHandler.java:18) ~[jboss-threads-3.5.0.Final.jar!/:3.5.0.Final]
	at org.jboss.threads.EnhancedQueueExecutor$Task.run(EnhancedQueueExecutor.java:2513) ~[jboss-threads-3.5.0.Final.jar!/:3.5.0.Final]
	at org.jboss.threads.EnhancedQueueExecutor$ThreadBody.run(EnhancedQueueExecutor.java:1538) ~[jboss-threads-3.5.0.Final.jar!/:3.5.0.Final]
	at org.xnio.XnioWorker$WorkerThreadFactory$1$1.run(XnioWorker.java:1282) ~[xnio-api-3.8.16.Final.jar!/:3.8.16.Final]
	at java.base/java.lang.Thread.run(Thread.java:1583) ~[na:na]

[luohuo-im-server:18778:] 2026-02-18 10:01:22.209[ WARN] 75149 [] [XNIO-2 task-2:124825] [c.l.b.boot.handler.AbstractGlobalExceptionHandler.bizException:66] BizException:

com.luohuo.basic.exception.BizException: AI_APPROVAL_REQUIRED:apr_b7f4784899994a44a7aedcb517e7401b
	at com.luohuo.basic.exception.BizException.wrap(BizException.java:54) ~[luohuo-core-3.0.6.jar!/:3.0.6]
	at com.luohuo.flex.im.core.chat.service.ai.approval.AiApprovalService.ensureAccess(AiApprovalService.java:96) ~[luohuo-im-biz-3.0.6.jar!/:3.0.6]
	at com.luohuo.flex.im.core.chat.service.ai.AiDispatchPrecheckService.preCheck(AiDispatchPrecheckService.java:76) ~[luohuo-im-biz-3.0.6.jar!/:3.0.6]
	at com.luohuo.flex.im.core.chat.service.impl.ChatServiceImpl.sendMsg(ChatServiceImpl.java:79) ~[luohuo-im-biz-3.0.6.jar!/:3.0.6]
	at java.base/jdk.internal.reflect.DirectMethodHandleAccessor.invoke(DirectMethodHandleAccessor.java:103) ~[na:na]
	at java.base/java.lang.reflect.Method.invoke(Method.java:580) ~[na:na]
	at org.springframework.aop.support.AopUtils.invokeJoinpointUsingReflection(AopUtils.java:359) ~[spring-aop-6.2.5.jar!/:6.2.5]
	at org.springframework.aop.framework.ReflectiveMethodInvocation.invokeJoinpoint(ReflectiveMethodInvocation.java:196) ~[spring-aop-6.2.5.jar!/:6.2.5]
	at org.springframework.aop.framework.ReflectiveMethodInvocation.proceed(ReflectiveMethodInvocation.java:163) ~[spring-aop-6.2.5.jar!/:6.2.5]
	at org.springframework.transaction.interceptor.TransactionAspectSupport.invokeWithinTransaction(TransactionAspectSupport.java:380) ~[spring-tx-6.2.5.jar!/:6.2.5]
	at org.springframework.transaction.interceptor.TransactionInterceptor.invoke(TransactionInterceptor.java:119) ~[spring-tx-6.2.5.jar!/:6.2.5]
	at org.springframework.aop.framework.ReflectiveMethodInvocation.proceed(ReflectiveMethodInvocation.java:184) ~[spring-aop-6.2.5.jar!/:6.2.5]
	at org.springframework.aop.interceptor.ExposeInvocationInterceptor.invoke(ExposeInvocationInterceptor.java:97) ~[spring-aop-6.2.5.jar!/:6.2.5]
	at org.springframework.aop.framework.ReflectiveMethodInvocation.proceed(ReflectiveMethodInvocation.java:184) ~[spring-aop-6.2.5.jar!/:6.2.5]
	at org.springframework.aop.framework.CglibAopProxy$DynamicAdvisedInterceptor.intercept(CglibAopProxy.java:727) ~[spring-aop-6.2.5.jar!/:6.2.5]
	at com.luohuo.flex.im.core.chat.service.impl.ChatServiceImpl$$SpringCGLIB$$0.sendMsg(<generated>) ~[luohuo-im-biz-3.0.6.jar!/:3.0.6]
	at com.luohuo.flex.im.controller.chat.ChatController.sendMsg(ChatController.java:78) ~[luohuo-im-controller-3.0.6.jar!/:3.0.6]
	at java.base/jdk.internal.reflect.DirectMethodHandleAccessor.invoke(DirectMethodHandleAccessor.java:103) ~[na:na]
	at java.base/java.lang.reflect.Method.invoke(Method.java:580) ~[na:na]
	at org.springframework.aop.support.AopUtils.invokeJoinpointUsingReflection(AopUtils.java:359) ~[spring-aop-6.2.5.jar!/:6.2.5]
	at org.springframework.aop.framework.ReflectiveMethodInvocation.invokeJoinpoint(ReflectiveMethodInvocation.java:196) ~[spring-aop-6.2.5.jar!/:6.2.5]
	at org.springframework.aop.framework.ReflectiveMethodInvocation.proceed(ReflectiveMethodInvocation.java:163) ~[spring-aop-6.2.5.jar!/:6.2.5]
	at org.springframework.aop.interceptor.ExposeInvocationInterceptor.invoke(ExposeInvocationInterceptor.java:97) ~[spring-aop-6.2.5.jar!/:6.2.5]
	at org.springframework.aop.framework.ReflectiveMethodInvocation.proceed(ReflectiveMethodInvocation.java:184) ~[spring-aop-6.2.5.jar!/:6.2.5]
	at org.springframework.aop.framework.CglibAopProxy$DynamicAdvisedInterceptor.intercept(CglibAopProxy.java:727) ~[spring-aop-6.2.5.jar!/:6.2.5]
	at com.luohuo.flex.im.controller.chat.ChatController$$SpringCGLIB$$0.sendMsg(<generated>) ~[luohuo-im-controller-3.0.6.jar!/:3.0.6]
	at java.base/jdk.internal.reflect.DirectMethodHandleAccessor.invoke(DirectMethodHandleAccessor.java:103) ~[na:na]
	at java.base/java.lang.reflect.Method.invoke(Method.java:580) ~[na:na]
	at org.springframework.web.method.support.InvocableHandlerMethod.doInvoke(InvocableHandlerMethod.java:258) ~[spring-web-6.2.5.jar!/:6.2.5]
	at org.springframework.web.method.support.InvocableHandlerMethod.invokeForRequest(InvocableHandlerMethod.java:191) ~[spring-web-6.2.5.jar!/:6.2.5]
	at org.springframework.web.servlet.mvc.method.annotation.ServletInvocableHandlerMethod.invokeAndHandle(ServletInvocableHandlerMethod.java:118) ~[spring-webmvc-6.2.5.jar!/:6.2.5]
	at org.springframework.web.servlet.mvc.method.annotation.RequestMappingHandlerAdapter.invokeHandlerMethod(RequestMappingHandlerAdapter.java:986) ~[spring-webmvc-6.2.5.jar!/:6.2.5]
	at org.springframework.web.servlet.mvc.method.annotation.RequestMappingHandlerAdapter.handleInternal(RequestMappingHandlerAdapter.java:891) ~[spring-webmvc-6.2.5.jar!/:6.2.5]
	at org.springframework.web.servlet.mvc.method.AbstractHandlerMethodAdapter.handle(AbstractHandlerMethodAdapter.java:87) ~[spring-webmvc-6.2.5.jar!/:6.2.5]
	at org.springframework.web.servlet.DispatcherServlet.doDispatch(DispatcherServlet.java:1089) ~[spring-webmvc-6.2.5.jar!/:6.2.5]
	at org.springframework.web.servlet.DispatcherServlet.doService(DispatcherServlet.java:979) ~[spring-webmvc-6.2.5.jar!/:6.2.5]
	at org.springframework.web.servlet.FrameworkServlet.processRequest(FrameworkServlet.java:1014) ~[spring-webmvc-6.2.5.jar!/:6.2.5]
	at org.springframework.web.servlet.FrameworkServlet.doPost(FrameworkServlet.java:914) ~[spring-webmvc-6.2.5.jar!/:6.2.5]
	at jakarta.servlet.http.HttpServlet.service(HttpServlet.java:547) ~[jakarta.servlet-api-6.0.0.jar!/:6.0.0]
	at org.springframework.web.servlet.FrameworkServlet.service(FrameworkServlet.java:885) ~[spring-webmvc-6.2.5.jar!/:6.2.5]
	at jakarta.servlet.http.HttpServlet.service(HttpServlet.java:614) ~[jakarta.servlet-api-6.0.0.jar!/:6.0.0]
	at io.undertow.servlet.handlers.ServletHandler.handleRequest(ServletHandler.java:74) ~[undertow-servlet-2.3.18.Final.jar!/:2.3.18.Final]
	at io.undertow.servlet.handlers.FilterHandler$FilterChainImpl.doFilter(FilterHandler.java:129) ~[undertow-servlet-2.3.18.Final.jar!/:2.3.18.Final]
	at org.springframework.web.servlet.resource.ResourceUrlEncodingFilter.doFilter(ResourceUrlEncodingFilter.java:66) ~[spring-webmvc-6.2.5.jar!/:6.2.5]
	at io.undertow.servlet.core.ManagedFilter.doFilter(ManagedFilter.java:67) ~[undertow-servlet-2.3.18.Final.jar!/:2.3.18.Final]
	at io.undertow.servlet.handlers.FilterHandler$FilterChainImpl.doFilter(FilterHandler.java:131) ~[undertow-servlet-2.3.18.Final.jar!/:2.3.18.Final]
	at com.alibaba.druid.support.jakarta.WebStatFilter.doFilter(WebStatFilter.java:113) ~[druid-1.2.24.jar!/:na]
	at io.undertow.servlet.core.ManagedFilter.doFilter(ManagedFilter.java:67) ~[undertow-servlet-2.3.18.Final.jar!/:2.3.18.Final]
	at io.undertow.servlet.handlers.FilterHandler$FilterChainImpl.doFilter(FilterHandler.java:131) ~[undertow-servlet-2.3.18.Final.jar!/:2.3.18.Final]
	at com.luohuo.basic.xss.filter.XssFilter.doFilter(XssFilter.java:66) ~[luohuo-xss-starter-3.0.6.jar!/:3.0.6]
	at io.undertow.servlet.core.ManagedFilter.doFilter(ManagedFilter.java:67) ~[undertow-servlet-2.3.18.Final.jar!/:2.3.18.Final]
	at io.undertow.servlet.handlers.FilterHandler$FilterChainImpl.doFilter(FilterHandler.java:131) ~[undertow-servlet-2.3.18.Final.jar!/:2.3.18.Final]
	at cn.dev33.satoken.filter.SaFirewallCheckFilterForJakartaServlet.doFilter(SaFirewallCheckFilterForJakartaServlet.java:69) ~[sa-token-spring-boot3-starter-1.42.0.jar!/:na]
	at io.undertow.servlet.core.ManagedFilter.doFilter(ManagedFilter.java:67) ~[undertow-servlet-2.3.18.Final.jar!/:2.3.18.Final]
	at io.undertow.servlet.handlers.FilterHandler$FilterChainImpl.doFilter(FilterHandler.java:131) ~[undertow-servlet-2.3.18.Final.jar!/:2.3.18.Final]
	at cn.dev33.satoken.filter.SaTokenCorsFilterForJakartaServlet.doFilter(SaTokenCorsFilterForJakartaServlet.java:52) ~[sa-token-spring-boot3-starter-1.42.0.jar!/:na]
	at io.undertow.servlet.core.ManagedFilter.doFilter(ManagedFilter.java:67) ~[undertow-servlet-2.3.18.Final.jar!/:2.3.18.Final]
	at io.undertow.servlet.handlers.FilterHandler$FilterChainImpl.doFilter(FilterHandler.java:131) ~[undertow-servlet-2.3.18.Final.jar!/:2.3.18.Final]
	at cn.dev33.satoken.filter.SaTokenContextFilterForJakartaServlet.doFilter(SaTokenContextFilterForJakartaServlet.java:40) ~[sa-token-spring-boot3-starter-1.42.0.jar!/:na]
	at io.undertow.servlet.core.ManagedFilter.doFilter(ManagedFilter.java:67) ~[undertow-servlet-2.3.18.Final.jar!/:2.3.18.Final]
	at io.undertow.servlet.handlers.FilterHandler$FilterChainImpl.doFilter(FilterHandler.java:131) ~[undertow-servlet-2.3.18.Final.jar!/:2.3.18.Final]
	at com.luohuo.basic.tenant.core.web.TenantContextWebFilter.doFilterInternal(TenantContextWebFilter.java:29) ~[luohuo-tenant-3.0.6.jar!/:3.0.6]
	at org.springframework.web.filter.OncePerRequestFilter.doFilter(OncePerRequestFilter.java:116) ~[spring-web-6.2.5.jar!/:6.2.5]
	at io.undertow.servlet.core.ManagedFilter.doFilter(ManagedFilter.java:67) ~[undertow-servlet-2.3.18.Final.jar!/:2.3.18.Final]
	at io.undertow.servlet.handlers.FilterHandler$FilterChainImpl.doFilter(FilterHandler.java:131) ~[undertow-servlet-2.3.18.Final.jar!/:2.3.18.Final]
	at org.springframework.web.filter.RequestContextFilter.doFilterInternal(RequestContextFilter.java:100) ~[spring-web-6.2.5.jar!/:6.2.5]
	at org.springframework.web.filter.OncePerRequestFilter.doFilter(OncePerRequestFilter.java:116) ~[spring-web-6.2.5.jar!/:6.2.5]
	at io.undertow.servlet.core.ManagedFilter.doFilter(ManagedFilter.java:67) ~[undertow-servlet-2.3.18.Final.jar!/:2.3.18.Final]
	at io.undertow.servlet.handlers.FilterHandler$FilterChainImpl.doFilter(FilterHandler.java:131) ~[undertow-servlet-2.3.18.Final.jar!/:2.3.18.Final]
	at org.springframework.web.filter.FormContentFilter.doFilterInternal(FormContentFilter.java:93) ~[spring-web-6.2.5.jar!/:6.2.5]
	at org.springframework.web.filter.OncePerRequestFilter.doFilter(OncePerRequestFilter.java:116) ~[spring-web-6.2.5.jar!/:6.2.5]
	at io.undertow.servlet.core.ManagedFilter.doFilter(ManagedFilter.java:67) ~[undertow-servlet-2.3.18.Final.jar!/:2.3.18.Final]
	at io.undertow.servlet.handlers.FilterHandler$FilterChainImpl.doFilter(FilterHandler.java:131) ~[undertow-servlet-2.3.18.Final.jar!/:2.3.18.Final]
	at org.springframework.web.filter.ServerHttpObservationFilter.doFilterInternal(ServerHttpObservationFilter.java:114) ~[spring-web-6.2.5.jar!/:6.2.5]
	at org.springframework.web.filter.OncePerRequestFilter.doFilter(OncePerRequestFilter.java:116) ~[spring-web-6.2.5.jar!/:6.2.5]
	at io.undertow.servlet.core.ManagedFilter.doFilter(ManagedFilter.java:67) ~[undertow-servlet-2.3.18.Final.jar!/:2.3.18.Final]
	at io.undertow.servlet.handlers.FilterHandler$FilterChainImpl.doFilter(FilterHandler.java:131) ~[undertow-servlet-2.3.18.Final.jar!/:2.3.18.Final]
	at org.springframework.web.filter.CharacterEncodingFilter.doFilterInternal(CharacterEncodingFilter.java:201) ~[spring-web-6.2.5.jar!/:6.2.5]
	at org.springframework.web.filter.OncePerRequestFilter.doFilter(OncePerRequestFilter.java:116) ~[spring-web-6.2.5.jar!/:6.2.5]
	at io.undertow.servlet.core.ManagedFilter.doFilter(ManagedFilter.java:67) ~[undertow-servlet-2.3.18.Final.jar!/:2.3.18.Final]
	at io.undertow.servlet.handlers.FilterHandler$FilterChainImpl.doFilter(FilterHandler.java:131) ~[undertow-servlet-2.3.18.Final.jar!/:2.3.18.Final]
	at io.undertow.servlet.handlers.FilterHandler.handleRequest(FilterHandler.java:84) ~[undertow-servlet-2.3.18.Final.jar!/:2.3.18.Final]
	at io.undertow.servlet.handlers.security.ServletSecurityRoleHandler.handleRequest(ServletSecurityRoleHandler.java:62) ~[undertow-servlet-2.3.18.Final.jar!/:2.3.18.Final]
	at io.undertow.servlet.handlers.ServletChain$1.handleRequest(ServletChain.java:68) ~[undertow-servlet-2.3.18.Final.jar!/:2.3.18.Final]
	at io.undertow.servlet.handlers.ServletDispatchingHandler.handleRequest(ServletDispatchingHandler.java:36) ~[undertow-servlet-2.3.18.Final.jar!/:2.3.18.Final]
	at io.undertow.servlet.handlers.RedirectDirHandler.handleRequest(RedirectDirHandler.java:68) ~[undertow-servlet-2.3.18.Final.jar!/:2.3.18.Final]
	at io.undertow.servlet.handlers.security.SSLInformationAssociationHandler.handleRequest(SSLInformationAssociationHandler.java:117) ~[undertow-servlet-2.3.18.Final.jar!/:2.3.18.Final]
	at io.undertow.servlet.handlers.security.ServletAuthenticationCallHandler.handleRequest(ServletAuthenticationCallHandler.java:57) ~[undertow-servlet-2.3.18.Final.jar!/:2.3.18.Final]
	at io.undertow.server.handlers.PredicateHandler.handleRequest(PredicateHandler.java:43) ~[undertow-core-2.3.18.Final.jar!/:2.3.18.Final]
	at io.undertow.security.handlers.AbstractConfidentialityHandler.handleRequest(AbstractConfidentialityHandler.java:46) ~[undertow-core-2.3.18.Final.jar!/:2.3.18.Final]
	at io.undertow.servlet.handlers.security.ServletConfidentialityConstraintHandler.handleRequest(ServletConfidentialityConstraintHandler.java:64) ~[undertow-servlet-2.3.18.Final.jar!/:2.3.18.Final]
	at io.undertow.security.handlers.AuthenticationMechanismsHandler.handleRequest(AuthenticationMechanismsHandler.java:60) ~[undertow-core-2.3.18.Final.jar!/:2.3.18.Final]
	at io.undertow.servlet.handlers.security.CachedAuthenticatedSessionHandler.handleRequest(CachedAuthenticatedSessionHandler.java:77) ~[undertow-servlet-2.3.18.Final.jar!/:2.3.18.Final]
	at io.undertow.security.handlers.AbstractSecurityContextAssociationHandler.handleRequest(AbstractSecurityContextAssociationHandler.java:43) ~[undertow-core-2.3.18.Final.jar!/:2.3.18.Final]
	at io.undertow.server.handlers.PredicateHandler.handleRequest(PredicateHandler.java:43) ~[undertow-core-2.3.18.Final.jar!/:2.3.18.Final]
	at io.undertow.servlet.handlers.SendErrorPageHandler.handleRequest(SendErrorPageHandler.java:52) ~[undertow-servlet-2.3.18.Final.jar!/:2.3.18.Final]
	at io.undertow.server.handlers.PredicateHandler.handleRequest(PredicateHandler.java:43) ~[undertow-core-2.3.18.Final.jar!/:2.3.18.Final]
	at io.undertow.servlet.handlers.ServletInitialHandler.handleFirstRequest(ServletInitialHandler.java:276) ~[undertow-servlet-2.3.18.Final.jar!/:2.3.18.Final]
	at io.undertow.servlet.handlers.ServletInitialHandler$2.call(ServletInitialHandler.java:135) ~[undertow-servlet-2.3.18.Final.jar!/:2.3.18.Final]
	at io.undertow.servlet.handlers.ServletInitialHandler$2.call(ServletInitialHandler.java:132) ~[undertow-servlet-2.3.18.Final.jar!/:2.3.18.Final]
	at io.undertow.servlet.core.ServletRequestContextThreadSetupAction$1.call(ServletRequestContextThreadSetupAction.java:48) ~[undertow-servlet-2.3.18.Final.jar!/:2.3.18.Final]
	at io.undertow.servlet.core.ContextClassLoaderSetupAction$1.call(ContextClassLoaderSetupAction.java:43) ~[undertow-servlet-2.3.18.Final.jar!/:2.3.18.Final]
	at io.undertow.servlet.handlers.ServletInitialHandler.dispatchRequest(ServletInitialHandler.java:256) ~[undertow-servlet-2.3.18.Final.jar!/:2.3.18.Final]
	at io.undertow.servlet.handlers.ServletInitialHandler$1.handleRequest(ServletInitialHandler.java:101) ~[undertow-servlet-2.3.18.Final.jar!/:2.3.18.Final]
	at io.undertow.server.Connectors.executeRootHandler(Connectors.java:395) ~[undertow-core-2.3.18.Final.jar!/:2.3.18.Final]
	at io.undertow.server.HttpServerExchange$1.run(HttpServerExchange.java:861) ~[undertow-core-2.3.18.Final.jar!/:2.3.18.Final]
	at org.jboss.threads.ContextHandler$1.runWith(ContextHandler.java:18) ~[jboss-threads-3.5.0.Final.jar!/:3.5.0.Final]
	at org.jboss.threads.EnhancedQueueExecutor$Task.run(EnhancedQueueExecutor.java:2513) ~[jboss-threads-3.5.0.Final.jar!/:3.5.0.Final]
	at org.jboss.threads.EnhancedQueueExecutor$ThreadBody.run(EnhancedQueueExecutor.java:1512) ~[jboss-threads-3.5.0.Final.jar!/:3.5.0.Final]
	at org.xnio.XnioWorker$WorkerThreadFactory$1$1.run(XnioWorker.java:1282) ~[xnio-api-3.8.16.Final.jar!/:3.8.16.Final]
	at java.base/java.lang.Thread.run(Thread.java:1583) ~[na:na]

[luohuo-im-server:18778:] 2026-02-18 10:02:10.680[ WARN] 75149 [] [XNIO-2 task-2:173296] [c.l.b.boot.handler.AbstractGlobalExceptionHandler.otherExceptionHandler:266] Exception:

org.springframework.jdbc.BadSqlGrammarException: 
### Error querying database.  Cause: java.sql.SQLSyntaxErrorException: Unknown column 'is_del' in 'where clause'
### The error may exist in com/luohuo/flex/im/core/chat/mapper/ai/AiAuditLogMapper.java (best guess)
### The error may involve defaultParameterMap
### The error occurred while setting parameters
### SQL: SELECT COUNT(*) AS total FROM im_ai_audit_log WHERE is_del = false AND (owner_uid = ? AND ai_user_id = ?) AND tenant_id = 1
### Cause: java.sql.SQLSyntaxErrorException: Unknown column 'is_del' in 'where clause'
; bad SQL grammar []
	at org.springframework.jdbc.support.SQLErrorCodeSQLExceptionTranslator.doTranslate(SQLErrorCodeSQLExceptionTranslator.java:246) ~[spring-jdbc-6.2.5.jar!/:6.2.5]
	at org.springframework.jdbc.support.AbstractFallbackSQLExceptionTranslator.translate(AbstractFallbackSQLExceptionTranslator.java:107) ~[spring-jdbc-6.2.5.jar!/:6.2.5]
	at org.mybatis.spring.MyBatisExceptionTranslator.translateExceptionIfPossible(MyBatisExceptionTranslator.java:93) ~[mybatis-spring-3.0.4.jar!/:3.0.4]
	at org.mybatis.spring.SqlSessionTemplate$SqlSessionInterceptor.invoke(SqlSessionTemplate.java:347) ~[mybatis-spring-3.0.4.jar!/:3.0.4]
	at jdk.proxy2/jdk.proxy2.$Proxy168.selectList(Unknown Source) ~[na:na]
	at org.mybatis.spring.SqlSessionTemplate.selectList(SqlSessionTemplate.java:194) ~[mybatis-spring-3.0.4.jar!/:3.0.4]
	at com.baomidou.mybatisplus.core.override.MybatisMapperMethod.executeForMany(MybatisMapperMethod.java:164) ~[mybatis-plus-core-3.5.11.jar!/:3.5.11]
	at com.baomidou.mybatisplus.core.override.MybatisMapperMethod.execute(MybatisMapperMethod.java:77) ~[mybatis-plus-core-3.5.11.jar!/:3.5.11]
	at com.baomidou.mybatisplus.core.override.MybatisMapperProxy$PlainMethodInvoker.invoke(MybatisMapperProxy.java:155) ~[mybatis-plus-core-3.5.11.jar!/:3.5.11]
	at com.baomidou.mybatisplus.core.override.MybatisMapperProxy.invoke(MybatisMapperProxy.java:92) ~[mybatis-plus-core-3.5.11.jar!/:3.5.11]
	at jdk.proxy2/jdk.proxy2.$Proxy237.selectList(Unknown Source) ~[na:na]
	at com.baomidou.mybatisplus.core.mapper.BaseMapper.selectPage(BaseMapper.java:458) ~[mybatis-plus-core-3.5.11.jar!/:3.5.11]
	at java.base/java.lang.invoke.MethodHandle.invokeWithArguments(MethodHandle.java:733) ~[na:na]
	at com.baomidou.mybatisplus.core.override.MybatisMapperProxy$DefaultMethodInvoker.invoke(MybatisMapperProxy.java:181) ~[mybatis-plus-core-3.5.11.jar!/:3.5.11]
	at com.baomidou.mybatisplus.core.override.MybatisMapperProxy.invoke(MybatisMapperProxy.java:92) ~[mybatis-plus-core-3.5.11.jar!/:3.5.11]
	at jdk.proxy2/jdk.proxy2.$Proxy237.selectPage(Unknown Source) ~[na:na]
	at java.base/jdk.internal.reflect.DirectMethodHandleAccessor.invoke(DirectMethodHandleAccessor.java:103) ~[na:na]
	at java.base/java.lang.reflect.Method.invoke(Method.java:580) ~[na:na]
	at org.springframework.aop.support.AopUtils.invokeJoinpointUsingReflection(AopUtils.java:359) ~[spring-aop-6.2.5.jar!/:6.2.5]
	at org.springframework.aop.framework.ReflectiveMethodInvocation.invokeJoinpoint(ReflectiveMethodInvocation.java:196) ~[spring-aop-6.2.5.jar!/:6.2.5]
	at org.springframework.aop.framework.ReflectiveMethodInvocation.proceed(ReflectiveMethodInvocation.java:163) ~[spring-aop-6.2.5.jar!/:6.2.5]
	at org.springframework.dao.support.PersistenceExceptionTranslationInterceptor.invoke(PersistenceExceptionTranslationInterceptor.java:138) ~[spring-tx-6.2.5.jar!/:6.2.5]
	at org.springframework.aop.framework.ReflectiveMethodInvocation.proceed(ReflectiveMethodInvocation.java:184) ~[spring-aop-6.2.5.jar!/:6.2.5]
	at org.springframework.aop.framework.JdkDynamicAopProxy.invoke(JdkDynamicAopProxy.java:223) ~[spring-aop-6.2.5.jar!/:6.2.5]
	at jdk.proxy2/jdk.proxy2.$Proxy238.selectPage(Unknown Source) ~[na:na]
	at com.luohuo.flex.im.core.chat.dao.ai.AiAuditLogDao.selectPage(AiAuditLogDao.java:20) ~[luohuo-im-biz-3.0.6.jar!/:3.0.6]
	at java.base/jdk.internal.reflect.DirectMethodHandleAccessor.invoke(DirectMethodHandleAccessor.java:103) ~[na:na]
	at java.base/java.lang.reflect.Method.invoke(Method.java:580) ~[na:na]
	at org.springframework.aop.support.AopUtils.invokeJoinpointUsingReflection(AopUtils.java:359) ~[spring-aop-6.2.5.jar!/:6.2.5]
	at org.springframework.aop.framework.CglibAopProxy$DynamicAdvisedInterceptor.intercept(CglibAopProxy.java:723) ~[spring-aop-6.2.5.jar!/:6.2.5]
	at com.luohuo.flex.im.core.chat.dao.ai.AiAuditLogDao$$SpringCGLIB$$0.selectPage(<generated>) ~[luohuo-im-biz-3.0.6.jar!/:3.0.6]
	at com.luohuo.flex.im.core.chat.service.ai.audit.AiAuditLogService.listAuditLogs(AiAuditLogService.java:67) ~[luohuo-im-biz-3.0.6.jar!/:3.0.6]
	at com.luohuo.flex.im.controller.chat.AiApprovalController.auditList(AiApprovalController.java:65) ~[luohuo-im-controller-3.0.6.jar!/:3.0.6]
	at java.base/jdk.internal.reflect.DirectMethodHandleAccessor.invoke(DirectMethodHandleAccessor.java:103) ~[na:na]
	at java.base/java.lang.reflect.Method.invoke(Method.java:580) ~[na:na]
	at org.springframework.web.method.support.InvocableHandlerMethod.doInvoke(InvocableHandlerMethod.java:258) ~[spring-web-6.2.5.jar!/:6.2.5]
	at org.springframework.web.method.support.InvocableHandlerMethod.invokeForRequest(InvocableHandlerMethod.java:191) ~[spring-web-6.2.5.jar!/:6.2.5]
	at org.springframework.web.servlet.mvc.method.annotation.ServletInvocableHandlerMethod.invokeAndHandle(ServletInvocableHandlerMethod.java:118) ~[spring-webmvc-6.2.5.jar!/:6.2.5]
	at org.springframework.web.servlet.mvc.method.annotation.RequestMappingHandlerAdapter.invokeHandlerMethod(RequestMappingHandlerAdapter.java:986) ~[spring-webmvc-6.2.5.jar!/:6.2.5]
	at org.springframework.web.servlet.mvc.method.annotation.RequestMappingHandlerAdapter.handleInternal(RequestMappingHandlerAdapter.java:891) ~[spring-webmvc-6.2.5.jar!/:6.2.5]
	at org.springframework.web.servlet.mvc.method.AbstractHandlerMethodAdapter.handle(AbstractHandlerMethodAdapter.java:87) ~[spring-webmvc-6.2.5.jar!/:6.2.5]
	at org.springframework.web.servlet.DispatcherServlet.doDispatch(DispatcherServlet.java:1089) ~[spring-webmvc-6.2.5.jar!/:6.2.5]
	at org.springframework.web.servlet.DispatcherServlet.doService(DispatcherServlet.java:979) ~[spring-webmvc-6.2.5.jar!/:6.2.5]
	at org.springframework.web.servlet.FrameworkServlet.processRequest(FrameworkServlet.java:1014) ~[spring-webmvc-6.2.5.jar!/:6.2.5]
	at org.springframework.web.servlet.FrameworkServlet.doGet(FrameworkServlet.java:903) ~[spring-webmvc-6.2.5.jar!/:6.2.5]
	at jakarta.servlet.http.HttpServlet.service(HttpServlet.java:527) ~[jakarta.servlet-api-6.0.0.jar!/:6.0.0]
	at org.springframework.web.servlet.FrameworkServlet.service(FrameworkServlet.java:885) ~[spring-webmvc-6.2.5.jar!/:6.2.5]
	at jakarta.servlet.http.HttpServlet.service(HttpServlet.java:614) ~[jakarta.servlet-api-6.0.0.jar!/:6.0.0]
	at io.undertow.servlet.handlers.ServletHandler.handleRequest(ServletHandler.java:74) ~[undertow-servlet-2.3.18.Final.jar!/:2.3.18.Final]
	at io.undertow.servlet.handlers.FilterHandler$FilterChainImpl.doFilter(FilterHandler.java:129) ~[undertow-servlet-2.3.18.Final.jar!/:2.3.18.Final]
	at org.springframework.web.servlet.resource.ResourceUrlEncodingFilter.doFilter(ResourceUrlEncodingFilter.java:66) ~[spring-webmvc-6.2.5.jar!/:6.2.5]
	at io.undertow.servlet.core.ManagedFilter.doFilter(ManagedFilter.java:67) ~[undertow-servlet-2.3.18.Final.jar!/:2.3.18.Final]
	at io.undertow.servlet.handlers.FilterHandler$FilterChainImpl.doFilter(FilterHandler.java:131) ~[undertow-servlet-2.3.18.Final.jar!/:2.3.18.Final]
	at com.alibaba.druid.support.jakarta.WebStatFilter.doFilter(WebStatFilter.java:113) ~[druid-1.2.24.jar!/:na]
	at io.undertow.servlet.core.ManagedFilter.doFilter(ManagedFilter.java:67) ~[undertow-servlet-2.3.18.Final.jar!/:2.3.18.Final]
	at io.undertow.servlet.handlers.FilterHandler$FilterChainImpl.doFilter(FilterHandler.java:131) ~[undertow-servlet-2.3.18.Final.jar!/:2.3.18.Final]
	at com.luohuo.basic.xss.filter.XssFilter.doFilter(XssFilter.java:66) ~[luohuo-xss-starter-3.0.6.jar!/:3.0.6]
	at io.undertow.servlet.core.ManagedFilter.doFilter(ManagedFilter.java:67) ~[undertow-servlet-2.3.18.Final.jar!/:2.3.18.Final]
	at io.undertow.servlet.handlers.FilterHandler$FilterChainImpl.doFilter(FilterHandler.java:131) ~[undertow-servlet-2.3.18.Final.jar!/:2.3.18.Final]
	at cn.dev33.satoken.filter.SaFirewallCheckFilterForJakartaServlet.doFilter(SaFirewallCheckFilterForJakartaServlet.java:69) ~[sa-token-spring-boot3-starter-1.42.0.jar!/:na]
	at io.undertow.servlet.core.ManagedFilter.doFilter(ManagedFilter.java:67) ~[undertow-servlet-2.3.18.Final.jar!/:2.3.18.Final]
	at io.undertow.servlet.handlers.FilterHandler$FilterChainImpl.doFilter(FilterHandler.java:131) ~[undertow-servlet-2.3.18.Final.jar!/:2.3.18.Final]
	at cn.dev33.satoken.filter.SaTokenCorsFilterForJakartaServlet.doFilter(SaTokenCorsFilterForJakartaServlet.java:52) ~[sa-token-spring-boot3-starter-1.42.0.jar!/:na]
	at io.undertow.servlet.core.ManagedFilter.doFilter(ManagedFilter.java:67) ~[undertow-servlet-2.3.18.Final.jar!/:2.3.18.Final]
	at io.undertow.servlet.handlers.FilterHandler$FilterChainImpl.doFilter(FilterHandler.java:131) ~[undertow-servlet-2.3.18.Final.jar!/:2.3.18.Final]
	at cn.dev33.satoken.filter.SaTokenContextFilterForJakartaServlet.doFilter(SaTokenContextFilterForJakartaServlet.java:40) ~[sa-token-spring-boot3-starter-1.42.0.jar!/:na]
	at io.undertow.servlet.core.ManagedFilter.doFilter(ManagedFilter.java:67) ~[undertow-servlet-2.3.18.Final.jar!/:2.3.18.Final]
	at io.undertow.servlet.handlers.FilterHandler$FilterChainImpl.doFilter(FilterHandler.java:131) ~[undertow-servlet-2.3.18.Final.jar!/:2.3.18.Final]
	at com.luohuo.basic.tenant.core.web.TenantContextWebFilter.doFilterInternal(TenantContextWebFilter.java:29) ~[luohuo-tenant-3.0.6.jar!/:3.0.6]
	at org.springframework.web.filter.OncePerRequestFilter.doFilter(OncePerRequestFilter.java:116) ~[spring-web-6.2.5.jar!/:6.2.5]
	at io.undertow.servlet.core.ManagedFilter.doFilter(ManagedFilter.java:67) ~[undertow-servlet-2.3.18.Final.jar!/:2.3.18.Final]
	at io.undertow.servlet.handlers.FilterHandler$FilterChainImpl.doFilter(FilterHandler.java:131) ~[undertow-servlet-2.3.18.Final.jar!/:2.3.18.Final]
	at org.springframework.web.filter.RequestContextFilter.doFilterInternal(RequestContextFilter.java:100) ~[spring-web-6.2.5.jar!/:6.2.5]
	at org.springframework.web.filter.OncePerRequestFilter.doFilter(OncePerRequestFilter.java:116) ~[spring-web-6.2.5.jar!/:6.2.5]
	at io.undertow.servlet.core.ManagedFilter.doFilter(ManagedFilter.java:67) ~[undertow-servlet-2.3.18.Final.jar!/:2.3.18.Final]
	at io.undertow.servlet.handlers.FilterHandler$FilterChainImpl.doFilter(FilterHandler.java:131) ~[undertow-servlet-2.3.18.Final.jar!/:2.3.18.Final]
	at org.springframework.web.filter.FormContentFilter.doFilterInternal(FormContentFilter.java:93) ~[spring-web-6.2.5.jar!/:6.2.5]
	at org.springframework.web.filter.OncePerRequestFilter.doFilter(OncePerRequestFilter.java:116) ~[spring-web-6.2.5.jar!/:6.2.5]
	at io.undertow.servlet.core.ManagedFilter.doFilter(ManagedFilter.java:67) ~[undertow-servlet-2.3.18.Final.jar!/:2.3.18.Final]
	at io.undertow.servlet.handlers.FilterHandler$FilterChainImpl.doFilter(FilterHandler.java:131) ~[undertow-servlet-2.3.18.Final.jar!/:2.3.18.Final]
	at org.springframework.web.filter.ServerHttpObservationFilter.doFilterInternal(ServerHttpObservationFilter.java:114) ~[spring-web-6.2.5.jar!/:6.2.5]
	at org.springframework.web.filter.OncePerRequestFilter.doFilter(OncePerRequestFilter.java:116) ~[spring-web-6.2.5.jar!/:6.2.5]
	at io.undertow.servlet.core.ManagedFilter.doFilter(ManagedFilter.java:67) ~[undertow-servlet-2.3.18.Final.jar!/:2.3.18.Final]
	at io.undertow.servlet.handlers.FilterHandler$FilterChainImpl.doFilter(FilterHandler.java:131) ~[undertow-servlet-2.3.18.Final.jar!/:2.3.18.Final]
	at org.springframework.web.filter.CharacterEncodingFilter.doFilterInternal(CharacterEncodingFilter.java:201) ~[spring-web-6.2.5.jar!/:6.2.5]
	at org.springframework.web.filter.OncePerRequestFilter.doFilter(OncePerRequestFilter.java:116) ~[spring-web-6.2.5.jar!/:6.2.5]
	at io.undertow.servlet.core.ManagedFilter.doFilter(ManagedFilter.java:67) ~[undertow-servlet-2.3.18.Final.jar!/:2.3.18.Final]
	at io.undertow.servlet.handlers.FilterHandler$FilterChainImpl.doFilter(FilterHandler.java:131) ~[undertow-servlet-2.3.18.Final.jar!/:2.3.18.Final]
	at io.undertow.servlet.handlers.FilterHandler.handleRequest(FilterHandler.java:84) ~[undertow-servlet-2.3.18.Final.jar!/:2.3.18.Final]
	at io.undertow.servlet.handlers.security.ServletSecurityRoleHandler.handleRequest(ServletSecurityRoleHandler.java:62) ~[undertow-servlet-2.3.18.Final.jar!/:2.3.18.Final]
	at io.undertow.servlet.handlers.ServletChain$1.handleRequest(ServletChain.java:68) ~[undertow-servlet-2.3.18.Final.jar!/:2.3.18.Final]
	at io.undertow.servlet.handlers.ServletDispatchingHandler.handleRequest(ServletDispatchingHandler.java:36) ~[undertow-servlet-2.3.18.Final.jar!/:2.3.18.Final]
	at io.undertow.servlet.handlers.RedirectDirHandler.handleRequest(RedirectDirHandler.java:68) ~[undertow-servlet-2.3.18.Final.jar!/:2.3.18.Final]
	at io.undertow.servlet.handlers.security.SSLInformationAssociationHandler.handleRequest(SSLInformationAssociationHandler.java:117) ~[undertow-servlet-2.3.18.Final.jar!/:2.3.18.Final]
	at io.undertow.servlet.handlers.security.ServletAuthenticationCallHandler.handleRequest(ServletAuthenticationCallHandler.java:57) ~[undertow-servlet-2.3.18.Final.jar!/:2.3.18.Final]
	at io.undertow.server.handlers.PredicateHandler.handleRequest(PredicateHandler.java:43) ~[undertow-core-2.3.18.Final.jar!/:2.3.18.Final]
	at io.undertow.security.handlers.AbstractConfidentialityHandler.handleRequest(AbstractConfidentialityHandler.java:46) ~[undertow-core-2.3.18.Final.jar!/:2.3.18.Final]
	at io.undertow.servlet.handlers.security.ServletConfidentialityConstraintHandler.handleRequest(ServletConfidentialityConstraintHandler.java:64) ~[undertow-servlet-2.3.18.Final.jar!/:2.3.18.Final]
	at io.undertow.security.handlers.AuthenticationMechanismsHandler.handleRequest(AuthenticationMechanismsHandler.java:60) ~[undertow-core-2.3.18.Final.jar!/:2.3.18.Final]
	at io.undertow.servlet.handlers.security.CachedAuthenticatedSessionHandler.handleRequest(CachedAuthenticatedSessionHandler.java:77) ~[undertow-servlet-2.3.18.Final.jar!/:2.3.18.Final]
	at io.undertow.security.handlers.AbstractSecurityContextAssociationHandler.handleRequest(AbstractSecurityContextAssociationHandler.java:43) ~[undertow-core-2.3.18.Final.jar!/:2.3.18.Final]
	at io.undertow.server.handlers.PredicateHandler.handleRequest(PredicateHandler.java:43) ~[undertow-core-2.3.18.Final.jar!/:2.3.18.Final]
	at io.undertow.servlet.handlers.SendErrorPageHandler.handleRequest(SendErrorPageHandler.java:52) ~[undertow-servlet-2.3.18.Final.jar!/:2.3.18.Final]
	at io.undertow.server.handlers.PredicateHandler.handleRequest(PredicateHandler.java:43) ~[undertow-core-2.3.18.Final.jar!/:2.3.18.Final]
	at io.undertow.servlet.handlers.ServletInitialHandler.handleFirstRequest(ServletInitialHandler.java:276) ~[undertow-servlet-2.3.18.Final.jar!/:2.3.18.Final]
	at io.undertow.servlet.handlers.ServletInitialHandler$2.call(ServletInitialHandler.java:135) ~[undertow-servlet-2.3.18.Final.jar!/:2.3.18.Final]
	at io.undertow.servlet.handlers.ServletInitialHandler$2.call(ServletInitialHandler.java:132) ~[undertow-servlet-2.3.18.Final.jar!/:2.3.18.Final]
	at io.undertow.servlet.core.ServletRequestContextThreadSetupAction$1.call(ServletRequestContextThreadSetupAction.java:48) ~[undertow-servlet-2.3.18.Final.jar!/:2.3.18.Final]
	at io.undertow.servlet.core.ContextClassLoaderSetupAction$1.call(ContextClassLoaderSetupAction.java:43) ~[undertow-servlet-2.3.18.Final.jar!/:2.3.18.Final]
	at io.undertow.servlet.handlers.ServletInitialHandler.dispatchRequest(ServletInitialHandler.java:256) ~[undertow-servlet-2.3.18.Final.jar!/:2.3.18.Final]
	at io.undertow.servlet.handlers.ServletInitialHandler$1.handleRequest(ServletInitialHandler.java:101) ~[undertow-servlet-2.3.18.Final.jar!/:2.3.18.Final]
	at io.undertow.server.Connectors.executeRootHandler(Connectors.java:395) ~[undertow-core-2.3.18.Final.jar!/:2.3.18.Final]
	at io.undertow.server.HttpServerExchange$1.run(HttpServerExchange.java:861) ~[undertow-core-2.3.18.Final.jar!/:2.3.18.Final]
	at org.jboss.threads.ContextHandler$1.runWith(ContextHandler.java:18) ~[jboss-threads-3.5.0.Final.jar!/:3.5.0.Final]
	at org.jboss.threads.EnhancedQueueExecutor$Task.run(EnhancedQueueExecutor.java:2513) ~[jboss-threads-3.5.0.Final.jar!/:3.5.0.Final]
	at org.jboss.threads.EnhancedQueueExecutor$ThreadBody.run(EnhancedQueueExecutor.java:1538) ~[jboss-threads-3.5.0.Final.jar!/:3.5.0.Final]
	at org.xnio.XnioWorker$WorkerThreadFactory$1$1.run(XnioWorker.java:1282) ~[xnio-api-3.8.16.Final.jar!/:3.8.16.Final]
	at java.base/java.lang.Thread.run(Thread.java:1583) ~[na:na]
Caused by: java.sql.SQLSyntaxErrorException: Unknown column 'is_del' in 'where clause'
	at com.mysql.cj.jdbc.exceptions.SQLError.createSQLException(SQLError.java:112) ~[mysql-connector-j-9.1.0.jar!/:9.1.0]
	at com.mysql.cj.jdbc.exceptions.SQLExceptionsMapping.translateException(SQLExceptionsMapping.java:114) ~[mysql-connector-j-9.1.0.jar!/:9.1.0]
	at com.mysql.cj.jdbc.ClientPreparedStatement.executeInternal(ClientPreparedStatement.java:988) ~[mysql-connector-j-9.1.0.jar!/:9.1.0]
	at com.mysql.cj.jdbc.ClientPreparedStatement.execute(ClientPreparedStatement.java:382) ~[mysql-connector-j-9.1.0.jar!/:9.1.0]
	at com.p6spy.engine.wrapper.PreparedStatementWrapper.execute(PreparedStatementWrapper.java:362) ~[p6spy-3.9.1.jar!/:na]
	at com.alibaba.druid.filter.FilterChainImpl.preparedStatement_execute(FilterChainImpl.java:3462) ~[druid-1.2.24.jar!/:na]
	at com.alibaba.druid.filter.FilterEventAdapter.preparedStatement_execute(FilterEventAdapter.java:434) ~[druid-1.2.24.jar!/:na]
	at com.alibaba.druid.filter.FilterChainImpl.preparedStatement_execute(FilterChainImpl.java:3460) ~[druid-1.2.24.jar!/:na]
	at com.alibaba.druid.wall.WallFilter.preparedStatement_execute(WallFilter.java:688) ~[druid-1.2.24.jar!/:na]
	at com.alibaba.druid.filter.FilterChainImpl.preparedStatement_execute(FilterChainImpl.java:3460) ~[druid-1.2.24.jar!/:na]
	at com.alibaba.druid.proxy.jdbc.PreparedStatementProxyImpl.execute(PreparedStatementProxyImpl.java:158) ~[druid-1.2.24.jar!/:na]
	at com.alibaba.druid.pool.DruidPooledPreparedStatement.execute(DruidPooledPreparedStatement.java:483) ~[druid-1.2.24.jar!/:na]
	at org.apache.ibatis.executor.statement.PreparedStatementHandler.query(PreparedStatementHandler.java:65) ~[mybatis-3.5.19.jar!/:3.5.19]
	at org.apache.ibatis.executor.statement.RoutingStatementHandler.query(RoutingStatementHandler.java:80) ~[mybatis-3.5.19.jar!/:3.5.19]
	at java.base/jdk.internal.reflect.DirectMethodHandleAccessor.invoke(DirectMethodHandleAccessor.java:103) ~[na:na]
	at java.base/java.lang.reflect.Method.invoke(Method.java:580) ~[na:na]
	at org.apache.ibatis.plugin.Plugin.invoke(Plugin.java:61) ~[mybatis-3.5.19.jar!/:3.5.19]
	at jdk.proxy2/jdk.proxy2.$Proxy226.query(Unknown Source) ~[na:na]
	at org.apache.ibatis.executor.SimpleExecutor.doQuery(SimpleExecutor.java:65) ~[mybatis-3.5.19.jar!/:3.5.19]
	at org.apache.ibatis.executor.BaseExecutor.queryFromDatabase(BaseExecutor.java:336) ~[mybatis-3.5.19.jar!/:3.5.19]
	at org.apache.ibatis.executor.BaseExecutor.query(BaseExecutor.java:158) ~[mybatis-3.5.19.jar!/:3.5.19]
	at com.baomidou.mybatisplus.extension.plugins.inner.PaginationInnerInterceptor.willDoQuery(PaginationInnerInterceptor.java:135) ~[mybatis-plus-jsqlparser-3.5.11.jar!/:3.5.11]
	at com.baomidou.mybatisplus.extension.plugins.MybatisPlusInterceptor.intercept(MybatisPlusInterceptor.java:75) ~[mybatis-plus-extension-3.5.11.jar!/:3.5.11]
	at org.apache.ibatis.plugin.Plugin.invoke(Plugin.java:59) ~[mybatis-3.5.19.jar!/:3.5.19]
	at jdk.proxy2/jdk.proxy2.$Proxy225.query(Unknown Source) ~[na:na]
	at org.apache.ibatis.session.defaults.DefaultSqlSession.selectList(DefaultSqlSession.java:154) ~[mybatis-3.5.19.jar!/:3.5.19]
	at org.apache.ibatis.session.defaults.DefaultSqlSession.selectList(DefaultSqlSession.java:147) ~[mybatis-3.5.19.jar!/:3.5.19]
	at org.apache.ibatis.session.defaults.DefaultSqlSession.selectList(DefaultSqlSession.java:142) ~[mybatis-3.5.19.jar!/:3.5.19]
	at java.base/jdk.internal.reflect.DirectMethodHandleAccessor.invoke(DirectMethodHandleAccessor.java:103) ~[na:na]
	at java.base/java.lang.reflect.Method.invoke(Method.java:580) ~[na:na]
	at org.mybatis.spring.SqlSessionTemplate$SqlSessionInterceptor.invoke(SqlSessionTemplate.java:333) ~[mybatis-spring-3.0.4.jar!/:3.0.4]
	... 114 common frames omitted

[luohuo-im-server:18778:] 2026-02-18 10:02:46.955[ WARN] 75149 [] [XNIO-2 task-2:209571] [c.l.b.boot.handler.AbstractGlobalExceptionHandler.bizException:66] BizException:

com.luohuo.basic.exception.BizException: AI_APPROVAL_REQUIRED:apr_e38d094d7393466da281dec4ec9f24b0
	at com.luohuo.basic.exception.BizException.wrap(BizException.java:54) ~[luohuo-core-3.0.6.jar!/:3.0.6]
	at com.luohuo.flex.im.core.chat.service.ai.approval.AiApprovalService.ensureAccess(AiApprovalService.java:96) ~[luohuo-im-biz-3.0.6.jar!/:3.0.6]
	at com.luohuo.flex.im.core.chat.service.ai.AiDispatchPrecheckService.preCheck(AiDispatchPrecheckService.java:76) ~[luohuo-im-biz-3.0.6.jar!/:3.0.6]
	at com.luohuo.flex.im.core.chat.service.impl.ChatServiceImpl.sendMsg(ChatServiceImpl.java:79) ~[luohuo-im-biz-3.0.6.jar!/:3.0.6]
	at java.base/jdk.internal.reflect.DirectMethodHandleAccessor.invoke(DirectMethodHandleAccessor.java:103) ~[na:na]
	at java.base/java.lang.reflect.Method.invoke(Method.java:580) ~[na:na]
	at org.springframework.aop.support.AopUtils.invokeJoinpointUsingReflection(AopUtils.java:359) ~[spring-aop-6.2.5.jar!/:6.2.5]
	at org.springframework.aop.framework.ReflectiveMethodInvocation.invokeJoinpoint(ReflectiveMethodInvocation.java:196) ~[spring-aop-6.2.5.jar!/:6.2.5]
	at org.springframework.aop.framework.ReflectiveMethodInvocation.proceed(ReflectiveMethodInvocation.java:163) ~[spring-aop-6.2.5.jar!/:6.2.5]
	at org.springframework.transaction.interceptor.TransactionAspectSupport.invokeWithinTransaction(TransactionAspectSupport.java:380) ~[spring-tx-6.2.5.jar!/:6.2.5]
	at org.springframework.transaction.interceptor.TransactionInterceptor.invoke(TransactionInterceptor.java:119) ~[spring-tx-6.2.5.jar!/:6.2.5]
	at org.springframework.aop.framework.ReflectiveMethodInvocation.proceed(ReflectiveMethodInvocation.java:184) ~[spring-aop-6.2.5.jar!/:6.2.5]
	at org.springframework.aop.interceptor.ExposeInvocationInterceptor.invoke(ExposeInvocationInterceptor.java:97) ~[spring-aop-6.2.5.jar!/:6.2.5]
	at org.springframework.aop.framework.ReflectiveMethodInvocation.proceed(ReflectiveMethodInvocation.java:184) ~[spring-aop-6.2.5.jar!/:6.2.5]
	at org.springframework.aop.framework.CglibAopProxy$DynamicAdvisedInterceptor.intercept(CglibAopProxy.java:727) ~[spring-aop-6.2.5.jar!/:6.2.5]
	at com.luohuo.flex.im.core.chat.service.impl.ChatServiceImpl$$SpringCGLIB$$0.sendMsg(<generated>) ~[luohuo-im-biz-3.0.6.jar!/:3.0.6]
	at com.luohuo.flex.im.controller.chat.ChatController.sendMsg(ChatController.java:78) ~[luohuo-im-controller-3.0.6.jar!/:3.0.6]
	at java.base/jdk.internal.reflect.DirectMethodHandleAccessor.invoke(DirectMethodHandleAccessor.java:103) ~[na:na]
	at java.base/java.lang.reflect.Method.invoke(Method.java:580) ~[na:na]
	at org.springframework.aop.support.AopUtils.invokeJoinpointUsingReflection(AopUtils.java:359) ~[spring-aop-6.2.5.jar!/:6.2.5]
	at org.springframework.aop.framework.ReflectiveMethodInvocation.invokeJoinpoint(ReflectiveMethodInvocation.java:196) ~[spring-aop-6.2.5.jar!/:6.2.5]
	at org.springframework.aop.framework.ReflectiveMethodInvocation.proceed(ReflectiveMethodInvocation.java:163) ~[spring-aop-6.2.5.jar!/:6.2.5]
	at org.springframework.aop.interceptor.ExposeInvocationInterceptor.invoke(ExposeInvocationInterceptor.java:97) ~[spring-aop-6.2.5.jar!/:6.2.5]
	at org.springframework.aop.framework.ReflectiveMethodInvocation.proceed(ReflectiveMethodInvocation.java:184) ~[spring-aop-6.2.5.jar!/:6.2.5]
	at org.springframework.aop.framework.CglibAopProxy$DynamicAdvisedInterceptor.intercept(CglibAopProxy.java:727) ~[spring-aop-6.2.5.jar!/:6.2.5]
	at com.luohuo.flex.im.controller.chat.ChatController$$SpringCGLIB$$0.sendMsg(<generated>) ~[luohuo-im-controller-3.0.6.jar!/:3.0.6]
	at java.base/jdk.internal.reflect.DirectMethodHandleAccessor.invoke(DirectMethodHandleAccessor.java:103) ~[na:na]
	at java.base/java.lang.reflect.Method.invoke(Method.java:580) ~[na:na]
	at org.springframework.web.method.support.InvocableHandlerMethod.doInvoke(InvocableHandlerMethod.java:258) ~[spring-web-6.2.5.jar!/:6.2.5]
	at org.springframework.web.method.support.InvocableHandlerMethod.invokeForRequest(InvocableHandlerMethod.java:191) ~[spring-web-6.2.5.jar!/:6.2.5]
	at org.springframework.web.servlet.mvc.method.annotation.ServletInvocableHandlerMethod.invokeAndHandle(ServletInvocableHandlerMethod.java:118) ~[spring-webmvc-6.2.5.jar!/:6.2.5]
	at org.springframework.web.servlet.mvc.method.annotation.RequestMappingHandlerAdapter.invokeHandlerMethod(RequestMappingHandlerAdapter.java:986) ~[spring-webmvc-6.2.5.jar!/:6.2.5]
	at org.springframework.web.servlet.mvc.method.annotation.RequestMappingHandlerAdapter.handleInternal(RequestMappingHandlerAdapter.java:891) ~[spring-webmvc-6.2.5.jar!/:6.2.5]
	at org.springframework.web.servlet.mvc.method.AbstractHandlerMethodAdapter.handle(AbstractHandlerMethodAdapter.java:87) ~[spring-webmvc-6.2.5.jar!/:6.2.5]
	at org.springframework.web.servlet.DispatcherServlet.doDispatch(DispatcherServlet.java:1089) ~[spring-webmvc-6.2.5.jar!/:6.2.5]
	at org.springframework.web.servlet.DispatcherServlet.doService(DispatcherServlet.java:979) ~[spring-webmvc-6.2.5.jar!/:6.2.5]
	at org.springframework.web.servlet.FrameworkServlet.processRequest(FrameworkServlet.java:1014) ~[spring-webmvc-6.2.5.jar!/:6.2.5]
	at org.springframework.web.servlet.FrameworkServlet.doPost(FrameworkServlet.java:914) ~[spring-webmvc-6.2.5.jar!/:6.2.5]
	at jakarta.servlet.http.HttpServlet.service(HttpServlet.java:547) ~[jakarta.servlet-api-6.0.0.jar!/:6.0.0]
	at org.springframework.web.servlet.FrameworkServlet.service(FrameworkServlet.java:885) ~[spring-webmvc-6.2.5.jar!/:6.2.5]
	at jakarta.servlet.http.HttpServlet.service(HttpServlet.java:614) ~[jakarta.servlet-api-6.0.0.jar!/:6.0.0]
	at io.undertow.servlet.handlers.ServletHandler.handleRequest(ServletHandler.java:74) ~[undertow-servlet-2.3.18.Final.jar!/:2.3.18.Final]
	at io.undertow.servlet.handlers.FilterHandler$FilterChainImpl.doFilter(FilterHandler.java:129) ~[undertow-servlet-2.3.18.Final.jar!/:2.3.18.Final]
	at org.springframework.web.servlet.resource.ResourceUrlEncodingFilter.doFilter(ResourceUrlEncodingFilter.java:66) ~[spring-webmvc-6.2.5.jar!/:6.2.5]
	at io.undertow.servlet.core.ManagedFilter.doFilter(ManagedFilter.java:67) ~[undertow-servlet-2.3.18.Final.jar!/:2.3.18.Final]
	at io.undertow.servlet.handlers.FilterHandler$FilterChainImpl.doFilter(FilterHandler.java:131) ~[undertow-servlet-2.3.18.Final.jar!/:2.3.18.Final]
	at com.alibaba.druid.support.jakarta.WebStatFilter.doFilter(WebStatFilter.java:113) ~[druid-1.2.24.jar!/:na]
	at io.undertow.servlet.core.ManagedFilter.doFilter(ManagedFilter.java:67) ~[undertow-servlet-2.3.18.Final.jar!/:2.3.18.Final]
	at io.undertow.servlet.handlers.FilterHandler$FilterChainImpl.doFilter(FilterHandler.java:131) ~[undertow-servlet-2.3.18.Final.jar!/:2.3.18.Final]
	at com.luohuo.basic.xss.filter.XssFilter.doFilter(XssFilter.java:66) ~[luohuo-xss-starter-3.0.6.jar!/:3.0.6]
	at io.undertow.servlet.core.ManagedFilter.doFilter(ManagedFilter.java:67) ~[undertow-servlet-2.3.18.Final.jar!/:2.3.18.Final]
	at io.undertow.servlet.handlers.FilterHandler$FilterChainImpl.doFilter(FilterHandler.java:131) ~[undertow-servlet-2.3.18.Final.jar!/:2.3.18.Final]
	at cn.dev33.satoken.filter.SaFirewallCheckFilterForJakartaServlet.doFilter(SaFirewallCheckFilterForJakartaServlet.java:69) ~[sa-token-spring-boot3-starter-1.42.0.jar!/:na]
	at io.undertow.servlet.core.ManagedFilter.doFilter(ManagedFilter.java:67) ~[undertow-servlet-2.3.18.Final.jar!/:2.3.18.Final]
	at io.undertow.servlet.handlers.FilterHandler$FilterChainImpl.doFilter(FilterHandler.java:131) ~[undertow-servlet-2.3.18.Final.jar!/:2.3.18.Final]
	at cn.dev33.satoken.filter.SaTokenCorsFilterForJakartaServlet.doFilter(SaTokenCorsFilterForJakartaServlet.java:52) ~[sa-token-spring-boot3-starter-1.42.0.jar!/:na]
	at io.undertow.servlet.core.ManagedFilter.doFilter(ManagedFilter.java:67) ~[undertow-servlet-2.3.18.Final.jar!/:2.3.18.Final]
	at io.undertow.servlet.handlers.FilterHandler$FilterChainImpl.doFilter(FilterHandler.java:131) ~[undertow-servlet-2.3.18.Final.jar!/:2.3.18.Final]
	at cn.dev33.satoken.filter.SaTokenContextFilterForJakartaServlet.doFilter(SaTokenContextFilterForJakartaServlet.java:40) ~[sa-token-spring-boot3-starter-1.42.0.jar!/:na]
	at io.undertow.servlet.core.ManagedFilter.doFilter(ManagedFilter.java:67) ~[undertow-servlet-2.3.18.Final.jar!/:2.3.18.Final]
	at io.undertow.servlet.handlers.FilterHandler$FilterChainImpl.doFilter(FilterHandler.java:131) ~[undertow-servlet-2.3.18.Final.jar!/:2.3.18.Final]
	at com.luohuo.basic.tenant.core.web.TenantContextWebFilter.doFilterInternal(TenantContextWebFilter.java:29) ~[luohuo-tenant-3.0.6.jar!/:3.0.6]
	at org.springframework.web.filter.OncePerRequestFilter.doFilter(OncePerRequestFilter.java:116) ~[spring-web-6.2.5.jar!/:6.2.5]
	at io.undertow.servlet.core.ManagedFilter.doFilter(ManagedFilter.java:67) ~[undertow-servlet-2.3.18.Final.jar!/:2.3.18.Final]
	at io.undertow.servlet.handlers.FilterHandler$FilterChainImpl.doFilter(FilterHandler.java:131) ~[undertow-servlet-2.3.18.Final.jar!/:2.3.18.Final]
	at org.springframework.web.filter.RequestContextFilter.doFilterInternal(RequestContextFilter.java:100) ~[spring-web-6.2.5.jar!/:6.2.5]
	at org.springframework.web.filter.OncePerRequestFilter.doFilter(OncePerRequestFilter.java:116) ~[spring-web-6.2.5.jar!/:6.2.5]
	at io.undertow.servlet.core.ManagedFilter.doFilter(ManagedFilter.java:67) ~[undertow-servlet-2.3.18.Final.jar!/:2.3.18.Final]
	at io.undertow.servlet.handlers.FilterHandler$FilterChainImpl.doFilter(FilterHandler.java:131) ~[undertow-servlet-2.3.18.Final.jar!/:2.3.18.Final]
	at org.springframework.web.filter.FormContentFilter.doFilterInternal(FormContentFilter.java:93) ~[spring-web-6.2.5.jar!/:6.2.5]
	at org.springframework.web.filter.OncePerRequestFilter.doFilter(OncePerRequestFilter.java:116) ~[spring-web-6.2.5.jar!/:6.2.5]
	at io.undertow.servlet.core.ManagedFilter.doFilter(ManagedFilter.java:67) ~[undertow-servlet-2.3.18.Final.jar!/:2.3.18.Final]
	at io.undertow.servlet.handlers.FilterHandler$FilterChainImpl.doFilter(FilterHandler.java:131) ~[undertow-servlet-2.3.18.Final.jar!/:2.3.18.Final]
	at org.springframework.web.filter.ServerHttpObservationFilter.doFilterInternal(ServerHttpObservationFilter.java:114) ~[spring-web-6.2.5.jar!/:6.2.5]
	at org.springframework.web.filter.OncePerRequestFilter.doFilter(OncePerRequestFilter.java:116) ~[spring-web-6.2.5.jar!/:6.2.5]
	at io.undertow.servlet.core.ManagedFilter.doFilter(ManagedFilter.java:67) ~[undertow-servlet-2.3.18.Final.jar!/:2.3.18.Final]
	at io.undertow.servlet.handlers.FilterHandler$FilterChainImpl.doFilter(FilterHandler.java:131) ~[undertow-servlet-2.3.18.Final.jar!/:2.3.18.Final]
	at org.springframework.web.filter.CharacterEncodingFilter.doFilterInternal(CharacterEncodingFilter.java:201) ~[spring-web-6.2.5.jar!/:6.2.5]
	at org.springframework.web.filter.OncePerRequestFilter.doFilter(OncePerRequestFilter.java:116) ~[spring-web-6.2.5.jar!/:6.2.5]
	at io.undertow.servlet.core.ManagedFilter.doFilter(ManagedFilter.java:67) ~[undertow-servlet-2.3.18.Final.jar!/:2.3.18.Final]
	at io.undertow.servlet.handlers.FilterHandler$FilterChainImpl.doFilter(FilterHandler.java:131) ~[undertow-servlet-2.3.18.Final.jar!/:2.3.18.Final]
	at io.undertow.servlet.handlers.FilterHandler.handleRequest(FilterHandler.java:84) ~[undertow-servlet-2.3.18.Final.jar!/:2.3.18.Final]
	at io.undertow.servlet.handlers.security.ServletSecurityRoleHandler.handleRequest(ServletSecurityRoleHandler.java:62) ~[undertow-servlet-2.3.18.Final.jar!/:2.3.18.Final]
	at io.undertow.servlet.handlers.ServletChain$1.handleRequest(ServletChain.java:68) ~[undertow-servlet-2.3.18.Final.jar!/:2.3.18.Final]
	at io.undertow.servlet.handlers.ServletDispatchingHandler.handleRequest(ServletDispatchingHandler.java:36) ~[undertow-servlet-2.3.18.Final.jar!/:2.3.18.Final]
	at io.undertow.servlet.handlers.RedirectDirHandler.handleRequest(RedirectDirHandler.java:68) ~[undertow-servlet-2.3.18.Final.jar!/:2.3.18.Final]
	at io.undertow.servlet.handlers.security.SSLInformationAssociationHandler.handleRequest(SSLInformationAssociationHandler.java:117) ~[undertow-servlet-2.3.18.Final.jar!/:2.3.18.Final]
	at io.undertow.servlet.handlers.security.ServletAuthenticationCallHandler.handleRequest(ServletAuthenticationCallHandler.java:57) ~[undertow-servlet-2.3.18.Final.jar!/:2.3.18.Final]
	at io.undertow.server.handlers.PredicateHandler.handleRequest(PredicateHandler.java:43) ~[undertow-core-2.3.18.Final.jar!/:2.3.18.Final]
	at io.undertow.security.handlers.AbstractConfidentialityHandler.handleRequest(AbstractConfidentialityHandler.java:46) ~[undertow-core-2.3.18.Final.jar!/:2.3.18.Final]
	at io.undertow.servlet.handlers.security.ServletConfidentialityConstraintHandler.handleRequest(ServletConfidentialityConstraintHandler.java:64) ~[undertow-servlet-2.3.18.Final.jar!/:2.3.18.Final]
	at io.undertow.security.handlers.AuthenticationMechanismsHandler.handleRequest(AuthenticationMechanismsHandler.java:60) ~[undertow-core-2.3.18.Final.jar!/:2.3.18.Final]
	at io.undertow.servlet.handlers.security.CachedAuthenticatedSessionHandler.handleRequest(CachedAuthenticatedSessionHandler.java:77) ~[undertow-servlet-2.3.18.Final.jar!/:2.3.18.Final]
	at io.undertow.security.handlers.AbstractSecurityContextAssociationHandler.handleRequest(AbstractSecurityContextAssociationHandler.java:43) ~[undertow-core-2.3.18.Final.jar!/:2.3.18.Final]
	at io.undertow.server.handlers.PredicateHandler.handleRequest(PredicateHandler.java:43) ~[undertow-core-2.3.18.Final.jar!/:2.3.18.Final]
	at io.undertow.servlet.handlers.SendErrorPageHandler.handleRequest(SendErrorPageHandler.java:52) ~[undertow-servlet-2.3.18.Final.jar!/:2.3.18.Final]
	at io.undertow.server.handlers.PredicateHandler.handleRequest(PredicateHandler.java:43) ~[undertow-core-2.3.18.Final.jar!/:2.3.18.Final]
	at io.undertow.servlet.handlers.ServletInitialHandler.handleFirstRequest(ServletInitialHandler.java:276) ~[undertow-servlet-2.3.18.Final.jar!/:2.3.18.Final]
	at io.undertow.servlet.handlers.ServletInitialHandler$2.call(ServletInitialHandler.java:135) ~[undertow-servlet-2.3.18.Final.jar!/:2.3.18.Final]
	at io.undertow.servlet.handlers.ServletInitialHandler$2.call(ServletInitialHandler.java:132) ~[undertow-servlet-2.3.18.Final.jar!/:2.3.18.Final]
	at io.undertow.servlet.core.ServletRequestContextThreadSetupAction$1.call(ServletRequestContextThreadSetupAction.java:48) ~[undertow-servlet-2.3.18.Final.jar!/:2.3.18.Final]
	at io.undertow.servlet.core.ContextClassLoaderSetupAction$1.call(ContextClassLoaderSetupAction.java:43) ~[undertow-servlet-2.3.18.Final.jar!/:2.3.18.Final]
	at io.undertow.servlet.handlers.ServletInitialHandler.dispatchRequest(ServletInitialHandler.java:256) ~[undertow-servlet-2.3.18.Final.jar!/:2.3.18.Final]
	at io.undertow.servlet.handlers.ServletInitialHandler$1.handleRequest(ServletInitialHandler.java:101) ~[undertow-servlet-2.3.18.Final.jar!/:2.3.18.Final]
	at io.undertow.server.Connectors.executeRootHandler(Connectors.java:395) ~[undertow-core-2.3.18.Final.jar!/:2.3.18.Final]
	at io.undertow.server.HttpServerExchange$1.run(HttpServerExchange.java:861) ~[undertow-core-2.3.18.Final.jar!/:2.3.18.Final]
	at org.jboss.threads.ContextHandler$1.runWith(ContextHandler.java:18) ~[jboss-threads-3.5.0.Final.jar!/:3.5.0.Final]
	at org.jboss.threads.EnhancedQueueExecutor$Task.run(EnhancedQueueExecutor.java:2513) ~[jboss-threads-3.5.0.Final.jar!/:3.5.0.Final]
	at org.jboss.threads.EnhancedQueueExecutor$ThreadBody.run(EnhancedQueueExecutor.java:1538) ~[jboss-threads-3.5.0.Final.jar!/:3.5.0.Final]
	at org.xnio.XnioWorker$WorkerThreadFactory$1$1.run(XnioWorker.java:1282) ~[xnio-api-3.8.16.Final.jar!/:3.8.16.Final]
	at java.base/java.lang.Thread.run(Thread.java:1583) ~[na:na]

[luohuo-im-server:18778:] 2026-02-18 10:03:03.031[ WARN] 75149 [] [XNIO-2 task-2:225647] [c.l.b.boot.handler.AbstractGlobalExceptionHandler.bizException:66] BizException:

com.luohuo.basic.exception.BizException: AI_APPROVAL_PENDING:apr_e38d094d7393466da281dec4ec9f24b0
	at com.luohuo.basic.exception.BizException.wrap(BizException.java:54) ~[luohuo-core-3.0.6.jar!/:3.0.6]
	at com.luohuo.flex.im.core.chat.service.ai.approval.AiApprovalService.ensureAccess(AiApprovalService.java:63) ~[luohuo-im-biz-3.0.6.jar!/:3.0.6]
	at com.luohuo.flex.im.core.chat.service.ai.AiDispatchPrecheckService.preCheck(AiDispatchPrecheckService.java:76) ~[luohuo-im-biz-3.0.6.jar!/:3.0.6]
	at com.luohuo.flex.im.core.chat.service.impl.ChatServiceImpl.sendMsg(ChatServiceImpl.java:79) ~[luohuo-im-biz-3.0.6.jar!/:3.0.6]
	at java.base/jdk.internal.reflect.DirectMethodHandleAccessor.invoke(DirectMethodHandleAccessor.java:103) ~[na:na]
	at java.base/java.lang.reflect.Method.invoke(Method.java:580) ~[na:na]
	at org.springframework.aop.support.AopUtils.invokeJoinpointUsingReflection(AopUtils.java:359) ~[spring-aop-6.2.5.jar!/:6.2.5]
	at org.springframework.aop.framework.ReflectiveMethodInvocation.invokeJoinpoint(ReflectiveMethodInvocation.java:196) ~[spring-aop-6.2.5.jar!/:6.2.5]
	at org.springframework.aop.framework.ReflectiveMethodInvocation.proceed(ReflectiveMethodInvocation.java:163) ~[spring-aop-6.2.5.jar!/:6.2.5]
	at org.springframework.transaction.interceptor.TransactionAspectSupport.invokeWithinTransaction(TransactionAspectSupport.java:380) ~[spring-tx-6.2.5.jar!/:6.2.5]
	at org.springframework.transaction.interceptor.TransactionInterceptor.invoke(TransactionInterceptor.java:119) ~[spring-tx-6.2.5.jar!/:6.2.5]
	at org.springframework.aop.framework.ReflectiveMethodInvocation.proceed(ReflectiveMethodInvocation.java:184) ~[spring-aop-6.2.5.jar!/:6.2.5]
	at org.springframework.aop.interceptor.ExposeInvocationInterceptor.invoke(ExposeInvocationInterceptor.java:97) ~[spring-aop-6.2.5.jar!/:6.2.5]
	at org.springframework.aop.framework.ReflectiveMethodInvocation.proceed(ReflectiveMethodInvocation.java:184) ~[spring-aop-6.2.5.jar!/:6.2.5]
	at org.springframework.aop.framework.CglibAopProxy$DynamicAdvisedInterceptor.intercept(CglibAopProxy.java:727) ~[spring-aop-6.2.5.jar!/:6.2.5]
	at com.luohuo.flex.im.core.chat.service.impl.ChatServiceImpl$$SpringCGLIB$$0.sendMsg(<generated>) ~[luohuo-im-biz-3.0.6.jar!/:3.0.6]
	at com.luohuo.flex.im.controller.chat.ChatController.sendMsg(ChatController.java:78) ~[luohuo-im-controller-3.0.6.jar!/:3.0.6]
	at java.base/jdk.internal.reflect.DirectMethodHandleAccessor.invoke(DirectMethodHandleAccessor.java:103) ~[na:na]
	at java.base/java.lang.reflect.Method.invoke(Method.java:580) ~[na:na]
	at org.springframework.aop.support.AopUtils.invokeJoinpointUsingReflection(AopUtils.java:359) ~[spring-aop-6.2.5.jar!/:6.2.5]
	at org.springframework.aop.framework.ReflectiveMethodInvocation.invokeJoinpoint(ReflectiveMethodInvocation.java:196) ~[spring-aop-6.2.5.jar!/:6.2.5]
	at org.springframework.aop.framework.ReflectiveMethodInvocation.proceed(ReflectiveMethodInvocation.java:163) ~[spring-aop-6.2.5.jar!/:6.2.5]
	at org.springframework.aop.interceptor.ExposeInvocationInterceptor.invoke(ExposeInvocationInterceptor.java:97) ~[spring-aop-6.2.5.jar!/:6.2.5]
	at org.springframework.aop.framework.ReflectiveMethodInvocation.proceed(ReflectiveMethodInvocation.java:184) ~[spring-aop-6.2.5.jar!/:6.2.5]
	at org.springframework.aop.framework.CglibAopProxy$DynamicAdvisedInterceptor.intercept(CglibAopProxy.java:727) ~[spring-aop-6.2.5.jar!/:6.2.5]
	at com.luohuo.flex.im.controller.chat.ChatController$$SpringCGLIB$$0.sendMsg(<generated>) ~[luohuo-im-controller-3.0.6.jar!/:3.0.6]
	at java.base/jdk.internal.reflect.DirectMethodHandleAccessor.invoke(DirectMethodHandleAccessor.java:103) ~[na:na]
	at java.base/java.lang.reflect.Method.invoke(Method.java:580) ~[na:na]
	at org.springframework.web.method.support.InvocableHandlerMethod.doInvoke(InvocableHandlerMethod.java:258) ~[spring-web-6.2.5.jar!/:6.2.5]
	at org.springframework.web.method.support.InvocableHandlerMethod.invokeForRequest(InvocableHandlerMethod.java:191) ~[spring-web-6.2.5.jar!/:6.2.5]
	at org.springframework.web.servlet.mvc.method.annotation.ServletInvocableHandlerMethod.invokeAndHandle(ServletInvocableHandlerMethod.java:118) ~[spring-webmvc-6.2.5.jar!/:6.2.5]
	at org.springframework.web.servlet.mvc.method.annotation.RequestMappingHandlerAdapter.invokeHandlerMethod(RequestMappingHandlerAdapter.java:986) ~[spring-webmvc-6.2.5.jar!/:6.2.5]
	at org.springframework.web.servlet.mvc.method.annotation.RequestMappingHandlerAdapter.handleInternal(RequestMappingHandlerAdapter.java:891) ~[spring-webmvc-6.2.5.jar!/:6.2.5]
	at org.springframework.web.servlet.mvc.method.AbstractHandlerMethodAdapter.handle(AbstractHandlerMethodAdapter.java:87) ~[spring-webmvc-6.2.5.jar!/:6.2.5]
	at org.springframework.web.servlet.DispatcherServlet.doDispatch(DispatcherServlet.java:1089) ~[spring-webmvc-6.2.5.jar!/:6.2.5]
	at org.springframework.web.servlet.DispatcherServlet.doService(DispatcherServlet.java:979) ~[spring-webmvc-6.2.5.jar!/:6.2.5]
	at org.springframework.web.servlet.FrameworkServlet.processRequest(FrameworkServlet.java:1014) ~[spring-webmvc-6.2.5.jar!/:6.2.5]
	at org.springframework.web.servlet.FrameworkServlet.doPost(FrameworkServlet.java:914) ~[spring-webmvc-6.2.5.jar!/:6.2.5]
	at jakarta.servlet.http.HttpServlet.service(HttpServlet.java:547) ~[jakarta.servlet-api-6.0.0.jar!/:6.0.0]
	at org.springframework.web.servlet.FrameworkServlet.service(FrameworkServlet.java:885) ~[spring-webmvc-6.2.5.jar!/:6.2.5]
	at jakarta.servlet.http.HttpServlet.service(HttpServlet.java:614) ~[jakarta.servlet-api-6.0.0.jar!/:6.0.0]
	at io.undertow.servlet.handlers.ServletHandler.handleRequest(ServletHandler.java:74) ~[undertow-servlet-2.3.18.Final.jar!/:2.3.18.Final]
	at io.undertow.servlet.handlers.FilterHandler$FilterChainImpl.doFilter(FilterHandler.java:129) ~[undertow-servlet-2.3.18.Final.jar!/:2.3.18.Final]
	at org.springframework.web.servlet.resource.ResourceUrlEncodingFilter.doFilter(ResourceUrlEncodingFilter.java:66) ~[spring-webmvc-6.2.5.jar!/:6.2.5]
	at io.undertow.servlet.core.ManagedFilter.doFilter(ManagedFilter.java:67) ~[undertow-servlet-2.3.18.Final.jar!/:2.3.18.Final]
	at io.undertow.servlet.handlers.FilterHandler$FilterChainImpl.doFilter(FilterHandler.java:131) ~[undertow-servlet-2.3.18.Final.jar!/:2.3.18.Final]
	at com.alibaba.druid.support.jakarta.WebStatFilter.doFilter(WebStatFilter.java:113) ~[druid-1.2.24.jar!/:na]
	at io.undertow.servlet.core.ManagedFilter.doFilter(ManagedFilter.java:67) ~[undertow-servlet-2.3.18.Final.jar!/:2.3.18.Final]
	at io.undertow.servlet.handlers.FilterHandler$FilterChainImpl.doFilter(FilterHandler.java:131) ~[undertow-servlet-2.3.18.Final.jar!/:2.3.18.Final]
	at com.luohuo.basic.xss.filter.XssFilter.doFilter(XssFilter.java:66) ~[luohuo-xss-starter-3.0.6.jar!/:3.0.6]
	at io.undertow.servlet.core.ManagedFilter.doFilter(ManagedFilter.java:67) ~[undertow-servlet-2.3.18.Final.jar!/:2.3.18.Final]
	at io.undertow.servlet.handlers.FilterHandler$FilterChainImpl.doFilter(FilterHandler.java:131) ~[undertow-servlet-2.3.18.Final.jar!/:2.3.18.Final]
	at cn.dev33.satoken.filter.SaFirewallCheckFilterForJakartaServlet.doFilter(SaFirewallCheckFilterForJakartaServlet.java:69) ~[sa-token-spring-boot3-starter-1.42.0.jar!/:na]
	at io.undertow.servlet.core.ManagedFilter.doFilter(ManagedFilter.java:67) ~[undertow-servlet-2.3.18.Final.jar!/:2.3.18.Final]
	at io.undertow.servlet.handlers.FilterHandler$FilterChainImpl.doFilter(FilterHandler.java:131) ~[undertow-servlet-2.3.18.Final.jar!/:2.3.18.Final]
	at cn.dev33.satoken.filter.SaTokenCorsFilterForJakartaServlet.doFilter(SaTokenCorsFilterForJakartaServlet.java:52) ~[sa-token-spring-boot3-starter-1.42.0.jar!/:na]
	at io.undertow.servlet.core.ManagedFilter.doFilter(ManagedFilter.java:67) ~[undertow-servlet-2.3.18.Final.jar!/:2.3.18.Final]
	at io.undertow.servlet.handlers.FilterHandler$FilterChainImpl.doFilter(FilterHandler.java:131) ~[undertow-servlet-2.3.18.Final.jar!/:2.3.18.Final]
	at cn.dev33.satoken.filter.SaTokenContextFilterForJakartaServlet.doFilter(SaTokenContextFilterForJakartaServlet.java:40) ~[sa-token-spring-boot3-starter-1.42.0.jar!/:na]
	at io.undertow.servlet.core.ManagedFilter.doFilter(ManagedFilter.java:67) ~[undertow-servlet-2.3.18.Final.jar!/:2.3.18.Final]
	at io.undertow.servlet.handlers.FilterHandler$FilterChainImpl.doFilter(FilterHandler.java:131) ~[undertow-servlet-2.3.18.Final.jar!/:2.3.18.Final]
	at com.luohuo.basic.tenant.core.web.TenantContextWebFilter.doFilterInternal(TenantContextWebFilter.java:29) ~[luohuo-tenant-3.0.6.jar!/:3.0.6]
	at org.springframework.web.filter.OncePerRequestFilter.doFilter(OncePerRequestFilter.java:116) ~[spring-web-6.2.5.jar!/:6.2.5]
	at io.undertow.servlet.core.ManagedFilter.doFilter(ManagedFilter.java:67) ~[undertow-servlet-2.3.18.Final.jar!/:2.3.18.Final]
	at io.undertow.servlet.handlers.FilterHandler$FilterChainImpl.doFilter(FilterHandler.java:131) ~[undertow-servlet-2.3.18.Final.jar!/:2.3.18.Final]
	at org.springframework.web.filter.RequestContextFilter.doFilterInternal(RequestContextFilter.java:100) ~[spring-web-6.2.5.jar!/:6.2.5]
	at org.springframework.web.filter.OncePerRequestFilter.doFilter(OncePerRequestFilter.java:116) ~[spring-web-6.2.5.jar!/:6.2.5]
	at io.undertow.servlet.core.ManagedFilter.doFilter(ManagedFilter.java:67) ~[undertow-servlet-2.3.18.Final.jar!/:2.3.18.Final]
	at io.undertow.servlet.handlers.FilterHandler$FilterChainImpl.doFilter(FilterHandler.java:131) ~[undertow-servlet-2.3.18.Final.jar!/:2.3.18.Final]
	at org.springframework.web.filter.FormContentFilter.doFilterInternal(FormContentFilter.java:93) ~[spring-web-6.2.5.jar!/:6.2.5]
	at org.springframework.web.filter.OncePerRequestFilter.doFilter(OncePerRequestFilter.java:116) ~[spring-web-6.2.5.jar!/:6.2.5]
	at io.undertow.servlet.core.ManagedFilter.doFilter(ManagedFilter.java:67) ~[undertow-servlet-2.3.18.Final.jar!/:2.3.18.Final]
	at io.undertow.servlet.handlers.FilterHandler$FilterChainImpl.doFilter(FilterHandler.java:131) ~[undertow-servlet-2.3.18.Final.jar!/:2.3.18.Final]
	at org.springframework.web.filter.ServerHttpObservationFilter.doFilterInternal(ServerHttpObservationFilter.java:114) ~[spring-web-6.2.5.jar!/:6.2.5]
	at org.springframework.web.filter.OncePerRequestFilter.doFilter(OncePerRequestFilter.java:116) ~[spring-web-6.2.5.jar!/:6.2.5]
	at io.undertow.servlet.core.ManagedFilter.doFilter(ManagedFilter.java:67) ~[undertow-servlet-2.3.18.Final.jar!/:2.3.18.Final]
	at io.undertow.servlet.handlers.FilterHandler$FilterChainImpl.doFilter(FilterHandler.java:131) ~[undertow-servlet-2.3.18.Final.jar!/:2.3.18.Final]
	at org.springframework.web.filter.CharacterEncodingFilter.doFilterInternal(CharacterEncodingFilter.java:201) ~[spring-web-6.2.5.jar!/:6.2.5]
	at org.springframework.web.filter.OncePerRequestFilter.doFilter(OncePerRequestFilter.java:116) ~[spring-web-6.2.5.jar!/:6.2.5]
	at io.undertow.servlet.core.ManagedFilter.doFilter(ManagedFilter.java:67) ~[undertow-servlet-2.3.18.Final.jar!/:2.3.18.Final]
	at io.undertow.servlet.handlers.FilterHandler$FilterChainImpl.doFilter(FilterHandler.java:131) ~[undertow-servlet-2.3.18.Final.jar!/:2.3.18.Final]
	at io.undertow.servlet.handlers.FilterHandler.handleRequest(FilterHandler.java:84) ~[undertow-servlet-2.3.18.Final.jar!/:2.3.18.Final]
	at io.undertow.servlet.handlers.security.ServletSecurityRoleHandler.handleRequest(ServletSecurityRoleHandler.java:62) ~[undertow-servlet-2.3.18.Final.jar!/:2.3.18.Final]
	at io.undertow.servlet.handlers.ServletChain$1.handleRequest(ServletChain.java:68) ~[undertow-servlet-2.3.18.Final.jar!/:2.3.18.Final]
	at io.undertow.servlet.handlers.ServletDispatchingHandler.handleRequest(ServletDispatchingHandler.java:36) ~[undertow-servlet-2.3.18.Final.jar!/:2.3.18.Final]
	at io.undertow.servlet.handlers.RedirectDirHandler.handleRequest(RedirectDirHandler.java:68) ~[undertow-servlet-2.3.18.Final.jar!/:2.3.18.Final]
	at io.undertow.servlet.handlers.security.SSLInformationAssociationHandler.handleRequest(SSLInformationAssociationHandler.java:117) ~[undertow-servlet-2.3.18.Final.jar!/:2.3.18.Final]
	at io.undertow.servlet.handlers.security.ServletAuthenticationCallHandler.handleRequest(ServletAuthenticationCallHandler.java:57) ~[undertow-servlet-2.3.18.Final.jar!/:2.3.18.Final]
	at io.undertow.server.handlers.PredicateHandler.handleRequest(PredicateHandler.java:43) ~[undertow-core-2.3.18.Final.jar!/:2.3.18.Final]
	at io.undertow.security.handlers.AbstractConfidentialityHandler.handleRequest(AbstractConfidentialityHandler.java:46) ~[undertow-core-2.3.18.Final.jar!/:2.3.18.Final]
	at io.undertow.servlet.handlers.security.ServletConfidentialityConstraintHandler.handleRequest(ServletConfidentialityConstraintHandler.java:64) ~[undertow-servlet-2.3.18.Final.jar!/:2.3.18.Final]
	at io.undertow.security.handlers.AuthenticationMechanismsHandler.handleRequest(AuthenticationMechanismsHandler.java:60) ~[undertow-core-2.3.18.Final.jar!/:2.3.18.Final]
	at io.undertow.servlet.handlers.security.CachedAuthenticatedSessionHandler.handleRequest(CachedAuthenticatedSessionHandler.java:77) ~[undertow-servlet-2.3.18.Final.jar!/:2.3.18.Final]
	at io.undertow.security.handlers.AbstractSecurityContextAssociationHandler.handleRequest(AbstractSecurityContextAssociationHandler.java:43) ~[undertow-core-2.3.18.Final.jar!/:2.3.18.Final]
	at io.undertow.server.handlers.PredicateHandler.handleRequest(PredicateHandler.java:43) ~[undertow-core-2.3.18.Final.jar!/:2.3.18.Final]
	at io.undertow.servlet.handlers.SendErrorPageHandler.handleRequest(SendErrorPageHandler.java:52) ~[undertow-servlet-2.3.18.Final.jar!/:2.3.18.Final]
	at io.undertow.server.handlers.PredicateHandler.handleRequest(PredicateHandler.java:43) ~[undertow-core-2.3.18.Final.jar!/:2.3.18.Final]
	at io.undertow.servlet.handlers.ServletInitialHandler.handleFirstRequest(ServletInitialHandler.java:276) ~[undertow-servlet-2.3.18.Final.jar!/:2.3.18.Final]
	at io.undertow.servlet.handlers.ServletInitialHandler$2.call(ServletInitialHandler.java:135) ~[undertow-servlet-2.3.18.Final.jar!/:2.3.18.Final]
	at io.undertow.servlet.handlers.ServletInitialHandler$2.call(ServletInitialHandler.java:132) ~[undertow-servlet-2.3.18.Final.jar!/:2.3.18.Final]
	at io.undertow.servlet.core.ServletRequestContextThreadSetupAction$1.call(ServletRequestContextThreadSetupAction.java:48) ~[undertow-servlet-2.3.18.Final.jar!/:2.3.18.Final]
	at io.undertow.servlet.core.ContextClassLoaderSetupAction$1.call(ContextClassLoaderSetupAction.java:43) ~[undertow-servlet-2.3.18.Final.jar!/:2.3.18.Final]
	at io.undertow.servlet.handlers.ServletInitialHandler.dispatchRequest(ServletInitialHandler.java:256) ~[undertow-servlet-2.3.18.Final.jar!/:2.3.18.Final]
	at io.undertow.servlet.handlers.ServletInitialHandler$1.handleRequest(ServletInitialHandler.java:101) ~[undertow-servlet-2.3.18.Final.jar!/:2.3.18.Final]
	at io.undertow.server.Connectors.executeRootHandler(Connectors.java:395) ~[undertow-core-2.3.18.Final.jar!/:2.3.18.Final]
	at io.undertow.server.HttpServerExchange$1.run(HttpServerExchange.java:861) ~[undertow-core-2.3.18.Final.jar!/:2.3.18.Final]
	at org.jboss.threads.ContextHandler$1.runWith(ContextHandler.java:18) ~[jboss-threads-3.5.0.Final.jar!/:3.5.0.Final]
	at org.jboss.threads.EnhancedQueueExecutor$Task.run(EnhancedQueueExecutor.java:2513) ~[jboss-threads-3.5.0.Final.jar!/:3.5.0.Final]
	at org.jboss.threads.EnhancedQueueExecutor$ThreadBody.run(EnhancedQueueExecutor.java:1538) ~[jboss-threads-3.5.0.Final.jar!/:3.5.0.Final]
	at org.xnio.XnioWorker$WorkerThreadFactory$1$1.run(XnioWorker.java:1282) ~[xnio-api-3.8.16.Final.jar!/:3.8.16.Final]
	at java.base/java.lang.Thread.run(Thread.java:1583) ~[na:na]

[luohuo-im-server:18778:] 2026-02-18 10:03:34.800[ WARN] 75149 [] [XNIO-2 task-2:257416] [c.l.b.boot.handler.AbstractGlobalExceptionHandler.bizException:66] BizException:

com.luohuo.basic.exception.BizException: AI_NODE_OFFLINE
	at com.luohuo.flex.im.core.chat.service.ai.AiErrorCodeEnum.throwEx(AiErrorCodeEnum.java:35) ~[luohuo-im-biz-3.0.6.jar!/:3.0.6]
	at com.luohuo.flex.im.core.chat.service.ai.AiDispatchPrecheckService.preCheck(AiDispatchPrecheckService.java:71) ~[luohuo-im-biz-3.0.6.jar!/:3.0.6]
	at com.luohuo.flex.im.core.chat.service.impl.ChatServiceImpl.sendMsg(ChatServiceImpl.java:79) ~[luohuo-im-biz-3.0.6.jar!/:3.0.6]
	at java.base/jdk.internal.reflect.DirectMethodHandleAccessor.invoke(DirectMethodHandleAccessor.java:103) ~[na:na]
	at java.base/java.lang.reflect.Method.invoke(Method.java:580) ~[na:na]
	at org.springframework.aop.support.AopUtils.invokeJoinpointUsingReflection(AopUtils.java:359) ~[spring-aop-6.2.5.jar!/:6.2.5]
	at org.springframework.aop.framework.ReflectiveMethodInvocation.invokeJoinpoint(ReflectiveMethodInvocation.java:196) ~[spring-aop-6.2.5.jar!/:6.2.5]
	at org.springframework.aop.framework.ReflectiveMethodInvocation.proceed(ReflectiveMethodInvocation.java:163) ~[spring-aop-6.2.5.jar!/:6.2.5]
	at org.springframework.transaction.interceptor.TransactionAspectSupport.invokeWithinTransaction(TransactionAspectSupport.java:380) ~[spring-tx-6.2.5.jar!/:6.2.5]
	at org.springframework.transaction.interceptor.TransactionInterceptor.invoke(TransactionInterceptor.java:119) ~[spring-tx-6.2.5.jar!/:6.2.5]
	at org.springframework.aop.framework.ReflectiveMethodInvocation.proceed(ReflectiveMethodInvocation.java:184) ~[spring-aop-6.2.5.jar!/:6.2.5]
	at org.springframework.aop.interceptor.ExposeInvocationInterceptor.invoke(ExposeInvocationInterceptor.java:97) ~[spring-aop-6.2.5.jar!/:6.2.5]
	at org.springframework.aop.framework.ReflectiveMethodInvocation.proceed(ReflectiveMethodInvocation.java:184) ~[spring-aop-6.2.5.jar!/:6.2.5]
	at org.springframework.aop.framework.CglibAopProxy$DynamicAdvisedInterceptor.intercept(CglibAopProxy.java:727) ~[spring-aop-6.2.5.jar!/:6.2.5]
	at com.luohuo.flex.im.core.chat.service.impl.ChatServiceImpl$$SpringCGLIB$$0.sendMsg(<generated>) ~[luohuo-im-biz-3.0.6.jar!/:3.0.6]
	at com.luohuo.flex.im.controller.chat.ChatController.sendMsg(ChatController.java:78) ~[luohuo-im-controller-3.0.6.jar!/:3.0.6]
	at java.base/jdk.internal.reflect.DirectMethodHandleAccessor.invoke(DirectMethodHandleAccessor.java:103) ~[na:na]
	at java.base/java.lang.reflect.Method.invoke(Method.java:580) ~[na:na]
	at org.springframework.aop.support.AopUtils.invokeJoinpointUsingReflection(AopUtils.java:359) ~[spring-aop-6.2.5.jar!/:6.2.5]
	at org.springframework.aop.framework.ReflectiveMethodInvocation.invokeJoinpoint(ReflectiveMethodInvocation.java:196) ~[spring-aop-6.2.5.jar!/:6.2.5]
	at org.springframework.aop.framework.ReflectiveMethodInvocation.proceed(ReflectiveMethodInvocation.java:163) ~[spring-aop-6.2.5.jar!/:6.2.5]
	at org.springframework.aop.interceptor.ExposeInvocationInterceptor.invoke(ExposeInvocationInterceptor.java:97) ~[spring-aop-6.2.5.jar!/:6.2.5]
	at org.springframework.aop.framework.ReflectiveMethodInvocation.proceed(ReflectiveMethodInvocation.java:184) ~[spring-aop-6.2.5.jar!/:6.2.5]
	at org.springframework.aop.framework.CglibAopProxy$DynamicAdvisedInterceptor.intercept(CglibAopProxy.java:727) ~[spring-aop-6.2.5.jar!/:6.2.5]
	at com.luohuo.flex.im.controller.chat.ChatController$$SpringCGLIB$$0.sendMsg(<generated>) ~[luohuo-im-controller-3.0.6.jar!/:3.0.6]
	at java.base/jdk.internal.reflect.DirectMethodHandleAccessor.invoke(DirectMethodHandleAccessor.java:103) ~[na:na]
	at java.base/java.lang.reflect.Method.invoke(Method.java:580) ~[na:na]
	at org.springframework.web.method.support.InvocableHandlerMethod.doInvoke(InvocableHandlerMethod.java:258) ~[spring-web-6.2.5.jar!/:6.2.5]
	at org.springframework.web.method.support.InvocableHandlerMethod.invokeForRequest(InvocableHandlerMethod.java:191) ~[spring-web-6.2.5.jar!/:6.2.5]
	at org.springframework.web.servlet.mvc.method.annotation.ServletInvocableHandlerMethod.invokeAndHandle(ServletInvocableHandlerMethod.java:118) ~[spring-webmvc-6.2.5.jar!/:6.2.5]
	at org.springframework.web.servlet.mvc.method.annotation.RequestMappingHandlerAdapter.invokeHandlerMethod(RequestMappingHandlerAdapter.java:986) ~[spring-webmvc-6.2.5.jar!/:6.2.5]
	at org.springframework.web.servlet.mvc.method.annotation.RequestMappingHandlerAdapter.handleInternal(RequestMappingHandlerAdapter.java:891) ~[spring-webmvc-6.2.5.jar!/:6.2.5]
	at org.springframework.web.servlet.mvc.method.AbstractHandlerMethodAdapter.handle(AbstractHandlerMethodAdapter.java:87) ~[spring-webmvc-6.2.5.jar!/:6.2.5]
	at org.springframework.web.servlet.DispatcherServlet.doDispatch(DispatcherServlet.java:1089) ~[spring-webmvc-6.2.5.jar!/:6.2.5]
	at org.springframework.web.servlet.DispatcherServlet.doService(DispatcherServlet.java:979) ~[spring-webmvc-6.2.5.jar!/:6.2.5]
	at org.springframework.web.servlet.FrameworkServlet.processRequest(FrameworkServlet.java:1014) ~[spring-webmvc-6.2.5.jar!/:6.2.5]
	at org.springframework.web.servlet.FrameworkServlet.doPost(FrameworkServlet.java:914) ~[spring-webmvc-6.2.5.jar!/:6.2.5]
	at jakarta.servlet.http.HttpServlet.service(HttpServlet.java:547) ~[jakarta.servlet-api-6.0.0.jar!/:6.0.0]
	at org.springframework.web.servlet.FrameworkServlet.service(FrameworkServlet.java:885) ~[spring-webmvc-6.2.5.jar!/:6.2.5]
	at jakarta.servlet.http.HttpServlet.service(HttpServlet.java:614) ~[jakarta.servlet-api-6.0.0.jar!/:6.0.0]
	at io.undertow.servlet.handlers.ServletHandler.handleRequest(ServletHandler.java:74) ~[undertow-servlet-2.3.18.Final.jar!/:2.3.18.Final]
	at io.undertow.servlet.handlers.FilterHandler$FilterChainImpl.doFilter(FilterHandler.java:129) ~[undertow-servlet-2.3.18.Final.jar!/:2.3.18.Final]
	at org.springframework.web.servlet.resource.ResourceUrlEncodingFilter.doFilter(ResourceUrlEncodingFilter.java:66) ~[spring-webmvc-6.2.5.jar!/:6.2.5]
	at io.undertow.servlet.core.ManagedFilter.doFilter(ManagedFilter.java:67) ~[undertow-servlet-2.3.18.Final.jar!/:2.3.18.Final]
	at io.undertow.servlet.handlers.FilterHandler$FilterChainImpl.doFilter(FilterHandler.java:131) ~[undertow-servlet-2.3.18.Final.jar!/:2.3.18.Final]
	at com.alibaba.druid.support.jakarta.WebStatFilter.doFilter(WebStatFilter.java:113) ~[druid-1.2.24.jar!/:na]
	at io.undertow.servlet.core.ManagedFilter.doFilter(ManagedFilter.java:67) ~[undertow-servlet-2.3.18.Final.jar!/:2.3.18.Final]
	at io.undertow.servlet.handlers.FilterHandler$FilterChainImpl.doFilter(FilterHandler.java:131) ~[undertow-servlet-2.3.18.Final.jar!/:2.3.18.Final]
	at com.luohuo.basic.xss.filter.XssFilter.doFilter(XssFilter.java:66) ~[luohuo-xss-starter-3.0.6.jar!/:3.0.6]
	at io.undertow.servlet.core.ManagedFilter.doFilter(ManagedFilter.java:67) ~[undertow-servlet-2.3.18.Final.jar!/:2.3.18.Final]
	at io.undertow.servlet.handlers.FilterHandler$FilterChainImpl.doFilter(FilterHandler.java:131) ~[undertow-servlet-2.3.18.Final.jar!/:2.3.18.Final]
	at cn.dev33.satoken.filter.SaFirewallCheckFilterForJakartaServlet.doFilter(SaFirewallCheckFilterForJakartaServlet.java:69) ~[sa-token-spring-boot3-starter-1.42.0.jar!/:na]
	at io.undertow.servlet.core.ManagedFilter.doFilter(ManagedFilter.java:67) ~[undertow-servlet-2.3.18.Final.jar!/:2.3.18.Final]
	at io.undertow.servlet.handlers.FilterHandler$FilterChainImpl.doFilter(FilterHandler.java:131) ~[undertow-servlet-2.3.18.Final.jar!/:2.3.18.Final]
	at cn.dev33.satoken.filter.SaTokenCorsFilterForJakartaServlet.doFilter(SaTokenCorsFilterForJakartaServlet.java:52) ~[sa-token-spring-boot3-starter-1.42.0.jar!/:na]
	at io.undertow.servlet.core.ManagedFilter.doFilter(ManagedFilter.java:67) ~[undertow-servlet-2.3.18.Final.jar!/:2.3.18.Final]
	at io.undertow.servlet.handlers.FilterHandler$FilterChainImpl.doFilter(FilterHandler.java:131) ~[undertow-servlet-2.3.18.Final.jar!/:2.3.18.Final]
	at cn.dev33.satoken.filter.SaTokenContextFilterForJakartaServlet.doFilter(SaTokenContextFilterForJakartaServlet.java:40) ~[sa-token-spring-boot3-starter-1.42.0.jar!/:na]
	at io.undertow.servlet.core.ManagedFilter.doFilter(ManagedFilter.java:67) ~[undertow-servlet-2.3.18.Final.jar!/:2.3.18.Final]
	at io.undertow.servlet.handlers.FilterHandler$FilterChainImpl.doFilter(FilterHandler.java:131) ~[undertow-servlet-2.3.18.Final.jar!/:2.3.18.Final]
	at com.luohuo.basic.tenant.core.web.TenantContextWebFilter.doFilterInternal(TenantContextWebFilter.java:29) ~[luohuo-tenant-3.0.6.jar!/:3.0.6]
	at org.springframework.web.filter.OncePerRequestFilter.doFilter(OncePerRequestFilter.java:116) ~[spring-web-6.2.5.jar!/:6.2.5]
	at io.undertow.servlet.core.ManagedFilter.doFilter(ManagedFilter.java:67) ~[undertow-servlet-2.3.18.Final.jar!/:2.3.18.Final]
	at io.undertow.servlet.handlers.FilterHandler$FilterChainImpl.doFilter(FilterHandler.java:131) ~[undertow-servlet-2.3.18.Final.jar!/:2.3.18.Final]
	at org.springframework.web.filter.RequestContextFilter.doFilterInternal(RequestContextFilter.java:100) ~[spring-web-6.2.5.jar!/:6.2.5]
	at org.springframework.web.filter.OncePerRequestFilter.doFilter(OncePerRequestFilter.java:116) ~[spring-web-6.2.5.jar!/:6.2.5]
	at io.undertow.servlet.core.ManagedFilter.doFilter(ManagedFilter.java:67) ~[undertow-servlet-2.3.18.Final.jar!/:2.3.18.Final]
	at io.undertow.servlet.handlers.FilterHandler$FilterChainImpl.doFilter(FilterHandler.java:131) ~[undertow-servlet-2.3.18.Final.jar!/:2.3.18.Final]
	at org.springframework.web.filter.FormContentFilter.doFilterInternal(FormContentFilter.java:93) ~[spring-web-6.2.5.jar!/:6.2.5]
	at org.springframework.web.filter.OncePerRequestFilter.doFilter(OncePerRequestFilter.java:116) ~[spring-web-6.2.5.jar!/:6.2.5]
	at io.undertow.servlet.core.ManagedFilter.doFilter(ManagedFilter.java:67) ~[undertow-servlet-2.3.18.Final.jar!/:2.3.18.Final]
	at io.undertow.servlet.handlers.FilterHandler$FilterChainImpl.doFilter(FilterHandler.java:131) ~[undertow-servlet-2.3.18.Final.jar!/:2.3.18.Final]
	at org.springframework.web.filter.ServerHttpObservationFilter.doFilterInternal(ServerHttpObservationFilter.java:114) ~[spring-web-6.2.5.jar!/:6.2.5]
	at org.springframework.web.filter.OncePerRequestFilter.doFilter(OncePerRequestFilter.java:116) ~[spring-web-6.2.5.jar!/:6.2.5]
	at io.undertow.servlet.core.ManagedFilter.doFilter(ManagedFilter.java:67) ~[undertow-servlet-2.3.18.Final.jar!/:2.3.18.Final]
	at io.undertow.servlet.handlers.FilterHandler$FilterChainImpl.doFilter(FilterHandler.java:131) ~[undertow-servlet-2.3.18.Final.jar!/:2.3.18.Final]
	at org.springframework.web.filter.CharacterEncodingFilter.doFilterInternal(CharacterEncodingFilter.java:201) ~[spring-web-6.2.5.jar!/:6.2.5]
	at org.springframework.web.filter.OncePerRequestFilter.doFilter(OncePerRequestFilter.java:116) ~[spring-web-6.2.5.jar!/:6.2.5]
	at io.undertow.servlet.core.ManagedFilter.doFilter(ManagedFilter.java:67) ~[undertow-servlet-2.3.18.Final.jar!/:2.3.18.Final]
	at io.undertow.servlet.handlers.FilterHandler$FilterChainImpl.doFilter(FilterHandler.java:131) ~[undertow-servlet-2.3.18.Final.jar!/:2.3.18.Final]
	at io.undertow.servlet.handlers.FilterHandler.handleRequest(FilterHandler.java:84) ~[undertow-servlet-2.3.18.Final.jar!/:2.3.18.Final]
	at io.undertow.servlet.handlers.security.ServletSecurityRoleHandler.handleRequest(ServletSecurityRoleHandler.java:62) ~[undertow-servlet-2.3.18.Final.jar!/:2.3.18.Final]
	at io.undertow.servlet.handlers.ServletChain$1.handleRequest(ServletChain.java:68) ~[undertow-servlet-2.3.18.Final.jar!/:2.3.18.Final]
	at io.undertow.servlet.handlers.ServletDispatchingHandler.handleRequest(ServletDispatchingHandler.java:36) ~[undertow-servlet-2.3.18.Final.jar!/:2.3.18.Final]
	at io.undertow.servlet.handlers.RedirectDirHandler.handleRequest(RedirectDirHandler.java:68) ~[undertow-servlet-2.3.18.Final.jar!/:2.3.18.Final]
	at io.undertow.servlet.handlers.security.SSLInformationAssociationHandler.handleRequest(SSLInformationAssociationHandler.java:117) ~[undertow-servlet-2.3.18.Final.jar!/:2.3.18.Final]
	at io.undertow.servlet.handlers.security.ServletAuthenticationCallHandler.handleRequest(ServletAuthenticationCallHandler.java:57) ~[undertow-servlet-2.3.18.Final.jar!/:2.3.18.Final]
	at io.undertow.server.handlers.PredicateHandler.handleRequest(PredicateHandler.java:43) ~[undertow-core-2.3.18.Final.jar!/:2.3.18.Final]
	at io.undertow.security.handlers.AbstractConfidentialityHandler.handleRequest(AbstractConfidentialityHandler.java:46) ~[undertow-core-2.3.18.Final.jar!/:2.3.18.Final]
	at io.undertow.servlet.handlers.security.ServletConfidentialityConstraintHandler.handleRequest(ServletConfidentialityConstraintHandler.java:64) ~[undertow-servlet-2.3.18.Final.jar!/:2.3.18.Final]
	at io.undertow.security.handlers.AuthenticationMechanismsHandler.handleRequest(AuthenticationMechanismsHandler.java:60) ~[undertow-core-2.3.18.Final.jar!/:2.3.18.Final]
	at io.undertow.servlet.handlers.security.CachedAuthenticatedSessionHandler.handleRequest(CachedAuthenticatedSessionHandler.java:77) ~[undertow-servlet-2.3.18.Final.jar!/:2.3.18.Final]
	at io.undertow.security.handlers.AbstractSecurityContextAssociationHandler.handleRequest(AbstractSecurityContextAssociationHandler.java:43) ~[undertow-core-2.3.18.Final.jar!/:2.3.18.Final]
	at io.undertow.server.handlers.PredicateHandler.handleRequest(PredicateHandler.java:43) ~[undertow-core-2.3.18.Final.jar!/:2.3.18.Final]
	at io.undertow.servlet.handlers.SendErrorPageHandler.handleRequest(SendErrorPageHandler.java:52) ~[undertow-servlet-2.3.18.Final.jar!/:2.3.18.Final]
	at io.undertow.server.handlers.PredicateHandler.handleRequest(PredicateHandler.java:43) ~[undertow-core-2.3.18.Final.jar!/:2.3.18.Final]
	at io.undertow.servlet.handlers.ServletInitialHandler.handleFirstRequest(ServletInitialHandler.java:276) ~[undertow-servlet-2.3.18.Final.jar!/:2.3.18.Final]
	at io.undertow.servlet.handlers.ServletInitialHandler$2.call(ServletInitialHandler.java:135) ~[undertow-servlet-2.3.18.Final.jar!/:2.3.18.Final]
	at io.undertow.servlet.handlers.ServletInitialHandler$2.call(ServletInitialHandler.java:132) ~[undertow-servlet-2.3.18.Final.jar!/:2.3.18.Final]
	at io.undertow.servlet.core.ServletRequestContextThreadSetupAction$1.call(ServletRequestContextThreadSetupAction.java:48) ~[undertow-servlet-2.3.18.Final.jar!/:2.3.18.Final]
	at io.undertow.servlet.core.ContextClassLoaderSetupAction$1.call(ContextClassLoaderSetupAction.java:43) ~[undertow-servlet-2.3.18.Final.jar!/:2.3.18.Final]
	at io.undertow.servlet.handlers.ServletInitialHandler.dispatchRequest(ServletInitialHandler.java:256) ~[undertow-servlet-2.3.18.Final.jar!/:2.3.18.Final]
	at io.undertow.servlet.handlers.ServletInitialHandler$1.handleRequest(ServletInitialHandler.java:101) ~[undertow-servlet-2.3.18.Final.jar!/:2.3.18.Final]
	at io.undertow.server.Connectors.executeRootHandler(Connectors.java:395) ~[undertow-core-2.3.18.Final.jar!/:2.3.18.Final]
	at io.undertow.server.HttpServerExchange$1.run(HttpServerExchange.java:861) ~[undertow-core-2.3.18.Final.jar!/:2.3.18.Final]
	at org.jboss.threads.ContextHandler$1.runWith(ContextHandler.java:18) ~[jboss-threads-3.5.0.Final.jar!/:3.5.0.Final]
	at org.jboss.threads.EnhancedQueueExecutor$Task.run(EnhancedQueueExecutor.java:2513) ~[jboss-threads-3.5.0.Final.jar!/:3.5.0.Final]
	at org.jboss.threads.EnhancedQueueExecutor$ThreadBody.run(EnhancedQueueExecutor.java:1538) ~[jboss-threads-3.5.0.Final.jar!/:3.5.0.Final]
	at org.xnio.XnioWorker$WorkerThreadFactory$1$1.run(XnioWorker.java:1282) ~[xnio-api-3.8.16.Final.jar!/:3.8.16.Final]
	at java.base/java.lang.Thread.run(Thread.java:1583) ~[na:na]

[luohuo-im-server:18778:] 2026-02-18 10:04:13.286[ WARN] 75149 [] [XNIO-2 task-2:295902] [c.l.b.boot.handler.AbstractGlobalExceptionHandler.bizException:66] BizException:

com.luohuo.basic.exception.BizException: AI_APPROVAL_REQUIRED:apr_3c5a4b35098e409a9bdee4b5f3d5c9aa
	at com.luohuo.basic.exception.BizException.wrap(BizException.java:54) ~[luohuo-core-3.0.6.jar!/:3.0.6]
	at com.luohuo.flex.im.core.chat.service.ai.approval.AiApprovalService.ensureAccess(AiApprovalService.java:96) ~[luohuo-im-biz-3.0.6.jar!/:3.0.6]
	at com.luohuo.flex.im.core.chat.service.ai.AiDispatchPrecheckService.preCheck(AiDispatchPrecheckService.java:76) ~[luohuo-im-biz-3.0.6.jar!/:3.0.6]
	at com.luohuo.flex.im.core.chat.service.impl.ChatServiceImpl.sendMsg(ChatServiceImpl.java:79) ~[luohuo-im-biz-3.0.6.jar!/:3.0.6]
	at java.base/jdk.internal.reflect.DirectMethodHandleAccessor.invoke(DirectMethodHandleAccessor.java:103) ~[na:na]
	at java.base/java.lang.reflect.Method.invoke(Method.java:580) ~[na:na]
	at org.springframework.aop.support.AopUtils.invokeJoinpointUsingReflection(AopUtils.java:359) ~[spring-aop-6.2.5.jar!/:6.2.5]
	at org.springframework.aop.framework.ReflectiveMethodInvocation.invokeJoinpoint(ReflectiveMethodInvocation.java:196) ~[spring-aop-6.2.5.jar!/:6.2.5]
	at org.springframework.aop.framework.ReflectiveMethodInvocation.proceed(ReflectiveMethodInvocation.java:163) ~[spring-aop-6.2.5.jar!/:6.2.5]
	at org.springframework.transaction.interceptor.TransactionAspectSupport.invokeWithinTransaction(TransactionAspectSupport.java:380) ~[spring-tx-6.2.5.jar!/:6.2.5]
	at org.springframework.transaction.interceptor.TransactionInterceptor.invoke(TransactionInterceptor.java:119) ~[spring-tx-6.2.5.jar!/:6.2.5]
	at org.springframework.aop.framework.ReflectiveMethodInvocation.proceed(ReflectiveMethodInvocation.java:184) ~[spring-aop-6.2.5.jar!/:6.2.5]
	at org.springframework.aop.interceptor.ExposeInvocationInterceptor.invoke(ExposeInvocationInterceptor.java:97) ~[spring-aop-6.2.5.jar!/:6.2.5]
	at org.springframework.aop.framework.ReflectiveMethodInvocation.proceed(ReflectiveMethodInvocation.java:184) ~[spring-aop-6.2.5.jar!/:6.2.5]
	at org.springframework.aop.framework.CglibAopProxy$DynamicAdvisedInterceptor.intercept(CglibAopProxy.java:727) ~[spring-aop-6.2.5.jar!/:6.2.5]
	at com.luohuo.flex.im.core.chat.service.impl.ChatServiceImpl$$SpringCGLIB$$0.sendMsg(<generated>) ~[luohuo-im-biz-3.0.6.jar!/:3.0.6]
	at com.luohuo.flex.im.controller.chat.ChatController.sendMsg(ChatController.java:78) ~[luohuo-im-controller-3.0.6.jar!/:3.0.6]
	at java.base/jdk.internal.reflect.DirectMethodHandleAccessor.invoke(DirectMethodHandleAccessor.java:103) ~[na:na]
	at java.base/java.lang.reflect.Method.invoke(Method.java:580) ~[na:na]
	at org.springframework.aop.support.AopUtils.invokeJoinpointUsingReflection(AopUtils.java:359) ~[spring-aop-6.2.5.jar!/:6.2.5]
	at org.springframework.aop.framework.ReflectiveMethodInvocation.invokeJoinpoint(ReflectiveMethodInvocation.java:196) ~[spring-aop-6.2.5.jar!/:6.2.5]
	at org.springframework.aop.framework.ReflectiveMethodInvocation.proceed(ReflectiveMethodInvocation.java:163) ~[spring-aop-6.2.5.jar!/:6.2.5]
	at org.springframework.aop.interceptor.ExposeInvocationInterceptor.invoke(ExposeInvocationInterceptor.java:97) ~[spring-aop-6.2.5.jar!/:6.2.5]
	at org.springframework.aop.framework.ReflectiveMethodInvocation.proceed(ReflectiveMethodInvocation.java:184) ~[spring-aop-6.2.5.jar!/:6.2.5]
	at org.springframework.aop.framework.CglibAopProxy$DynamicAdvisedInterceptor.intercept(CglibAopProxy.java:727) ~[spring-aop-6.2.5.jar!/:6.2.5]
	at com.luohuo.flex.im.controller.chat.ChatController$$SpringCGLIB$$0.sendMsg(<generated>) ~[luohuo-im-controller-3.0.6.jar!/:3.0.6]
	at java.base/jdk.internal.reflect.DirectMethodHandleAccessor.invoke(DirectMethodHandleAccessor.java:103) ~[na:na]
	at java.base/java.lang.reflect.Method.invoke(Method.java:580) ~[na:na]
	at org.springframework.web.method.support.InvocableHandlerMethod.doInvoke(InvocableHandlerMethod.java:258) ~[spring-web-6.2.5.jar!/:6.2.5]
	at org.springframework.web.method.support.InvocableHandlerMethod.invokeForRequest(InvocableHandlerMethod.java:191) ~[spring-web-6.2.5.jar!/:6.2.5]
	at org.springframework.web.servlet.mvc.method.annotation.ServletInvocableHandlerMethod.invokeAndHandle(ServletInvocableHandlerMethod.java:118) ~[spring-webmvc-6.2.5.jar!/:6.2.5]
	at org.springframework.web.servlet.mvc.method.annotation.RequestMappingHandlerAdapter.invokeHandlerMethod(RequestMappingHandlerAdapter.java:986) ~[spring-webmvc-6.2.5.jar!/:6.2.5]
	at org.springframework.web.servlet.mvc.method.annotation.RequestMappingHandlerAdapter.handleInternal(RequestMappingHandlerAdapter.java:891) ~[spring-webmvc-6.2.5.jar!/:6.2.5]
	at org.springframework.web.servlet.mvc.method.AbstractHandlerMethodAdapter.handle(AbstractHandlerMethodAdapter.java:87) ~[spring-webmvc-6.2.5.jar!/:6.2.5]
	at org.springframework.web.servlet.DispatcherServlet.doDispatch(DispatcherServlet.java:1089) ~[spring-webmvc-6.2.5.jar!/:6.2.5]
	at org.springframework.web.servlet.DispatcherServlet.doService(DispatcherServlet.java:979) ~[spring-webmvc-6.2.5.jar!/:6.2.5]
	at org.springframework.web.servlet.FrameworkServlet.processRequest(FrameworkServlet.java:1014) ~[spring-webmvc-6.2.5.jar!/:6.2.5]
	at org.springframework.web.servlet.FrameworkServlet.doPost(FrameworkServlet.java:914) ~[spring-webmvc-6.2.5.jar!/:6.2.5]
	at jakarta.servlet.http.HttpServlet.service(HttpServlet.java:547) ~[jakarta.servlet-api-6.0.0.jar!/:6.0.0]
	at org.springframework.web.servlet.FrameworkServlet.service(FrameworkServlet.java:885) ~[spring-webmvc-6.2.5.jar!/:6.2.5]
	at jakarta.servlet.http.HttpServlet.service(HttpServlet.java:614) ~[jakarta.servlet-api-6.0.0.jar!/:6.0.0]
	at io.undertow.servlet.handlers.ServletHandler.handleRequest(ServletHandler.java:74) ~[undertow-servlet-2.3.18.Final.jar!/:2.3.18.Final]
	at io.undertow.servlet.handlers.FilterHandler$FilterChainImpl.doFilter(FilterHandler.java:129) ~[undertow-servlet-2.3.18.Final.jar!/:2.3.18.Final]
	at org.springframework.web.servlet.resource.ResourceUrlEncodingFilter.doFilter(ResourceUrlEncodingFilter.java:66) ~[spring-webmvc-6.2.5.jar!/:6.2.5]
	at io.undertow.servlet.core.ManagedFilter.doFilter(ManagedFilter.java:67) ~[undertow-servlet-2.3.18.Final.jar!/:2.3.18.Final]
	at io.undertow.servlet.handlers.FilterHandler$FilterChainImpl.doFilter(FilterHandler.java:131) ~[undertow-servlet-2.3.18.Final.jar!/:2.3.18.Final]
	at com.alibaba.druid.support.jakarta.WebStatFilter.doFilter(WebStatFilter.java:113) ~[druid-1.2.24.jar!/:na]
	at io.undertow.servlet.core.ManagedFilter.doFilter(ManagedFilter.java:67) ~[undertow-servlet-2.3.18.Final.jar!/:2.3.18.Final]
	at io.undertow.servlet.handlers.FilterHandler$FilterChainImpl.doFilter(FilterHandler.java:131) ~[undertow-servlet-2.3.18.Final.jar!/:2.3.18.Final]
	at com.luohuo.basic.xss.filter.XssFilter.doFilter(XssFilter.java:66) ~[luohuo-xss-starter-3.0.6.jar!/:3.0.6]
	at io.undertow.servlet.core.ManagedFilter.doFilter(ManagedFilter.java:67) ~[undertow-servlet-2.3.18.Final.jar!/:2.3.18.Final]
	at io.undertow.servlet.handlers.FilterHandler$FilterChainImpl.doFilter(FilterHandler.java:131) ~[undertow-servlet-2.3.18.Final.jar!/:2.3.18.Final]
	at cn.dev33.satoken.filter.SaFirewallCheckFilterForJakartaServlet.doFilter(SaFirewallCheckFilterForJakartaServlet.java:69) ~[sa-token-spring-boot3-starter-1.42.0.jar!/:na]
	at io.undertow.servlet.core.ManagedFilter.doFilter(ManagedFilter.java:67) ~[undertow-servlet-2.3.18.Final.jar!/:2.3.18.Final]
	at io.undertow.servlet.handlers.FilterHandler$FilterChainImpl.doFilter(FilterHandler.java:131) ~[undertow-servlet-2.3.18.Final.jar!/:2.3.18.Final]
	at cn.dev33.satoken.filter.SaTokenCorsFilterForJakartaServlet.doFilter(SaTokenCorsFilterForJakartaServlet.java:52) ~[sa-token-spring-boot3-starter-1.42.0.jar!/:na]
	at io.undertow.servlet.core.ManagedFilter.doFilter(ManagedFilter.java:67) ~[undertow-servlet-2.3.18.Final.jar!/:2.3.18.Final]
	at io.undertow.servlet.handlers.FilterHandler$FilterChainImpl.doFilter(FilterHandler.java:131) ~[undertow-servlet-2.3.18.Final.jar!/:2.3.18.Final]
	at cn.dev33.satoken.filter.SaTokenContextFilterForJakartaServlet.doFilter(SaTokenContextFilterForJakartaServlet.java:40) ~[sa-token-spring-boot3-starter-1.42.0.jar!/:na]
	at io.undertow.servlet.core.ManagedFilter.doFilter(ManagedFilter.java:67) ~[undertow-servlet-2.3.18.Final.jar!/:2.3.18.Final]
	at io.undertow.servlet.handlers.FilterHandler$FilterChainImpl.doFilter(FilterHandler.java:131) ~[undertow-servlet-2.3.18.Final.jar!/:2.3.18.Final]
	at com.luohuo.basic.tenant.core.web.TenantContextWebFilter.doFilterInternal(TenantContextWebFilter.java:29) ~[luohuo-tenant-3.0.6.jar!/:3.0.6]
	at org.springframework.web.filter.OncePerRequestFilter.doFilter(OncePerRequestFilter.java:116) ~[spring-web-6.2.5.jar!/:6.2.5]
	at io.undertow.servlet.core.ManagedFilter.doFilter(ManagedFilter.java:67) ~[undertow-servlet-2.3.18.Final.jar!/:2.3.18.Final]
	at io.undertow.servlet.handlers.FilterHandler$FilterChainImpl.doFilter(FilterHandler.java:131) ~[undertow-servlet-2.3.18.Final.jar!/:2.3.18.Final]
	at org.springframework.web.filter.RequestContextFilter.doFilterInternal(RequestContextFilter.java:100) ~[spring-web-6.2.5.jar!/:6.2.5]
	at org.springframework.web.filter.OncePerRequestFilter.doFilter(OncePerRequestFilter.java:116) ~[spring-web-6.2.5.jar!/:6.2.5]
	at io.undertow.servlet.core.ManagedFilter.doFilter(ManagedFilter.java:67) ~[undertow-servlet-2.3.18.Final.jar!/:2.3.18.Final]
	at io.undertow.servlet.handlers.FilterHandler$FilterChainImpl.doFilter(FilterHandler.java:131) ~[undertow-servlet-2.3.18.Final.jar!/:2.3.18.Final]
	at org.springframework.web.filter.FormContentFilter.doFilterInternal(FormContentFilter.java:93) ~[spring-web-6.2.5.jar!/:6.2.5]
	at org.springframework.web.filter.OncePerRequestFilter.doFilter(OncePerRequestFilter.java:116) ~[spring-web-6.2.5.jar!/:6.2.5]
	at io.undertow.servlet.core.ManagedFilter.doFilter(ManagedFilter.java:67) ~[undertow-servlet-2.3.18.Final.jar!/:2.3.18.Final]
	at io.undertow.servlet.handlers.FilterHandler$FilterChainImpl.doFilter(FilterHandler.java:131) ~[undertow-servlet-2.3.18.Final.jar!/:2.3.18.Final]
	at org.springframework.web.filter.ServerHttpObservationFilter.doFilterInternal(ServerHttpObservationFilter.java:114) ~[spring-web-6.2.5.jar!/:6.2.5]
	at org.springframework.web.filter.OncePerRequestFilter.doFilter(OncePerRequestFilter.java:116) ~[spring-web-6.2.5.jar!/:6.2.5]
	at io.undertow.servlet.core.ManagedFilter.doFilter(ManagedFilter.java:67) ~[undertow-servlet-2.3.18.Final.jar!/:2.3.18.Final]
	at io.undertow.servlet.handlers.FilterHandler$FilterChainImpl.doFilter(FilterHandler.java:131) ~[undertow-servlet-2.3.18.Final.jar!/:2.3.18.Final]
	at org.springframework.web.filter.CharacterEncodingFilter.doFilterInternal(CharacterEncodingFilter.java:201) ~[spring-web-6.2.5.jar!/:6.2.5]
	at org.springframework.web.filter.OncePerRequestFilter.doFilter(OncePerRequestFilter.java:116) ~[spring-web-6.2.5.jar!/:6.2.5]
	at io.undertow.servlet.core.ManagedFilter.doFilter(ManagedFilter.java:67) ~[undertow-servlet-2.3.18.Final.jar!/:2.3.18.Final]
	at io.undertow.servlet.handlers.FilterHandler$FilterChainImpl.doFilter(FilterHandler.java:131) ~[undertow-servlet-2.3.18.Final.jar!/:2.3.18.Final]
	at io.undertow.servlet.handlers.FilterHandler.handleRequest(FilterHandler.java:84) ~[undertow-servlet-2.3.18.Final.jar!/:2.3.18.Final]
	at io.undertow.servlet.handlers.security.ServletSecurityRoleHandler.handleRequest(ServletSecurityRoleHandler.java:62) ~[undertow-servlet-2.3.18.Final.jar!/:2.3.18.Final]
	at io.undertow.servlet.handlers.ServletChain$1.handleRequest(ServletChain.java:68) ~[undertow-servlet-2.3.18.Final.jar!/:2.3.18.Final]
	at io.undertow.servlet.handlers.ServletDispatchingHandler.handleRequest(ServletDispatchingHandler.java:36) ~[undertow-servlet-2.3.18.Final.jar!/:2.3.18.Final]
	at io.undertow.servlet.handlers.RedirectDirHandler.handleRequest(RedirectDirHandler.java:68) ~[undertow-servlet-2.3.18.Final.jar!/:2.3.18.Final]
	at io.undertow.servlet.handlers.security.SSLInformationAssociationHandler.handleRequest(SSLInformationAssociationHandler.java:117) ~[undertow-servlet-2.3.18.Final.jar!/:2.3.18.Final]
	at io.undertow.servlet.handlers.security.ServletAuthenticationCallHandler.handleRequest(ServletAuthenticationCallHandler.java:57) ~[undertow-servlet-2.3.18.Final.jar!/:2.3.18.Final]
	at io.undertow.server.handlers.PredicateHandler.handleRequest(PredicateHandler.java:43) ~[undertow-core-2.3.18.Final.jar!/:2.3.18.Final]
	at io.undertow.security.handlers.AbstractConfidentialityHandler.handleRequest(AbstractConfidentialityHandler.java:46) ~[undertow-core-2.3.18.Final.jar!/:2.3.18.Final]
	at io.undertow.servlet.handlers.security.ServletConfidentialityConstraintHandler.handleRequest(ServletConfidentialityConstraintHandler.java:64) ~[undertow-servlet-2.3.18.Final.jar!/:2.3.18.Final]
	at io.undertow.security.handlers.AuthenticationMechanismsHandler.handleRequest(AuthenticationMechanismsHandler.java:60) ~[undertow-core-2.3.18.Final.jar!/:2.3.18.Final]
	at io.undertow.servlet.handlers.security.CachedAuthenticatedSessionHandler.handleRequest(CachedAuthenticatedSessionHandler.java:77) ~[undertow-servlet-2.3.18.Final.jar!/:2.3.18.Final]
	at io.undertow.security.handlers.AbstractSecurityContextAssociationHandler.handleRequest(AbstractSecurityContextAssociationHandler.java:43) ~[undertow-core-2.3.18.Final.jar!/:2.3.18.Final]
	at io.undertow.server.handlers.PredicateHandler.handleRequest(PredicateHandler.java:43) ~[undertow-core-2.3.18.Final.jar!/:2.3.18.Final]
	at io.undertow.servlet.handlers.SendErrorPageHandler.handleRequest(SendErrorPageHandler.java:52) ~[undertow-servlet-2.3.18.Final.jar!/:2.3.18.Final]
	at io.undertow.server.handlers.PredicateHandler.handleRequest(PredicateHandler.java:43) ~[undertow-core-2.3.18.Final.jar!/:2.3.18.Final]
	at io.undertow.servlet.handlers.ServletInitialHandler.handleFirstRequest(ServletInitialHandler.java:276) ~[undertow-servlet-2.3.18.Final.jar!/:2.3.18.Final]
	at io.undertow.servlet.handlers.ServletInitialHandler$2.call(ServletInitialHandler.java:135) ~[undertow-servlet-2.3.18.Final.jar!/:2.3.18.Final]
	at io.undertow.servlet.handlers.ServletInitialHandler$2.call(ServletInitialHandler.java:132) ~[undertow-servlet-2.3.18.Final.jar!/:2.3.18.Final]
	at io.undertow.servlet.core.ServletRequestContextThreadSetupAction$1.call(ServletRequestContextThreadSetupAction.java:48) ~[undertow-servlet-2.3.18.Final.jar!/:2.3.18.Final]
	at io.undertow.servlet.core.ContextClassLoaderSetupAction$1.call(ContextClassLoaderSetupAction.java:43) ~[undertow-servlet-2.3.18.Final.jar!/:2.3.18.Final]
	at io.undertow.servlet.handlers.ServletInitialHandler.dispatchRequest(ServletInitialHandler.java:256) ~[undertow-servlet-2.3.18.Final.jar!/:2.3.18.Final]
	at io.undertow.servlet.handlers.ServletInitialHandler$1.handleRequest(ServletInitialHandler.java:101) ~[undertow-servlet-2.3.18.Final.jar!/:2.3.18.Final]
	at io.undertow.server.Connectors.executeRootHandler(Connectors.java:395) ~[undertow-core-2.3.18.Final.jar!/:2.3.18.Final]
	at io.undertow.server.HttpServerExchange$1.run(HttpServerExchange.java:861) ~[undertow-core-2.3.18.Final.jar!/:2.3.18.Final]
	at org.jboss.threads.ContextHandler$1.runWith(ContextHandler.java:18) ~[jboss-threads-3.5.0.Final.jar!/:3.5.0.Final]
	at org.jboss.threads.EnhancedQueueExecutor$Task.run(EnhancedQueueExecutor.java:2513) ~[jboss-threads-3.5.0.Final.jar!/:3.5.0.Final]
	at org.jboss.threads.EnhancedQueueExecutor$ThreadBody.run(EnhancedQueueExecutor.java:1538) ~[jboss-threads-3.5.0.Final.jar!/:3.5.0.Final]
	at org.xnio.XnioWorker$WorkerThreadFactory$1$1.run(XnioWorker.java:1282) ~[xnio-api-3.8.16.Final.jar!/:3.8.16.Final]
	at java.base/java.lang.Thread.run(Thread.java:1583) ~[na:na]

[luohuo-im-server:18778:] 2026-02-18 10:04:36.668[ WARN] 75149 [] [XNIO-2 task-2:319284] [c.l.b.boot.handler.AbstractGlobalExceptionHandler.bizException:66] BizException:

com.luohuo.basic.exception.BizException: AI_RATE_LIMITED:并发请求数超限
	at com.luohuo.flex.im.core.chat.service.ai.AiErrorCodeEnum.throwEx(AiErrorCodeEnum.java:42) ~[luohuo-im-biz-3.0.6.jar!/:3.0.6]
	at com.luohuo.flex.im.core.chat.service.ai.AiRateLimiterService.checkRequesterInflight(AiRateLimiterService.java:89) ~[luohuo-im-biz-3.0.6.jar!/:3.0.6]
	at com.luohuo.flex.im.core.chat.service.ai.AiRateLimiterService.checkRateLimit(AiRateLimiterService.java:42) ~[luohuo-im-biz-3.0.6.jar!/:3.0.6]
	at com.luohuo.flex.im.core.chat.service.ai.AiDispatchPrecheckService.preCheck(AiDispatchPrecheckService.java:79) ~[luohuo-im-biz-3.0.6.jar!/:3.0.6]
	at com.luohuo.flex.im.core.chat.service.impl.ChatServiceImpl.sendMsg(ChatServiceImpl.java:79) ~[luohuo-im-biz-3.0.6.jar!/:3.0.6]
	at java.base/jdk.internal.reflect.DirectMethodHandleAccessor.invoke(DirectMethodHandleAccessor.java:103) ~[na:na]
	at java.base/java.lang.reflect.Method.invoke(Method.java:580) ~[na:na]
	at org.springframework.aop.support.AopUtils.invokeJoinpointUsingReflection(AopUtils.java:359) ~[spring-aop-6.2.5.jar!/:6.2.5]
	at org.springframework.aop.framework.ReflectiveMethodInvocation.invokeJoinpoint(ReflectiveMethodInvocation.java:196) ~[spring-aop-6.2.5.jar!/:6.2.5]
	at org.springframework.aop.framework.ReflectiveMethodInvocation.proceed(ReflectiveMethodInvocation.java:163) ~[spring-aop-6.2.5.jar!/:6.2.5]
	at org.springframework.transaction.interceptor.TransactionAspectSupport.invokeWithinTransaction(TransactionAspectSupport.java:380) ~[spring-tx-6.2.5.jar!/:6.2.5]
	at org.springframework.transaction.interceptor.TransactionInterceptor.invoke(TransactionInterceptor.java:119) ~[spring-tx-6.2.5.jar!/:6.2.5]
	at org.springframework.aop.framework.ReflectiveMethodInvocation.proceed(ReflectiveMethodInvocation.java:184) ~[spring-aop-6.2.5.jar!/:6.2.5]
	at org.springframework.aop.interceptor.ExposeInvocationInterceptor.invoke(ExposeInvocationInterceptor.java:97) ~[spring-aop-6.2.5.jar!/:6.2.5]
	at org.springframework.aop.framework.ReflectiveMethodInvocation.proceed(ReflectiveMethodInvocation.java:184) ~[spring-aop-6.2.5.jar!/:6.2.5]
	at org.springframework.aop.framework.CglibAopProxy$DynamicAdvisedInterceptor.intercept(CglibAopProxy.java:727) ~[spring-aop-6.2.5.jar!/:6.2.5]
	at com.luohuo.flex.im.core.chat.service.impl.ChatServiceImpl$$SpringCGLIB$$0.sendMsg(<generated>) ~[luohuo-im-biz-3.0.6.jar!/:3.0.6]
	at com.luohuo.flex.im.controller.chat.ChatController.sendMsg(ChatController.java:78) ~[luohuo-im-controller-3.0.6.jar!/:3.0.6]
	at java.base/jdk.internal.reflect.DirectMethodHandleAccessor.invoke(DirectMethodHandleAccessor.java:103) ~[na:na]
	at java.base/java.lang.reflect.Method.invoke(Method.java:580) ~[na:na]
	at org.springframework.aop.support.AopUtils.invokeJoinpointUsingReflection(AopUtils.java:359) ~[spring-aop-6.2.5.jar!/:6.2.5]
	at org.springframework.aop.framework.ReflectiveMethodInvocation.invokeJoinpoint(ReflectiveMethodInvocation.java:196) ~[spring-aop-6.2.5.jar!/:6.2.5]
	at org.springframework.aop.framework.ReflectiveMethodInvocation.proceed(ReflectiveMethodInvocation.java:163) ~[spring-aop-6.2.5.jar!/:6.2.5]
	at org.springframework.aop.interceptor.ExposeInvocationInterceptor.invoke(ExposeInvocationInterceptor.java:97) ~[spring-aop-6.2.5.jar!/:6.2.5]
	at org.springframework.aop.framework.ReflectiveMethodInvocation.proceed(ReflectiveMethodInvocation.java:184) ~[spring-aop-6.2.5.jar!/:6.2.5]
	at org.springframework.aop.framework.CglibAopProxy$DynamicAdvisedInterceptor.intercept(CglibAopProxy.java:727) ~[spring-aop-6.2.5.jar!/:6.2.5]
	at com.luohuo.flex.im.controller.chat.ChatController$$SpringCGLIB$$0.sendMsg(<generated>) ~[luohuo-im-controller-3.0.6.jar!/:3.0.6]
	at java.base/jdk.internal.reflect.DirectMethodHandleAccessor.invoke(DirectMethodHandleAccessor.java:103) ~[na:na]
	at java.base/java.lang.reflect.Method.invoke(Method.java:580) ~[na:na]
	at org.springframework.web.method.support.InvocableHandlerMethod.doInvoke(InvocableHandlerMethod.java:258) ~[spring-web-6.2.5.jar!/:6.2.5]
	at org.springframework.web.method.support.InvocableHandlerMethod.invokeForRequest(InvocableHandlerMethod.java:191) ~[spring-web-6.2.5.jar!/:6.2.5]
	at org.springframework.web.servlet.mvc.method.annotation.ServletInvocableHandlerMethod.invokeAndHandle(ServletInvocableHandlerMethod.java:118) ~[spring-webmvc-6.2.5.jar!/:6.2.5]
	at org.springframework.web.servlet.mvc.method.annotation.RequestMappingHandlerAdapter.invokeHandlerMethod(RequestMappingHandlerAdapter.java:986) ~[spring-webmvc-6.2.5.jar!/:6.2.5]
	at org.springframework.web.servlet.mvc.method.annotation.RequestMappingHandlerAdapter.handleInternal(RequestMappingHandlerAdapter.java:891) ~[spring-webmvc-6.2.5.jar!/:6.2.5]
	at org.springframework.web.servlet.mvc.method.AbstractHandlerMethodAdapter.handle(AbstractHandlerMethodAdapter.java:87) ~[spring-webmvc-6.2.5.jar!/:6.2.5]
	at org.springframework.web.servlet.DispatcherServlet.doDispatch(DispatcherServlet.java:1089) ~[spring-webmvc-6.2.5.jar!/:6.2.5]
	at org.springframework.web.servlet.DispatcherServlet.doService(DispatcherServlet.java:979) ~[spring-webmvc-6.2.5.jar!/:6.2.5]
	at org.springframework.web.servlet.FrameworkServlet.processRequest(FrameworkServlet.java:1014) ~[spring-webmvc-6.2.5.jar!/:6.2.5]
	at org.springframework.web.servlet.FrameworkServlet.doPost(FrameworkServlet.java:914) ~[spring-webmvc-6.2.5.jar!/:6.2.5]
	at jakarta.servlet.http.HttpServlet.service(HttpServlet.java:547) ~[jakarta.servlet-api-6.0.0.jar!/:6.0.0]
	at org.springframework.web.servlet.FrameworkServlet.service(FrameworkServlet.java:885) ~[spring-webmvc-6.2.5.jar!/:6.2.5]
	at jakarta.servlet.http.HttpServlet.service(HttpServlet.java:614) ~[jakarta.servlet-api-6.0.0.jar!/:6.0.0]
	at io.undertow.servlet.handlers.ServletHandler.handleRequest(ServletHandler.java:74) ~[undertow-servlet-2.3.18.Final.jar!/:2.3.18.Final]
	at io.undertow.servlet.handlers.FilterHandler$FilterChainImpl.doFilter(FilterHandler.java:129) ~[undertow-servlet-2.3.18.Final.jar!/:2.3.18.Final]
	at org.springframework.web.servlet.resource.ResourceUrlEncodingFilter.doFilter(ResourceUrlEncodingFilter.java:66) ~[spring-webmvc-6.2.5.jar!/:6.2.5]
	at io.undertow.servlet.core.ManagedFilter.doFilter(ManagedFilter.java:67) ~[undertow-servlet-2.3.18.Final.jar!/:2.3.18.Final]
	at io.undertow.servlet.handlers.FilterHandler$FilterChainImpl.doFilter(FilterHandler.java:131) ~[undertow-servlet-2.3.18.Final.jar!/:2.3.18.Final]
	at com.alibaba.druid.support.jakarta.WebStatFilter.doFilter(WebStatFilter.java:113) ~[druid-1.2.24.jar!/:na]
	at io.undertow.servlet.core.ManagedFilter.doFilter(ManagedFilter.java:67) ~[undertow-servlet-2.3.18.Final.jar!/:2.3.18.Final]
	at io.undertow.servlet.handlers.FilterHandler$FilterChainImpl.doFilter(FilterHandler.java:131) ~[undertow-servlet-2.3.18.Final.jar!/:2.3.18.Final]
	at com.luohuo.basic.xss.filter.XssFilter.doFilter(XssFilter.java:66) ~[luohuo-xss-starter-3.0.6.jar!/:3.0.6]
	at io.undertow.servlet.core.ManagedFilter.doFilter(ManagedFilter.java:67) ~[undertow-servlet-2.3.18.Final.jar!/:2.3.18.Final]
	at io.undertow.servlet.handlers.FilterHandler$FilterChainImpl.doFilter(FilterHandler.java:131) ~[undertow-servlet-2.3.18.Final.jar!/:2.3.18.Final]
	at cn.dev33.satoken.filter.SaFirewallCheckFilterForJakartaServlet.doFilter(SaFirewallCheckFilterForJakartaServlet.java:69) ~[sa-token-spring-boot3-starter-1.42.0.jar!/:na]
	at io.undertow.servlet.core.ManagedFilter.doFilter(ManagedFilter.java:67) ~[undertow-servlet-2.3.18.Final.jar!/:2.3.18.Final]
	at io.undertow.servlet.handlers.FilterHandler$FilterChainImpl.doFilter(FilterHandler.java:131) ~[undertow-servlet-2.3.18.Final.jar!/:2.3.18.Final]
	at cn.dev33.satoken.filter.SaTokenCorsFilterForJakartaServlet.doFilter(SaTokenCorsFilterForJakartaServlet.java:52) ~[sa-token-spring-boot3-starter-1.42.0.jar!/:na]
	at io.undertow.servlet.core.ManagedFilter.doFilter(ManagedFilter.java:67) ~[undertow-servlet-2.3.18.Final.jar!/:2.3.18.Final]
	at io.undertow.servlet.handlers.FilterHandler$FilterChainImpl.doFilter(FilterHandler.java:131) ~[undertow-servlet-2.3.18.Final.jar!/:2.3.18.Final]
	at cn.dev33.satoken.filter.SaTokenContextFilterForJakartaServlet.doFilter(SaTokenContextFilterForJakartaServlet.java:40) ~[sa-token-spring-boot3-starter-1.42.0.jar!/:na]
	at io.undertow.servlet.core.ManagedFilter.doFilter(ManagedFilter.java:67) ~[undertow-servlet-2.3.18.Final.jar!/:2.3.18.Final]
	at io.undertow.servlet.handlers.FilterHandler$FilterChainImpl.doFilter(FilterHandler.java:131) ~[undertow-servlet-2.3.18.Final.jar!/:2.3.18.Final]
	at com.luohuo.basic.tenant.core.web.TenantContextWebFilter.doFilterInternal(TenantContextWebFilter.java:29) ~[luohuo-tenant-3.0.6.jar!/:3.0.6]
	at org.springframework.web.filter.OncePerRequestFilter.doFilter(OncePerRequestFilter.java:116) ~[spring-web-6.2.5.jar!/:6.2.5]
	at io.undertow.servlet.core.ManagedFilter.doFilter(ManagedFilter.java:67) ~[undertow-servlet-2.3.18.Final.jar!/:2.3.18.Final]
	at io.undertow.servlet.handlers.FilterHandler$FilterChainImpl.doFilter(FilterHandler.java:131) ~[undertow-servlet-2.3.18.Final.jar!/:2.3.18.Final]
	at org.springframework.web.filter.RequestContextFilter.doFilterInternal(RequestContextFilter.java:100) ~[spring-web-6.2.5.jar!/:6.2.5]
	at org.springframework.web.filter.OncePerRequestFilter.doFilter(OncePerRequestFilter.java:116) ~[spring-web-6.2.5.jar!/:6.2.5]
	at io.undertow.servlet.core.ManagedFilter.doFilter(ManagedFilter.java:67) ~[undertow-servlet-2.3.18.Final.jar!/:2.3.18.Final]
	at io.undertow.servlet.handlers.FilterHandler$FilterChainImpl.doFilter(FilterHandler.java:131) ~[undertow-servlet-2.3.18.Final.jar!/:2.3.18.Final]
	at org.springframework.web.filter.FormContentFilter.doFilterInternal(FormContentFilter.java:93) ~[spring-web-6.2.5.jar!/:6.2.5]
	at org.springframework.web.filter.OncePerRequestFilter.doFilter(OncePerRequestFilter.java:116) ~[spring-web-6.2.5.jar!/:6.2.5]
	at io.undertow.servlet.core.ManagedFilter.doFilter(ManagedFilter.java:67) ~[undertow-servlet-2.3.18.Final.jar!/:2.3.18.Final]
	at io.undertow.servlet.handlers.FilterHandler$FilterChainImpl.doFilter(FilterHandler.java:131) ~[undertow-servlet-2.3.18.Final.jar!/:2.3.18.Final]
	at org.springframework.web.filter.ServerHttpObservationFilter.doFilterInternal(ServerHttpObservationFilter.java:114) ~[spring-web-6.2.5.jar!/:6.2.5]
	at org.springframework.web.filter.OncePerRequestFilter.doFilter(OncePerRequestFilter.java:116) ~[spring-web-6.2.5.jar!/:6.2.5]
	at io.undertow.servlet.core.ManagedFilter.doFilter(ManagedFilter.java:67) ~[undertow-servlet-2.3.18.Final.jar!/:2.3.18.Final]
	at io.undertow.servlet.handlers.FilterHandler$FilterChainImpl.doFilter(FilterHandler.java:131) ~[undertow-servlet-2.3.18.Final.jar!/:2.3.18.Final]
	at org.springframework.web.filter.CharacterEncodingFilter.doFilterInternal(CharacterEncodingFilter.java:201) ~[spring-web-6.2.5.jar!/:6.2.5]
	at org.springframework.web.filter.OncePerRequestFilter.doFilter(OncePerRequestFilter.java:116) ~[spring-web-6.2.5.jar!/:6.2.5]
	at io.undertow.servlet.core.ManagedFilter.doFilter(ManagedFilter.java:67) ~[undertow-servlet-2.3.18.Final.jar!/:2.3.18.Final]
	at io.undertow.servlet.handlers.FilterHandler$FilterChainImpl.doFilter(FilterHandler.java:131) ~[undertow-servlet-2.3.18.Final.jar!/:2.3.18.Final]
	at io.undertow.servlet.handlers.FilterHandler.handleRequest(FilterHandler.java:84) ~[undertow-servlet-2.3.18.Final.jar!/:2.3.18.Final]
	at io.undertow.servlet.handlers.security.ServletSecurityRoleHandler.handleRequest(ServletSecurityRoleHandler.java:62) ~[undertow-servlet-2.3.18.Final.jar!/:2.3.18.Final]
	at io.undertow.servlet.handlers.ServletChain$1.handleRequest(ServletChain.java:68) ~[undertow-servlet-2.3.18.Final.jar!/:2.3.18.Final]
	at io.undertow.servlet.handlers.ServletDispatchingHandler.handleRequest(ServletDispatchingHandler.java:36) ~[undertow-servlet-2.3.18.Final.jar!/:2.3.18.Final]
	at io.undertow.servlet.handlers.RedirectDirHandler.handleRequest(RedirectDirHandler.java:68) ~[undertow-servlet-2.3.18.Final.jar!/:2.3.18.Final]
	at io.undertow.servlet.handlers.security.SSLInformationAssociationHandler.handleRequest(SSLInformationAssociationHandler.java:117) ~[undertow-servlet-2.3.18.Final.jar!/:2.3.18.Final]
	at io.undertow.servlet.handlers.security.ServletAuthenticationCallHandler.handleRequest(ServletAuthenticationCallHandler.java:57) ~[undertow-servlet-2.3.18.Final.jar!/:2.3.18.Final]
	at io.undertow.server.handlers.PredicateHandler.handleRequest(PredicateHandler.java:43) ~[undertow-core-2.3.18.Final.jar!/:2.3.18.Final]
	at io.undertow.security.handlers.AbstractConfidentialityHandler.handleRequest(AbstractConfidentialityHandler.java:46) ~[undertow-core-2.3.18.Final.jar!/:2.3.18.Final]
	at io.undertow.servlet.handlers.security.ServletConfidentialityConstraintHandler.handleRequest(ServletConfidentialityConstraintHandler.java:64) ~[undertow-servlet-2.3.18.Final.jar!/:2.3.18.Final]
	at io.undertow.security.handlers.AuthenticationMechanismsHandler.handleRequest(AuthenticationMechanismsHandler.java:60) ~[undertow-core-2.3.18.Final.jar!/:2.3.18.Final]
	at io.undertow.servlet.handlers.security.CachedAuthenticatedSessionHandler.handleRequest(CachedAuthenticatedSessionHandler.java:77) ~[undertow-servlet-2.3.18.Final.jar!/:2.3.18.Final]
	at io.undertow.security.handlers.AbstractSecurityContextAssociationHandler.handleRequest(AbstractSecurityContextAssociationHandler.java:43) ~[undertow-core-2.3.18.Final.jar!/:2.3.18.Final]
	at io.undertow.server.handlers.PredicateHandler.handleRequest(PredicateHandler.java:43) ~[undertow-core-2.3.18.Final.jar!/:2.3.18.Final]
	at io.undertow.servlet.handlers.SendErrorPageHandler.handleRequest(SendErrorPageHandler.java:52) ~[undertow-servlet-2.3.18.Final.jar!/:2.3.18.Final]
	at io.undertow.server.handlers.PredicateHandler.handleRequest(PredicateHandler.java:43) ~[undertow-core-2.3.18.Final.jar!/:2.3.18.Final]
	at io.undertow.servlet.handlers.ServletInitialHandler.handleFirstRequest(ServletInitialHandler.java:276) ~[undertow-servlet-2.3.18.Final.jar!/:2.3.18.Final]
	at io.undertow.servlet.handlers.ServletInitialHandler$2.call(ServletInitialHandler.java:135) ~[undertow-servlet-2.3.18.Final.jar!/:2.3.18.Final]
	at io.undertow.servlet.handlers.ServletInitialHandler$2.call(ServletInitialHandler.java:132) ~[undertow-servlet-2.3.18.Final.jar!/:2.3.18.Final]
	at io.undertow.servlet.core.ServletRequestContextThreadSetupAction$1.call(ServletRequestContextThreadSetupAction.java:48) ~[undertow-servlet-2.3.18.Final.jar!/:2.3.18.Final]
	at io.undertow.servlet.core.ContextClassLoaderSetupAction$1.call(ContextClassLoaderSetupAction.java:43) ~[undertow-servlet-2.3.18.Final.jar!/:2.3.18.Final]
	at io.undertow.servlet.handlers.ServletInitialHandler.dispatchRequest(ServletInitialHandler.java:256) ~[undertow-servlet-2.3.18.Final.jar!/:2.3.18.Final]
	at io.undertow.servlet.handlers.ServletInitialHandler$1.handleRequest(ServletInitialHandler.java:101) ~[undertow-servlet-2.3.18.Final.jar!/:2.3.18.Final]
	at io.undertow.server.Connectors.executeRootHandler(Connectors.java:395) ~[undertow-core-2.3.18.Final.jar!/:2.3.18.Final]
	at io.undertow.server.HttpServerExchange$1.run(HttpServerExchange.java:861) ~[undertow-core-2.3.18.Final.jar!/:2.3.18.Final]
	at org.jboss.threads.ContextHandler$1.runWith(ContextHandler.java:18) ~[jboss-threads-3.5.0.Final.jar!/:3.5.0.Final]
	at org.jboss.threads.EnhancedQueueExecutor$Task.run(EnhancedQueueExecutor.java:2513) ~[jboss-threads-3.5.0.Final.jar!/:3.5.0.Final]
	at org.jboss.threads.EnhancedQueueExecutor$ThreadBody.run(EnhancedQueueExecutor.java:1538) ~[jboss-threads-3.5.0.Final.jar!/:3.5.0.Final]
	at org.xnio.XnioWorker$WorkerThreadFactory$1$1.run(XnioWorker.java:1282) ~[xnio-api-3.8.16.Final.jar!/:3.8.16.Final]
	at java.base/java.lang.Thread.run(Thread.java:1583) ~[na:na]

[luohuo-im-server:18778:] 2026-02-18 10:15:16.837[ WARN] 80624 [] [XNIO-2 task-2:136244] [c.l.b.boot.handler.AbstractGlobalExceptionHandler.bizException:66] BizException:

com.luohuo.basic.exception.BizException: AI_APPROVAL_REQUIRED:apr_6f6dda86be3e41f791707614090f2de3
	at com.luohuo.basic.exception.BizException.wrap(BizException.java:54) ~[luohuo-core-3.0.6.jar!/:3.0.6]
	at com.luohuo.flex.im.core.chat.service.ai.approval.AiApprovalService.ensureAccess(AiApprovalService.java:97) ~[luohuo-im-biz-3.0.6.jar!/:3.0.6]
	at com.luohuo.flex.im.core.chat.service.ai.AiDispatchPrecheckService.preCheck(AiDispatchPrecheckService.java:76) ~[luohuo-im-biz-3.0.6.jar!/:3.0.6]
	at com.luohuo.flex.im.core.chat.service.impl.ChatServiceImpl.sendMsg(ChatServiceImpl.java:79) ~[luohuo-im-biz-3.0.6.jar!/:3.0.6]
	at java.base/jdk.internal.reflect.DirectMethodHandleAccessor.invoke(DirectMethodHandleAccessor.java:103) ~[na:na]
	at java.base/java.lang.reflect.Method.invoke(Method.java:580) ~[na:na]
	at org.springframework.aop.support.AopUtils.invokeJoinpointUsingReflection(AopUtils.java:359) ~[spring-aop-6.2.5.jar!/:6.2.5]
	at org.springframework.aop.framework.ReflectiveMethodInvocation.invokeJoinpoint(ReflectiveMethodInvocation.java:196) ~[spring-aop-6.2.5.jar!/:6.2.5]
	at org.springframework.aop.framework.ReflectiveMethodInvocation.proceed(ReflectiveMethodInvocation.java:163) ~[spring-aop-6.2.5.jar!/:6.2.5]
	at org.springframework.transaction.interceptor.TransactionAspectSupport.invokeWithinTransaction(TransactionAspectSupport.java:380) ~[spring-tx-6.2.5.jar!/:6.2.5]
	at org.springframework.transaction.interceptor.TransactionInterceptor.invoke(TransactionInterceptor.java:119) ~[spring-tx-6.2.5.jar!/:6.2.5]
	at org.springframework.aop.framework.ReflectiveMethodInvocation.proceed(ReflectiveMethodInvocation.java:184) ~[spring-aop-6.2.5.jar!/:6.2.5]
	at org.springframework.aop.interceptor.ExposeInvocationInterceptor.invoke(ExposeInvocationInterceptor.java:97) ~[spring-aop-6.2.5.jar!/:6.2.5]
	at org.springframework.aop.framework.ReflectiveMethodInvocation.proceed(ReflectiveMethodInvocation.java:184) ~[spring-aop-6.2.5.jar!/:6.2.5]
	at org.springframework.aop.framework.CglibAopProxy$DynamicAdvisedInterceptor.intercept(CglibAopProxy.java:727) ~[spring-aop-6.2.5.jar!/:6.2.5]
	at com.luohuo.flex.im.core.chat.service.impl.ChatServiceImpl$$SpringCGLIB$$0.sendMsg(<generated>) ~[luohuo-im-biz-3.0.6.jar!/:3.0.6]
	at com.luohuo.flex.im.controller.chat.ChatController.sendMsg(ChatController.java:78) ~[luohuo-im-controller-3.0.6.jar!/:3.0.6]
	at java.base/jdk.internal.reflect.DirectMethodHandleAccessor.invoke(DirectMethodHandleAccessor.java:103) ~[na:na]
	at java.base/java.lang.reflect.Method.invoke(Method.java:580) ~[na:na]
	at org.springframework.aop.support.AopUtils.invokeJoinpointUsingReflection(AopUtils.java:359) ~[spring-aop-6.2.5.jar!/:6.2.5]
	at org.springframework.aop.framework.ReflectiveMethodInvocation.invokeJoinpoint(ReflectiveMethodInvocation.java:196) ~[spring-aop-6.2.5.jar!/:6.2.5]
	at org.springframework.aop.framework.ReflectiveMethodInvocation.proceed(ReflectiveMethodInvocation.java:163) ~[spring-aop-6.2.5.jar!/:6.2.5]
	at org.springframework.aop.interceptor.ExposeInvocationInterceptor.invoke(ExposeInvocationInterceptor.java:97) ~[spring-aop-6.2.5.jar!/:6.2.5]
	at org.springframework.aop.framework.ReflectiveMethodInvocation.proceed(ReflectiveMethodInvocation.java:184) ~[spring-aop-6.2.5.jar!/:6.2.5]
	at org.springframework.aop.framework.CglibAopProxy$DynamicAdvisedInterceptor.intercept(CglibAopProxy.java:727) ~[spring-aop-6.2.5.jar!/:6.2.5]
	at com.luohuo.flex.im.controller.chat.ChatController$$SpringCGLIB$$0.sendMsg(<generated>) ~[luohuo-im-controller-3.0.6.jar!/:3.0.6]
	at java.base/jdk.internal.reflect.DirectMethodHandleAccessor.invoke(DirectMethodHandleAccessor.java:103) ~[na:na]
	at java.base/java.lang.reflect.Method.invoke(Method.java:580) ~[na:na]
	at org.springframework.web.method.support.InvocableHandlerMethod.doInvoke(InvocableHandlerMethod.java:258) ~[spring-web-6.2.5.jar!/:6.2.5]
	at org.springframework.web.method.support.InvocableHandlerMethod.invokeForRequest(InvocableHandlerMethod.java:191) ~[spring-web-6.2.5.jar!/:6.2.5]
	at org.springframework.web.servlet.mvc.method.annotation.ServletInvocableHandlerMethod.invokeAndHandle(ServletInvocableHandlerMethod.java:118) ~[spring-webmvc-6.2.5.jar!/:6.2.5]
	at org.springframework.web.servlet.mvc.method.annotation.RequestMappingHandlerAdapter.invokeHandlerMethod(RequestMappingHandlerAdapter.java:986) ~[spring-webmvc-6.2.5.jar!/:6.2.5]
	at org.springframework.web.servlet.mvc.method.annotation.RequestMappingHandlerAdapter.handleInternal(RequestMappingHandlerAdapter.java:891) ~[spring-webmvc-6.2.5.jar!/:6.2.5]
	at org.springframework.web.servlet.mvc.method.AbstractHandlerMethodAdapter.handle(AbstractHandlerMethodAdapter.java:87) ~[spring-webmvc-6.2.5.jar!/:6.2.5]
	at org.springframework.web.servlet.DispatcherServlet.doDispatch(DispatcherServlet.java:1089) ~[spring-webmvc-6.2.5.jar!/:6.2.5]
	at org.springframework.web.servlet.DispatcherServlet.doService(DispatcherServlet.java:979) ~[spring-webmvc-6.2.5.jar!/:6.2.5]
	at org.springframework.web.servlet.FrameworkServlet.processRequest(FrameworkServlet.java:1014) ~[spring-webmvc-6.2.5.jar!/:6.2.5]
	at org.springframework.web.servlet.FrameworkServlet.doPost(FrameworkServlet.java:914) ~[spring-webmvc-6.2.5.jar!/:6.2.5]
	at jakarta.servlet.http.HttpServlet.service(HttpServlet.java:547) ~[jakarta.servlet-api-6.0.0.jar!/:6.0.0]
	at org.springframework.web.servlet.FrameworkServlet.service(FrameworkServlet.java:885) ~[spring-webmvc-6.2.5.jar!/:6.2.5]
	at jakarta.servlet.http.HttpServlet.service(HttpServlet.java:614) ~[jakarta.servlet-api-6.0.0.jar!/:6.0.0]
	at io.undertow.servlet.handlers.ServletHandler.handleRequest(ServletHandler.java:74) ~[undertow-servlet-2.3.18.Final.jar!/:2.3.18.Final]
	at io.undertow.servlet.handlers.FilterHandler$FilterChainImpl.doFilter(FilterHandler.java:129) ~[undertow-servlet-2.3.18.Final.jar!/:2.3.18.Final]
	at org.springframework.web.servlet.resource.ResourceUrlEncodingFilter.doFilter(ResourceUrlEncodingFilter.java:66) ~[spring-webmvc-6.2.5.jar!/:6.2.5]
	at io.undertow.servlet.core.ManagedFilter.doFilter(ManagedFilter.java:67) ~[undertow-servlet-2.3.18.Final.jar!/:2.3.18.Final]
	at io.undertow.servlet.handlers.FilterHandler$FilterChainImpl.doFilter(FilterHandler.java:131) ~[undertow-servlet-2.3.18.Final.jar!/:2.3.18.Final]
	at com.alibaba.druid.support.jakarta.WebStatFilter.doFilter(WebStatFilter.java:113) ~[druid-1.2.24.jar!/:na]
	at io.undertow.servlet.core.ManagedFilter.doFilter(ManagedFilter.java:67) ~[undertow-servlet-2.3.18.Final.jar!/:2.3.18.Final]
	at io.undertow.servlet.handlers.FilterHandler$FilterChainImpl.doFilter(FilterHandler.java:131) ~[undertow-servlet-2.3.18.Final.jar!/:2.3.18.Final]
	at com.luohuo.basic.xss.filter.XssFilter.doFilter(XssFilter.java:66) ~[luohuo-xss-starter-3.0.6.jar!/:3.0.6]
	at io.undertow.servlet.core.ManagedFilter.doFilter(ManagedFilter.java:67) ~[undertow-servlet-2.3.18.Final.jar!/:2.3.18.Final]
	at io.undertow.servlet.handlers.FilterHandler$FilterChainImpl.doFilter(FilterHandler.java:131) ~[undertow-servlet-2.3.18.Final.jar!/:2.3.18.Final]
	at cn.dev33.satoken.filter.SaFirewallCheckFilterForJakartaServlet.doFilter(SaFirewallCheckFilterForJakartaServlet.java:69) ~[sa-token-spring-boot3-starter-1.42.0.jar!/:na]
	at io.undertow.servlet.core.ManagedFilter.doFilter(ManagedFilter.java:67) ~[undertow-servlet-2.3.18.Final.jar!/:2.3.18.Final]
	at io.undertow.servlet.handlers.FilterHandler$FilterChainImpl.doFilter(FilterHandler.java:131) ~[undertow-servlet-2.3.18.Final.jar!/:2.3.18.Final]
	at cn.dev33.satoken.filter.SaTokenCorsFilterForJakartaServlet.doFilter(SaTokenCorsFilterForJakartaServlet.java:52) ~[sa-token-spring-boot3-starter-1.42.0.jar!/:na]
	at io.undertow.servlet.core.ManagedFilter.doFilter(ManagedFilter.java:67) ~[undertow-servlet-2.3.18.Final.jar!/:2.3.18.Final]
	at io.undertow.servlet.handlers.FilterHandler$FilterChainImpl.doFilter(FilterHandler.java:131) ~[undertow-servlet-2.3.18.Final.jar!/:2.3.18.Final]
	at cn.dev33.satoken.filter.SaTokenContextFilterForJakartaServlet.doFilter(SaTokenContextFilterForJakartaServlet.java:40) ~[sa-token-spring-boot3-starter-1.42.0.jar!/:na]
	at io.undertow.servlet.core.ManagedFilter.doFilter(ManagedFilter.java:67) ~[undertow-servlet-2.3.18.Final.jar!/:2.3.18.Final]
	at io.undertow.servlet.handlers.FilterHandler$FilterChainImpl.doFilter(FilterHandler.java:131) ~[undertow-servlet-2.3.18.Final.jar!/:2.3.18.Final]
	at com.luohuo.basic.tenant.core.web.TenantContextWebFilter.doFilterInternal(TenantContextWebFilter.java:29) ~[luohuo-tenant-3.0.6.jar!/:3.0.6]
	at org.springframework.web.filter.OncePerRequestFilter.doFilter(OncePerRequestFilter.java:116) ~[spring-web-6.2.5.jar!/:6.2.5]
	at io.undertow.servlet.core.ManagedFilter.doFilter(ManagedFilter.java:67) ~[undertow-servlet-2.3.18.Final.jar!/:2.3.18.Final]
	at io.undertow.servlet.handlers.FilterHandler$FilterChainImpl.doFilter(FilterHandler.java:131) ~[undertow-servlet-2.3.18.Final.jar!/:2.3.18.Final]
	at org.springframework.web.filter.RequestContextFilter.doFilterInternal(RequestContextFilter.java:100) ~[spring-web-6.2.5.jar!/:6.2.5]
	at org.springframework.web.filter.OncePerRequestFilter.doFilter(OncePerRequestFilter.java:116) ~[spring-web-6.2.5.jar!/:6.2.5]
	at io.undertow.servlet.core.ManagedFilter.doFilter(ManagedFilter.java:67) ~[undertow-servlet-2.3.18.Final.jar!/:2.3.18.Final]
	at io.undertow.servlet.handlers.FilterHandler$FilterChainImpl.doFilter(FilterHandler.java:131) ~[undertow-servlet-2.3.18.Final.jar!/:2.3.18.Final]
	at org.springframework.web.filter.FormContentFilter.doFilterInternal(FormContentFilter.java:93) ~[spring-web-6.2.5.jar!/:6.2.5]
	at org.springframework.web.filter.OncePerRequestFilter.doFilter(OncePerRequestFilter.java:116) ~[spring-web-6.2.5.jar!/:6.2.5]
	at io.undertow.servlet.core.ManagedFilter.doFilter(ManagedFilter.java:67) ~[undertow-servlet-2.3.18.Final.jar!/:2.3.18.Final]
	at io.undertow.servlet.handlers.FilterHandler$FilterChainImpl.doFilter(FilterHandler.java:131) ~[undertow-servlet-2.3.18.Final.jar!/:2.3.18.Final]
	at org.springframework.web.filter.ServerHttpObservationFilter.doFilterInternal(ServerHttpObservationFilter.java:114) ~[spring-web-6.2.5.jar!/:6.2.5]
	at org.springframework.web.filter.OncePerRequestFilter.doFilter(OncePerRequestFilter.java:116) ~[spring-web-6.2.5.jar!/:6.2.5]
	at io.undertow.servlet.core.ManagedFilter.doFilter(ManagedFilter.java:67) ~[undertow-servlet-2.3.18.Final.jar!/:2.3.18.Final]
	at io.undertow.servlet.handlers.FilterHandler$FilterChainImpl.doFilter(FilterHandler.java:131) ~[undertow-servlet-2.3.18.Final.jar!/:2.3.18.Final]
	at org.springframework.web.filter.CharacterEncodingFilter.doFilterInternal(CharacterEncodingFilter.java:201) ~[spring-web-6.2.5.jar!/:6.2.5]
	at org.springframework.web.filter.OncePerRequestFilter.doFilter(OncePerRequestFilter.java:116) ~[spring-web-6.2.5.jar!/:6.2.5]
	at io.undertow.servlet.core.ManagedFilter.doFilter(ManagedFilter.java:67) ~[undertow-servlet-2.3.18.Final.jar!/:2.3.18.Final]
	at io.undertow.servlet.handlers.FilterHandler$FilterChainImpl.doFilter(FilterHandler.java:131) ~[undertow-servlet-2.3.18.Final.jar!/:2.3.18.Final]
	at io.undertow.servlet.handlers.FilterHandler.handleRequest(FilterHandler.java:84) ~[undertow-servlet-2.3.18.Final.jar!/:2.3.18.Final]
	at io.undertow.servlet.handlers.security.ServletSecurityRoleHandler.handleRequest(ServletSecurityRoleHandler.java:62) ~[undertow-servlet-2.3.18.Final.jar!/:2.3.18.Final]
	at io.undertow.servlet.handlers.ServletChain$1.handleRequest(ServletChain.java:68) ~[undertow-servlet-2.3.18.Final.jar!/:2.3.18.Final]
	at io.undertow.servlet.handlers.ServletDispatchingHandler.handleRequest(ServletDispatchingHandler.java:36) ~[undertow-servlet-2.3.18.Final.jar!/:2.3.18.Final]
	at io.undertow.servlet.handlers.RedirectDirHandler.handleRequest(RedirectDirHandler.java:68) ~[undertow-servlet-2.3.18.Final.jar!/:2.3.18.Final]
	at io.undertow.servlet.handlers.security.SSLInformationAssociationHandler.handleRequest(SSLInformationAssociationHandler.java:117) ~[undertow-servlet-2.3.18.Final.jar!/:2.3.18.Final]
	at io.undertow.servlet.handlers.security.ServletAuthenticationCallHandler.handleRequest(ServletAuthenticationCallHandler.java:57) ~[undertow-servlet-2.3.18.Final.jar!/:2.3.18.Final]
	at io.undertow.server.handlers.PredicateHandler.handleRequest(PredicateHandler.java:43) ~[undertow-core-2.3.18.Final.jar!/:2.3.18.Final]
	at io.undertow.security.handlers.AbstractConfidentialityHandler.handleRequest(AbstractConfidentialityHandler.java:46) ~[undertow-core-2.3.18.Final.jar!/:2.3.18.Final]
	at io.undertow.servlet.handlers.security.ServletConfidentialityConstraintHandler.handleRequest(ServletConfidentialityConstraintHandler.java:64) ~[undertow-servlet-2.3.18.Final.jar!/:2.3.18.Final]
	at io.undertow.security.handlers.AuthenticationMechanismsHandler.handleRequest(AuthenticationMechanismsHandler.java:60) ~[undertow-core-2.3.18.Final.jar!/:2.3.18.Final]
	at io.undertow.servlet.handlers.security.CachedAuthenticatedSessionHandler.handleRequest(CachedAuthenticatedSessionHandler.java:77) ~[undertow-servlet-2.3.18.Final.jar!/:2.3.18.Final]
	at io.undertow.security.handlers.AbstractSecurityContextAssociationHandler.handleRequest(AbstractSecurityContextAssociationHandler.java:43) ~[undertow-core-2.3.18.Final.jar!/:2.3.18.Final]
	at io.undertow.server.handlers.PredicateHandler.handleRequest(PredicateHandler.java:43) ~[undertow-core-2.3.18.Final.jar!/:2.3.18.Final]
	at io.undertow.servlet.handlers.SendErrorPageHandler.handleRequest(SendErrorPageHandler.java:52) ~[undertow-servlet-2.3.18.Final.jar!/:2.3.18.Final]
	at io.undertow.server.handlers.PredicateHandler.handleRequest(PredicateHandler.java:43) ~[undertow-core-2.3.18.Final.jar!/:2.3.18.Final]
	at io.undertow.servlet.handlers.ServletInitialHandler.handleFirstRequest(ServletInitialHandler.java:276) ~[undertow-servlet-2.3.18.Final.jar!/:2.3.18.Final]
	at io.undertow.servlet.handlers.ServletInitialHandler$2.call(ServletInitialHandler.java:135) ~[undertow-servlet-2.3.18.Final.jar!/:2.3.18.Final]
	at io.undertow.servlet.handlers.ServletInitialHandler$2.call(ServletInitialHandler.java:132) ~[undertow-servlet-2.3.18.Final.jar!/:2.3.18.Final]
	at io.undertow.servlet.core.ServletRequestContextThreadSetupAction$1.call(ServletRequestContextThreadSetupAction.java:48) ~[undertow-servlet-2.3.18.Final.jar!/:2.3.18.Final]
	at io.undertow.servlet.core.ContextClassLoaderSetupAction$1.call(ContextClassLoaderSetupAction.java:43) ~[undertow-servlet-2.3.18.Final.jar!/:2.3.18.Final]
	at io.undertow.servlet.handlers.ServletInitialHandler.dispatchRequest(ServletInitialHandler.java:256) ~[undertow-servlet-2.3.18.Final.jar!/:2.3.18.Final]
	at io.undertow.servlet.handlers.ServletInitialHandler$1.handleRequest(ServletInitialHandler.java:101) ~[undertow-servlet-2.3.18.Final.jar!/:2.3.18.Final]
	at io.undertow.server.Connectors.executeRootHandler(Connectors.java:395) ~[undertow-core-2.3.18.Final.jar!/:2.3.18.Final]
	at io.undertow.server.HttpServerExchange$1.run(HttpServerExchange.java:861) ~[undertow-core-2.3.18.Final.jar!/:2.3.18.Final]
	at org.jboss.threads.ContextHandler$1.runWith(ContextHandler.java:18) ~[jboss-threads-3.5.0.Final.jar!/:3.5.0.Final]
	at org.jboss.threads.EnhancedQueueExecutor$Task.run(EnhancedQueueExecutor.java:2513) ~[jboss-threads-3.5.0.Final.jar!/:3.5.0.Final]
	at org.jboss.threads.EnhancedQueueExecutor$ThreadBody.run(EnhancedQueueExecutor.java:1538) ~[jboss-threads-3.5.0.Final.jar!/:3.5.0.Final]
	at org.xnio.XnioWorker$WorkerThreadFactory$1$1.run(XnioWorker.java:1282) ~[xnio-api-3.8.16.Final.jar!/:3.8.16.Final]
	at java.base/java.lang.Thread.run(Thread.java:1583) ~[na:na]

[luohuo-im-server:18778:] 2026-02-18 10:18:48.589[ WARN] 80624 [] [XNIO-2 task-2:347996] [c.l.b.boot.handler.AbstractGlobalExceptionHandler.bizException:66] BizException:

com.luohuo.basic.exception.BizException: AI_APPROVAL_REQUIRED:apr_68464ae0de7e48c58d17b4a778015c81
	at com.luohuo.basic.exception.BizException.wrap(BizException.java:54) ~[luohuo-core-3.0.6.jar!/:3.0.6]
	at com.luohuo.flex.im.core.chat.service.ai.approval.AiApprovalService.ensureAccess(AiApprovalService.java:97) ~[luohuo-im-biz-3.0.6.jar!/:3.0.6]
	at com.luohuo.flex.im.core.chat.service.ai.AiDispatchPrecheckService.preCheck(AiDispatchPrecheckService.java:76) ~[luohuo-im-biz-3.0.6.jar!/:3.0.6]
	at com.luohuo.flex.im.core.chat.service.impl.ChatServiceImpl.sendMsg(ChatServiceImpl.java:79) ~[luohuo-im-biz-3.0.6.jar!/:3.0.6]
	at java.base/jdk.internal.reflect.DirectMethodHandleAccessor.invoke(DirectMethodHandleAccessor.java:103) ~[na:na]
	at java.base/java.lang.reflect.Method.invoke(Method.java:580) ~[na:na]
	at org.springframework.aop.support.AopUtils.invokeJoinpointUsingReflection(AopUtils.java:359) ~[spring-aop-6.2.5.jar!/:6.2.5]
	at org.springframework.aop.framework.ReflectiveMethodInvocation.invokeJoinpoint(ReflectiveMethodInvocation.java:196) ~[spring-aop-6.2.5.jar!/:6.2.5]
	at org.springframework.aop.framework.ReflectiveMethodInvocation.proceed(ReflectiveMethodInvocation.java:163) ~[spring-aop-6.2.5.jar!/:6.2.5]
	at org.springframework.transaction.interceptor.TransactionAspectSupport.invokeWithinTransaction(TransactionAspectSupport.java:380) ~[spring-tx-6.2.5.jar!/:6.2.5]
	at org.springframework.transaction.interceptor.TransactionInterceptor.invoke(TransactionInterceptor.java:119) ~[spring-tx-6.2.5.jar!/:6.2.5]
	at org.springframework.aop.framework.ReflectiveMethodInvocation.proceed(ReflectiveMethodInvocation.java:184) ~[spring-aop-6.2.5.jar!/:6.2.5]
	at org.springframework.aop.interceptor.ExposeInvocationInterceptor.invoke(ExposeInvocationInterceptor.java:97) ~[spring-aop-6.2.5.jar!/:6.2.5]
	at org.springframework.aop.framework.ReflectiveMethodInvocation.proceed(ReflectiveMethodInvocation.java:184) ~[spring-aop-6.2.5.jar!/:6.2.5]
	at org.springframework.aop.framework.CglibAopProxy$DynamicAdvisedInterceptor.intercept(CglibAopProxy.java:727) ~[spring-aop-6.2.5.jar!/:6.2.5]
	at com.luohuo.flex.im.core.chat.service.impl.ChatServiceImpl$$SpringCGLIB$$0.sendMsg(<generated>) ~[luohuo-im-biz-3.0.6.jar!/:3.0.6]
	at com.luohuo.flex.im.controller.chat.ChatController.sendMsg(ChatController.java:78) ~[luohuo-im-controller-3.0.6.jar!/:3.0.6]
	at java.base/jdk.internal.reflect.DirectMethodHandleAccessor.invoke(DirectMethodHandleAccessor.java:103) ~[na:na]
	at java.base/java.lang.reflect.Method.invoke(Method.java:580) ~[na:na]
	at org.springframework.aop.support.AopUtils.invokeJoinpointUsingReflection(AopUtils.java:359) ~[spring-aop-6.2.5.jar!/:6.2.5]
	at org.springframework.aop.framework.ReflectiveMethodInvocation.invokeJoinpoint(ReflectiveMethodInvocation.java:196) ~[spring-aop-6.2.5.jar!/:6.2.5]
	at org.springframework.aop.framework.ReflectiveMethodInvocation.proceed(ReflectiveMethodInvocation.java:163) ~[spring-aop-6.2.5.jar!/:6.2.5]
	at org.springframework.aop.interceptor.ExposeInvocationInterceptor.invoke(ExposeInvocationInterceptor.java:97) ~[spring-aop-6.2.5.jar!/:6.2.5]
	at org.springframework.aop.framework.ReflectiveMethodInvocation.proceed(ReflectiveMethodInvocation.java:184) ~[spring-aop-6.2.5.jar!/:6.2.5]
	at org.springframework.aop.framework.CglibAopProxy$DynamicAdvisedInterceptor.intercept(CglibAopProxy.java:727) ~[spring-aop-6.2.5.jar!/:6.2.5]
	at com.luohuo.flex.im.controller.chat.ChatController$$SpringCGLIB$$0.sendMsg(<generated>) ~[luohuo-im-controller-3.0.6.jar!/:3.0.6]
	at java.base/jdk.internal.reflect.DirectMethodHandleAccessor.invoke(DirectMethodHandleAccessor.java:103) ~[na:na]
	at java.base/java.lang.reflect.Method.invoke(Method.java:580) ~[na:na]
	at org.springframework.web.method.support.InvocableHandlerMethod.doInvoke(InvocableHandlerMethod.java:258) ~[spring-web-6.2.5.jar!/:6.2.5]
	at org.springframework.web.method.support.InvocableHandlerMethod.invokeForRequest(InvocableHandlerMethod.java:191) ~[spring-web-6.2.5.jar!/:6.2.5]
	at org.springframework.web.servlet.mvc.method.annotation.ServletInvocableHandlerMethod.invokeAndHandle(ServletInvocableHandlerMethod.java:118) ~[spring-webmvc-6.2.5.jar!/:6.2.5]
	at org.springframework.web.servlet.mvc.method.annotation.RequestMappingHandlerAdapter.invokeHandlerMethod(RequestMappingHandlerAdapter.java:986) ~[spring-webmvc-6.2.5.jar!/:6.2.5]
	at org.springframework.web.servlet.mvc.method.annotation.RequestMappingHandlerAdapter.handleInternal(RequestMappingHandlerAdapter.java:891) ~[spring-webmvc-6.2.5.jar!/:6.2.5]
	at org.springframework.web.servlet.mvc.method.AbstractHandlerMethodAdapter.handle(AbstractHandlerMethodAdapter.java:87) ~[spring-webmvc-6.2.5.jar!/:6.2.5]
	at org.springframework.web.servlet.DispatcherServlet.doDispatch(DispatcherServlet.java:1089) ~[spring-webmvc-6.2.5.jar!/:6.2.5]
	at org.springframework.web.servlet.DispatcherServlet.doService(DispatcherServlet.java:979) ~[spring-webmvc-6.2.5.jar!/:6.2.5]
	at org.springframework.web.servlet.FrameworkServlet.processRequest(FrameworkServlet.java:1014) ~[spring-webmvc-6.2.5.jar!/:6.2.5]
	at org.springframework.web.servlet.FrameworkServlet.doPost(FrameworkServlet.java:914) ~[spring-webmvc-6.2.5.jar!/:6.2.5]
	at jakarta.servlet.http.HttpServlet.service(HttpServlet.java:547) ~[jakarta.servlet-api-6.0.0.jar!/:6.0.0]
	at org.springframework.web.servlet.FrameworkServlet.service(FrameworkServlet.java:885) ~[spring-webmvc-6.2.5.jar!/:6.2.5]
	at jakarta.servlet.http.HttpServlet.service(HttpServlet.java:614) ~[jakarta.servlet-api-6.0.0.jar!/:6.0.0]
	at io.undertow.servlet.handlers.ServletHandler.handleRequest(ServletHandler.java:74) ~[undertow-servlet-2.3.18.Final.jar!/:2.3.18.Final]
	at io.undertow.servlet.handlers.FilterHandler$FilterChainImpl.doFilter(FilterHandler.java:129) ~[undertow-servlet-2.3.18.Final.jar!/:2.3.18.Final]
	at org.springframework.web.servlet.resource.ResourceUrlEncodingFilter.doFilter(ResourceUrlEncodingFilter.java:66) ~[spring-webmvc-6.2.5.jar!/:6.2.5]
	at io.undertow.servlet.core.ManagedFilter.doFilter(ManagedFilter.java:67) ~[undertow-servlet-2.3.18.Final.jar!/:2.3.18.Final]
	at io.undertow.servlet.handlers.FilterHandler$FilterChainImpl.doFilter(FilterHandler.java:131) ~[undertow-servlet-2.3.18.Final.jar!/:2.3.18.Final]
	at com.alibaba.druid.support.jakarta.WebStatFilter.doFilter(WebStatFilter.java:113) ~[druid-1.2.24.jar!/:na]
	at io.undertow.servlet.core.ManagedFilter.doFilter(ManagedFilter.java:67) ~[undertow-servlet-2.3.18.Final.jar!/:2.3.18.Final]
	at io.undertow.servlet.handlers.FilterHandler$FilterChainImpl.doFilter(FilterHandler.java:131) ~[undertow-servlet-2.3.18.Final.jar!/:2.3.18.Final]
	at com.luohuo.basic.xss.filter.XssFilter.doFilter(XssFilter.java:66) ~[luohuo-xss-starter-3.0.6.jar!/:3.0.6]
	at io.undertow.servlet.core.ManagedFilter.doFilter(ManagedFilter.java:67) ~[undertow-servlet-2.3.18.Final.jar!/:2.3.18.Final]
	at io.undertow.servlet.handlers.FilterHandler$FilterChainImpl.doFilter(FilterHandler.java:131) ~[undertow-servlet-2.3.18.Final.jar!/:2.3.18.Final]
	at cn.dev33.satoken.filter.SaFirewallCheckFilterForJakartaServlet.doFilter(SaFirewallCheckFilterForJakartaServlet.java:69) ~[sa-token-spring-boot3-starter-1.42.0.jar!/:na]
	at io.undertow.servlet.core.ManagedFilter.doFilter(ManagedFilter.java:67) ~[undertow-servlet-2.3.18.Final.jar!/:2.3.18.Final]
	at io.undertow.servlet.handlers.FilterHandler$FilterChainImpl.doFilter(FilterHandler.java:131) ~[undertow-servlet-2.3.18.Final.jar!/:2.3.18.Final]
	at cn.dev33.satoken.filter.SaTokenCorsFilterForJakartaServlet.doFilter(SaTokenCorsFilterForJakartaServlet.java:52) ~[sa-token-spring-boot3-starter-1.42.0.jar!/:na]
	at io.undertow.servlet.core.ManagedFilter.doFilter(ManagedFilter.java:67) ~[undertow-servlet-2.3.18.Final.jar!/:2.3.18.Final]
	at io.undertow.servlet.handlers.FilterHandler$FilterChainImpl.doFilter(FilterHandler.java:131) ~[undertow-servlet-2.3.18.Final.jar!/:2.3.18.Final]
	at cn.dev33.satoken.filter.SaTokenContextFilterForJakartaServlet.doFilter(SaTokenContextFilterForJakartaServlet.java:40) ~[sa-token-spring-boot3-starter-1.42.0.jar!/:na]
	at io.undertow.servlet.core.ManagedFilter.doFilter(ManagedFilter.java:67) ~[undertow-servlet-2.3.18.Final.jar!/:2.3.18.Final]
	at io.undertow.servlet.handlers.FilterHandler$FilterChainImpl.doFilter(FilterHandler.java:131) ~[undertow-servlet-2.3.18.Final.jar!/:2.3.18.Final]
	at com.luohuo.basic.tenant.core.web.TenantContextWebFilter.doFilterInternal(TenantContextWebFilter.java:29) ~[luohuo-tenant-3.0.6.jar!/:3.0.6]
	at org.springframework.web.filter.OncePerRequestFilter.doFilter(OncePerRequestFilter.java:116) ~[spring-web-6.2.5.jar!/:6.2.5]
	at io.undertow.servlet.core.ManagedFilter.doFilter(ManagedFilter.java:67) ~[undertow-servlet-2.3.18.Final.jar!/:2.3.18.Final]
	at io.undertow.servlet.handlers.FilterHandler$FilterChainImpl.doFilter(FilterHandler.java:131) ~[undertow-servlet-2.3.18.Final.jar!/:2.3.18.Final]
	at org.springframework.web.filter.RequestContextFilter.doFilterInternal(RequestContextFilter.java:100) ~[spring-web-6.2.5.jar!/:6.2.5]
	at org.springframework.web.filter.OncePerRequestFilter.doFilter(OncePerRequestFilter.java:116) ~[spring-web-6.2.5.jar!/:6.2.5]
	at io.undertow.servlet.core.ManagedFilter.doFilter(ManagedFilter.java:67) ~[undertow-servlet-2.3.18.Final.jar!/:2.3.18.Final]
	at io.undertow.servlet.handlers.FilterHandler$FilterChainImpl.doFilter(FilterHandler.java:131) ~[undertow-servlet-2.3.18.Final.jar!/:2.3.18.Final]
	at org.springframework.web.filter.FormContentFilter.doFilterInternal(FormContentFilter.java:93) ~[spring-web-6.2.5.jar!/:6.2.5]
	at org.springframework.web.filter.OncePerRequestFilter.doFilter(OncePerRequestFilter.java:116) ~[spring-web-6.2.5.jar!/:6.2.5]
	at io.undertow.servlet.core.ManagedFilter.doFilter(ManagedFilter.java:67) ~[undertow-servlet-2.3.18.Final.jar!/:2.3.18.Final]
	at io.undertow.servlet.handlers.FilterHandler$FilterChainImpl.doFilter(FilterHandler.java:131) ~[undertow-servlet-2.3.18.Final.jar!/:2.3.18.Final]
	at org.springframework.web.filter.ServerHttpObservationFilter.doFilterInternal(ServerHttpObservationFilter.java:114) ~[spring-web-6.2.5.jar!/:6.2.5]
	at org.springframework.web.filter.OncePerRequestFilter.doFilter(OncePerRequestFilter.java:116) ~[spring-web-6.2.5.jar!/:6.2.5]
	at io.undertow.servlet.core.ManagedFilter.doFilter(ManagedFilter.java:67) ~[undertow-servlet-2.3.18.Final.jar!/:2.3.18.Final]
	at io.undertow.servlet.handlers.FilterHandler$FilterChainImpl.doFilter(FilterHandler.java:131) ~[undertow-servlet-2.3.18.Final.jar!/:2.3.18.Final]
	at org.springframework.web.filter.CharacterEncodingFilter.doFilterInternal(CharacterEncodingFilter.java:201) ~[spring-web-6.2.5.jar!/:6.2.5]
	at org.springframework.web.filter.OncePerRequestFilter.doFilter(OncePerRequestFilter.java:116) ~[spring-web-6.2.5.jar!/:6.2.5]
	at io.undertow.servlet.core.ManagedFilter.doFilter(ManagedFilter.java:67) ~[undertow-servlet-2.3.18.Final.jar!/:2.3.18.Final]
	at io.undertow.servlet.handlers.FilterHandler$FilterChainImpl.doFilter(FilterHandler.java:131) ~[undertow-servlet-2.3.18.Final.jar!/:2.3.18.Final]
	at io.undertow.servlet.handlers.FilterHandler.handleRequest(FilterHandler.java:84) ~[undertow-servlet-2.3.18.Final.jar!/:2.3.18.Final]
	at io.undertow.servlet.handlers.security.ServletSecurityRoleHandler.handleRequest(ServletSecurityRoleHandler.java:62) ~[undertow-servlet-2.3.18.Final.jar!/:2.3.18.Final]
	at io.undertow.servlet.handlers.ServletChain$1.handleRequest(ServletChain.java:68) ~[undertow-servlet-2.3.18.Final.jar!/:2.3.18.Final]
	at io.undertow.servlet.handlers.ServletDispatchingHandler.handleRequest(ServletDispatchingHandler.java:36) ~[undertow-servlet-2.3.18.Final.jar!/:2.3.18.Final]
	at io.undertow.servlet.handlers.RedirectDirHandler.handleRequest(RedirectDirHandler.java:68) ~[undertow-servlet-2.3.18.Final.jar!/:2.3.18.Final]
	at io.undertow.servlet.handlers.security.SSLInformationAssociationHandler.handleRequest(SSLInformationAssociationHandler.java:117) ~[undertow-servlet-2.3.18.Final.jar!/:2.3.18.Final]
	at io.undertow.servlet.handlers.security.ServletAuthenticationCallHandler.handleRequest(ServletAuthenticationCallHandler.java:57) ~[undertow-servlet-2.3.18.Final.jar!/:2.3.18.Final]
	at io.undertow.server.handlers.PredicateHandler.handleRequest(PredicateHandler.java:43) ~[undertow-core-2.3.18.Final.jar!/:2.3.18.Final]
	at io.undertow.security.handlers.AbstractConfidentialityHandler.handleRequest(AbstractConfidentialityHandler.java:46) ~[undertow-core-2.3.18.Final.jar!/:2.3.18.Final]
	at io.undertow.servlet.handlers.security.ServletConfidentialityConstraintHandler.handleRequest(ServletConfidentialityConstraintHandler.java:64) ~[undertow-servlet-2.3.18.Final.jar!/:2.3.18.Final]
	at io.undertow.security.handlers.AuthenticationMechanismsHandler.handleRequest(AuthenticationMechanismsHandler.java:60) ~[undertow-core-2.3.18.Final.jar!/:2.3.18.Final]
	at io.undertow.servlet.handlers.security.CachedAuthenticatedSessionHandler.handleRequest(CachedAuthenticatedSessionHandler.java:77) ~[undertow-servlet-2.3.18.Final.jar!/:2.3.18.Final]
	at io.undertow.security.handlers.AbstractSecurityContextAssociationHandler.handleRequest(AbstractSecurityContextAssociationHandler.java:43) ~[undertow-core-2.3.18.Final.jar!/:2.3.18.Final]
	at io.undertow.server.handlers.PredicateHandler.handleRequest(PredicateHandler.java:43) ~[undertow-core-2.3.18.Final.jar!/:2.3.18.Final]
	at io.undertow.servlet.handlers.SendErrorPageHandler.handleRequest(SendErrorPageHandler.java:52) ~[undertow-servlet-2.3.18.Final.jar!/:2.3.18.Final]
	at io.undertow.server.handlers.PredicateHandler.handleRequest(PredicateHandler.java:43) ~[undertow-core-2.3.18.Final.jar!/:2.3.18.Final]
	at io.undertow.servlet.handlers.ServletInitialHandler.handleFirstRequest(ServletInitialHandler.java:276) ~[undertow-servlet-2.3.18.Final.jar!/:2.3.18.Final]
	at io.undertow.servlet.handlers.ServletInitialHandler$2.call(ServletInitialHandler.java:135) ~[undertow-servlet-2.3.18.Final.jar!/:2.3.18.Final]
	at io.undertow.servlet.handlers.ServletInitialHandler$2.call(ServletInitialHandler.java:132) ~[undertow-servlet-2.3.18.Final.jar!/:2.3.18.Final]
	at io.undertow.servlet.core.ServletRequestContextThreadSetupAction$1.call(ServletRequestContextThreadSetupAction.java:48) ~[undertow-servlet-2.3.18.Final.jar!/:2.3.18.Final]
	at io.undertow.servlet.core.ContextClassLoaderSetupAction$1.call(ContextClassLoaderSetupAction.java:43) ~[undertow-servlet-2.3.18.Final.jar!/:2.3.18.Final]
	at io.undertow.servlet.handlers.ServletInitialHandler.dispatchRequest(ServletInitialHandler.java:256) ~[undertow-servlet-2.3.18.Final.jar!/:2.3.18.Final]
	at io.undertow.servlet.handlers.ServletInitialHandler$1.handleRequest(ServletInitialHandler.java:101) ~[undertow-servlet-2.3.18.Final.jar!/:2.3.18.Final]
	at io.undertow.server.Connectors.executeRootHandler(Connectors.java:395) ~[undertow-core-2.3.18.Final.jar!/:2.3.18.Final]
	at io.undertow.server.HttpServerExchange$1.run(HttpServerExchange.java:861) ~[undertow-core-2.3.18.Final.jar!/:2.3.18.Final]
	at org.jboss.threads.ContextHandler$1.runWith(ContextHandler.java:18) ~[jboss-threads-3.5.0.Final.jar!/:3.5.0.Final]
	at org.jboss.threads.EnhancedQueueExecutor$Task.run(EnhancedQueueExecutor.java:2513) ~[jboss-threads-3.5.0.Final.jar!/:3.5.0.Final]
	at org.jboss.threads.EnhancedQueueExecutor$ThreadBody.run(EnhancedQueueExecutor.java:1538) ~[jboss-threads-3.5.0.Final.jar!/:3.5.0.Final]
	at org.xnio.XnioWorker$WorkerThreadFactory$1$1.run(XnioWorker.java:1282) ~[xnio-api-3.8.16.Final.jar!/:3.8.16.Final]
	at java.base/java.lang.Thread.run(Thread.java:1583) ~[na:na]

[luohuo-im-server:18778:] 2026-02-18 10:30:46.483[ WARN] 86366 [] [XNIO-2 task-2:156104] [c.l.b.boot.handler.AbstractGlobalExceptionHandler.bizException:66] BizException:

com.luohuo.basic.exception.BizException: AI_APPROVAL_REQUIRED:apr_11006b4d5c0f4801a72618d640dbcca8
	at com.luohuo.basic.exception.BizException.wrap(BizException.java:54) ~[luohuo-core-3.0.6.jar!/:3.0.6]
	at com.luohuo.flex.im.core.chat.service.ai.approval.AiApprovalService.ensureAccess(AiApprovalService.java:97) ~[luohuo-im-biz-3.0.6.jar!/:3.0.6]
	at com.luohuo.flex.im.core.chat.service.ai.AiDispatchPrecheckService.preCheck(AiDispatchPrecheckService.java:76) ~[luohuo-im-biz-3.0.6.jar!/:3.0.6]
	at com.luohuo.flex.im.core.chat.service.impl.ChatServiceImpl.sendMsg(ChatServiceImpl.java:79) ~[luohuo-im-biz-3.0.6.jar!/:3.0.6]
	at java.base/jdk.internal.reflect.DirectMethodHandleAccessor.invoke(DirectMethodHandleAccessor.java:103) ~[na:na]
	at java.base/java.lang.reflect.Method.invoke(Method.java:580) ~[na:na]
	at org.springframework.aop.support.AopUtils.invokeJoinpointUsingReflection(AopUtils.java:359) ~[spring-aop-6.2.5.jar!/:6.2.5]
	at org.springframework.aop.framework.ReflectiveMethodInvocation.invokeJoinpoint(ReflectiveMethodInvocation.java:196) ~[spring-aop-6.2.5.jar!/:6.2.5]
	at org.springframework.aop.framework.ReflectiveMethodInvocation.proceed(ReflectiveMethodInvocation.java:163) ~[spring-aop-6.2.5.jar!/:6.2.5]
	at org.springframework.transaction.interceptor.TransactionAspectSupport.invokeWithinTransaction(TransactionAspectSupport.java:380) ~[spring-tx-6.2.5.jar!/:6.2.5]
	at org.springframework.transaction.interceptor.TransactionInterceptor.invoke(TransactionInterceptor.java:119) ~[spring-tx-6.2.5.jar!/:6.2.5]
	at org.springframework.aop.framework.ReflectiveMethodInvocation.proceed(ReflectiveMethodInvocation.java:184) ~[spring-aop-6.2.5.jar!/:6.2.5]
	at org.springframework.aop.interceptor.ExposeInvocationInterceptor.invoke(ExposeInvocationInterceptor.java:97) ~[spring-aop-6.2.5.jar!/:6.2.5]
	at org.springframework.aop.framework.ReflectiveMethodInvocation.proceed(ReflectiveMethodInvocation.java:184) ~[spring-aop-6.2.5.jar!/:6.2.5]
	at org.springframework.aop.framework.CglibAopProxy$DynamicAdvisedInterceptor.intercept(CglibAopProxy.java:727) ~[spring-aop-6.2.5.jar!/:6.2.5]
	at com.luohuo.flex.im.core.chat.service.impl.ChatServiceImpl$$SpringCGLIB$$0.sendMsg(<generated>) ~[luohuo-im-biz-3.0.6.jar!/:3.0.6]
	at com.luohuo.flex.im.controller.chat.ChatController.sendMsg(ChatController.java:78) ~[luohuo-im-controller-3.0.6.jar!/:3.0.6]
	at java.base/jdk.internal.reflect.DirectMethodHandleAccessor.invoke(DirectMethodHandleAccessor.java:103) ~[na:na]
	at java.base/java.lang.reflect.Method.invoke(Method.java:580) ~[na:na]
	at org.springframework.aop.support.AopUtils.invokeJoinpointUsingReflection(AopUtils.java:359) ~[spring-aop-6.2.5.jar!/:6.2.5]
	at org.springframework.aop.framework.ReflectiveMethodInvocation.invokeJoinpoint(ReflectiveMethodInvocation.java:196) ~[spring-aop-6.2.5.jar!/:6.2.5]
	at org.springframework.aop.framework.ReflectiveMethodInvocation.proceed(ReflectiveMethodInvocation.java:163) ~[spring-aop-6.2.5.jar!/:6.2.5]
	at org.springframework.aop.interceptor.ExposeInvocationInterceptor.invoke(ExposeInvocationInterceptor.java:97) ~[spring-aop-6.2.5.jar!/:6.2.5]
	at org.springframework.aop.framework.ReflectiveMethodInvocation.proceed(ReflectiveMethodInvocation.java:184) ~[spring-aop-6.2.5.jar!/:6.2.5]
	at org.springframework.aop.framework.CglibAopProxy$DynamicAdvisedInterceptor.intercept(CglibAopProxy.java:727) ~[spring-aop-6.2.5.jar!/:6.2.5]
	at com.luohuo.flex.im.controller.chat.ChatController$$SpringCGLIB$$0.sendMsg(<generated>) ~[luohuo-im-controller-3.0.6.jar!/:3.0.6]
	at java.base/jdk.internal.reflect.DirectMethodHandleAccessor.invoke(DirectMethodHandleAccessor.java:103) ~[na:na]
	at java.base/java.lang.reflect.Method.invoke(Method.java:580) ~[na:na]
	at org.springframework.web.method.support.InvocableHandlerMethod.doInvoke(InvocableHandlerMethod.java:258) ~[spring-web-6.2.5.jar!/:6.2.5]
	at org.springframework.web.method.support.InvocableHandlerMethod.invokeForRequest(InvocableHandlerMethod.java:191) ~[spring-web-6.2.5.jar!/:6.2.5]
	at org.springframework.web.servlet.mvc.method.annotation.ServletInvocableHandlerMethod.invokeAndHandle(ServletInvocableHandlerMethod.java:118) ~[spring-webmvc-6.2.5.jar!/:6.2.5]
	at org.springframework.web.servlet.mvc.method.annotation.RequestMappingHandlerAdapter.invokeHandlerMethod(RequestMappingHandlerAdapter.java:986) ~[spring-webmvc-6.2.5.jar!/:6.2.5]
	at org.springframework.web.servlet.mvc.method.annotation.RequestMappingHandlerAdapter.handleInternal(RequestMappingHandlerAdapter.java:891) ~[spring-webmvc-6.2.5.jar!/:6.2.5]
	at org.springframework.web.servlet.mvc.method.AbstractHandlerMethodAdapter.handle(AbstractHandlerMethodAdapter.java:87) ~[spring-webmvc-6.2.5.jar!/:6.2.5]
	at org.springframework.web.servlet.DispatcherServlet.doDispatch(DispatcherServlet.java:1089) ~[spring-webmvc-6.2.5.jar!/:6.2.5]
	at org.springframework.web.servlet.DispatcherServlet.doService(DispatcherServlet.java:979) ~[spring-webmvc-6.2.5.jar!/:6.2.5]
	at org.springframework.web.servlet.FrameworkServlet.processRequest(FrameworkServlet.java:1014) ~[spring-webmvc-6.2.5.jar!/:6.2.5]
	at org.springframework.web.servlet.FrameworkServlet.doPost(FrameworkServlet.java:914) ~[spring-webmvc-6.2.5.jar!/:6.2.5]
	at jakarta.servlet.http.HttpServlet.service(HttpServlet.java:547) ~[jakarta.servlet-api-6.0.0.jar!/:6.0.0]
	at org.springframework.web.servlet.FrameworkServlet.service(FrameworkServlet.java:885) ~[spring-webmvc-6.2.5.jar!/:6.2.5]
	at jakarta.servlet.http.HttpServlet.service(HttpServlet.java:614) ~[jakarta.servlet-api-6.0.0.jar!/:6.0.0]
	at io.undertow.servlet.handlers.ServletHandler.handleRequest(ServletHandler.java:74) ~[undertow-servlet-2.3.18.Final.jar!/:2.3.18.Final]
	at io.undertow.servlet.handlers.FilterHandler$FilterChainImpl.doFilter(FilterHandler.java:129) ~[undertow-servlet-2.3.18.Final.jar!/:2.3.18.Final]
	at org.springframework.web.servlet.resource.ResourceUrlEncodingFilter.doFilter(ResourceUrlEncodingFilter.java:66) ~[spring-webmvc-6.2.5.jar!/:6.2.5]
	at io.undertow.servlet.core.ManagedFilter.doFilter(ManagedFilter.java:67) ~[undertow-servlet-2.3.18.Final.jar!/:2.3.18.Final]
	at io.undertow.servlet.handlers.FilterHandler$FilterChainImpl.doFilter(FilterHandler.java:131) ~[undertow-servlet-2.3.18.Final.jar!/:2.3.18.Final]
	at com.alibaba.druid.support.jakarta.WebStatFilter.doFilter(WebStatFilter.java:113) ~[druid-1.2.24.jar!/:na]
	at io.undertow.servlet.core.ManagedFilter.doFilter(ManagedFilter.java:67) ~[undertow-servlet-2.3.18.Final.jar!/:2.3.18.Final]
	at io.undertow.servlet.handlers.FilterHandler$FilterChainImpl.doFilter(FilterHandler.java:131) ~[undertow-servlet-2.3.18.Final.jar!/:2.3.18.Final]
	at com.luohuo.basic.xss.filter.XssFilter.doFilter(XssFilter.java:66) ~[luohuo-xss-starter-3.0.6.jar!/:3.0.6]
	at io.undertow.servlet.core.ManagedFilter.doFilter(ManagedFilter.java:67) ~[undertow-servlet-2.3.18.Final.jar!/:2.3.18.Final]
	at io.undertow.servlet.handlers.FilterHandler$FilterChainImpl.doFilter(FilterHandler.java:131) ~[undertow-servlet-2.3.18.Final.jar!/:2.3.18.Final]
	at cn.dev33.satoken.filter.SaFirewallCheckFilterForJakartaServlet.doFilter(SaFirewallCheckFilterForJakartaServlet.java:69) ~[sa-token-spring-boot3-starter-1.42.0.jar!/:na]
	at io.undertow.servlet.core.ManagedFilter.doFilter(ManagedFilter.java:67) ~[undertow-servlet-2.3.18.Final.jar!/:2.3.18.Final]
	at io.undertow.servlet.handlers.FilterHandler$FilterChainImpl.doFilter(FilterHandler.java:131) ~[undertow-servlet-2.3.18.Final.jar!/:2.3.18.Final]
	at cn.dev33.satoken.filter.SaTokenCorsFilterForJakartaServlet.doFilter(SaTokenCorsFilterForJakartaServlet.java:52) ~[sa-token-spring-boot3-starter-1.42.0.jar!/:na]
	at io.undertow.servlet.core.ManagedFilter.doFilter(ManagedFilter.java:67) ~[undertow-servlet-2.3.18.Final.jar!/:2.3.18.Final]
	at io.undertow.servlet.handlers.FilterHandler$FilterChainImpl.doFilter(FilterHandler.java:131) ~[undertow-servlet-2.3.18.Final.jar!/:2.3.18.Final]
	at cn.dev33.satoken.filter.SaTokenContextFilterForJakartaServlet.doFilter(SaTokenContextFilterForJakartaServlet.java:40) ~[sa-token-spring-boot3-starter-1.42.0.jar!/:na]
	at io.undertow.servlet.core.ManagedFilter.doFilter(ManagedFilter.java:67) ~[undertow-servlet-2.3.18.Final.jar!/:2.3.18.Final]
	at io.undertow.servlet.handlers.FilterHandler$FilterChainImpl.doFilter(FilterHandler.java:131) ~[undertow-servlet-2.3.18.Final.jar!/:2.3.18.Final]
	at com.luohuo.basic.tenant.core.web.TenantContextWebFilter.doFilterInternal(TenantContextWebFilter.java:29) ~[luohuo-tenant-3.0.6.jar!/:3.0.6]
	at org.springframework.web.filter.OncePerRequestFilter.doFilter(OncePerRequestFilter.java:116) ~[spring-web-6.2.5.jar!/:6.2.5]
	at io.undertow.servlet.core.ManagedFilter.doFilter(ManagedFilter.java:67) ~[undertow-servlet-2.3.18.Final.jar!/:2.3.18.Final]
	at io.undertow.servlet.handlers.FilterHandler$FilterChainImpl.doFilter(FilterHandler.java:131) ~[undertow-servlet-2.3.18.Final.jar!/:2.3.18.Final]
	at org.springframework.web.filter.RequestContextFilter.doFilterInternal(RequestContextFilter.java:100) ~[spring-web-6.2.5.jar!/:6.2.5]
	at org.springframework.web.filter.OncePerRequestFilter.doFilter(OncePerRequestFilter.java:116) ~[spring-web-6.2.5.jar!/:6.2.5]
	at io.undertow.servlet.core.ManagedFilter.doFilter(ManagedFilter.java:67) ~[undertow-servlet-2.3.18.Final.jar!/:2.3.18.Final]
	at io.undertow.servlet.handlers.FilterHandler$FilterChainImpl.doFilter(FilterHandler.java:131) ~[undertow-servlet-2.3.18.Final.jar!/:2.3.18.Final]
	at org.springframework.web.filter.FormContentFilter.doFilterInternal(FormContentFilter.java:93) ~[spring-web-6.2.5.jar!/:6.2.5]
	at org.springframework.web.filter.OncePerRequestFilter.doFilter(OncePerRequestFilter.java:116) ~[spring-web-6.2.5.jar!/:6.2.5]
	at io.undertow.servlet.core.ManagedFilter.doFilter(ManagedFilter.java:67) ~[undertow-servlet-2.3.18.Final.jar!/:2.3.18.Final]
	at io.undertow.servlet.handlers.FilterHandler$FilterChainImpl.doFilter(FilterHandler.java:131) ~[undertow-servlet-2.3.18.Final.jar!/:2.3.18.Final]
	at org.springframework.web.filter.ServerHttpObservationFilter.doFilterInternal(ServerHttpObservationFilter.java:114) ~[spring-web-6.2.5.jar!/:6.2.5]
	at org.springframework.web.filter.OncePerRequestFilter.doFilter(OncePerRequestFilter.java:116) ~[spring-web-6.2.5.jar!/:6.2.5]
	at io.undertow.servlet.core.ManagedFilter.doFilter(ManagedFilter.java:67) ~[undertow-servlet-2.3.18.Final.jar!/:2.3.18.Final]
	at io.undertow.servlet.handlers.FilterHandler$FilterChainImpl.doFilter(FilterHandler.java:131) ~[undertow-servlet-2.3.18.Final.jar!/:2.3.18.Final]
	at org.springframework.web.filter.CharacterEncodingFilter.doFilterInternal(CharacterEncodingFilter.java:201) ~[spring-web-6.2.5.jar!/:6.2.5]
	at org.springframework.web.filter.OncePerRequestFilter.doFilter(OncePerRequestFilter.java:116) ~[spring-web-6.2.5.jar!/:6.2.5]
	at io.undertow.servlet.core.ManagedFilter.doFilter(ManagedFilter.java:67) ~[undertow-servlet-2.3.18.Final.jar!/:2.3.18.Final]
	at io.undertow.servlet.handlers.FilterHandler$FilterChainImpl.doFilter(FilterHandler.java:131) ~[undertow-servlet-2.3.18.Final.jar!/:2.3.18.Final]
	at io.undertow.servlet.handlers.FilterHandler.handleRequest(FilterHandler.java:84) ~[undertow-servlet-2.3.18.Final.jar!/:2.3.18.Final]
	at io.undertow.servlet.handlers.security.ServletSecurityRoleHandler.handleRequest(ServletSecurityRoleHandler.java:62) ~[undertow-servlet-2.3.18.Final.jar!/:2.3.18.Final]
	at io.undertow.servlet.handlers.ServletChain$1.handleRequest(ServletChain.java:68) ~[undertow-servlet-2.3.18.Final.jar!/:2.3.18.Final]
	at io.undertow.servlet.handlers.ServletDispatchingHandler.handleRequest(ServletDispatchingHandler.java:36) ~[undertow-servlet-2.3.18.Final.jar!/:2.3.18.Final]
	at io.undertow.servlet.handlers.RedirectDirHandler.handleRequest(RedirectDirHandler.java:68) ~[undertow-servlet-2.3.18.Final.jar!/:2.3.18.Final]
	at io.undertow.servlet.handlers.security.SSLInformationAssociationHandler.handleRequest(SSLInformationAssociationHandler.java:117) ~[undertow-servlet-2.3.18.Final.jar!/:2.3.18.Final]
	at io.undertow.servlet.handlers.security.ServletAuthenticationCallHandler.handleRequest(ServletAuthenticationCallHandler.java:57) ~[undertow-servlet-2.3.18.Final.jar!/:2.3.18.Final]
	at io.undertow.server.handlers.PredicateHandler.handleRequest(PredicateHandler.java:43) ~[undertow-core-2.3.18.Final.jar!/:2.3.18.Final]
	at io.undertow.security.handlers.AbstractConfidentialityHandler.handleRequest(AbstractConfidentialityHandler.java:46) ~[undertow-core-2.3.18.Final.jar!/:2.3.18.Final]
	at io.undertow.servlet.handlers.security.ServletConfidentialityConstraintHandler.handleRequest(ServletConfidentialityConstraintHandler.java:64) ~[undertow-servlet-2.3.18.Final.jar!/:2.3.18.Final]
	at io.undertow.security.handlers.AuthenticationMechanismsHandler.handleRequest(AuthenticationMechanismsHandler.java:60) ~[undertow-core-2.3.18.Final.jar!/:2.3.18.Final]
	at io.undertow.servlet.handlers.security.CachedAuthenticatedSessionHandler.handleRequest(CachedAuthenticatedSessionHandler.java:77) ~[undertow-servlet-2.3.18.Final.jar!/:2.3.18.Final]
	at io.undertow.security.handlers.AbstractSecurityContextAssociationHandler.handleRequest(AbstractSecurityContextAssociationHandler.java:43) ~[undertow-core-2.3.18.Final.jar!/:2.3.18.Final]
	at io.undertow.server.handlers.PredicateHandler.handleRequest(PredicateHandler.java:43) ~[undertow-core-2.3.18.Final.jar!/:2.3.18.Final]
	at io.undertow.servlet.handlers.SendErrorPageHandler.handleRequest(SendErrorPageHandler.java:52) ~[undertow-servlet-2.3.18.Final.jar!/:2.3.18.Final]
	at io.undertow.server.handlers.PredicateHandler.handleRequest(PredicateHandler.java:43) ~[undertow-core-2.3.18.Final.jar!/:2.3.18.Final]
	at io.undertow.servlet.handlers.ServletInitialHandler.handleFirstRequest(ServletInitialHandler.java:276) ~[undertow-servlet-2.3.18.Final.jar!/:2.3.18.Final]
	at io.undertow.servlet.handlers.ServletInitialHandler$2.call(ServletInitialHandler.java:135) ~[undertow-servlet-2.3.18.Final.jar!/:2.3.18.Final]
	at io.undertow.servlet.handlers.ServletInitialHandler$2.call(ServletInitialHandler.java:132) ~[undertow-servlet-2.3.18.Final.jar!/:2.3.18.Final]
	at io.undertow.servlet.core.ServletRequestContextThreadSetupAction$1.call(ServletRequestContextThreadSetupAction.java:48) ~[undertow-servlet-2.3.18.Final.jar!/:2.3.18.Final]
	at io.undertow.servlet.core.ContextClassLoaderSetupAction$1.call(ContextClassLoaderSetupAction.java:43) ~[undertow-servlet-2.3.18.Final.jar!/:2.3.18.Final]
	at io.undertow.servlet.handlers.ServletInitialHandler.dispatchRequest(ServletInitialHandler.java:256) ~[undertow-servlet-2.3.18.Final.jar!/:2.3.18.Final]
	at io.undertow.servlet.handlers.ServletInitialHandler$1.handleRequest(ServletInitialHandler.java:101) ~[undertow-servlet-2.3.18.Final.jar!/:2.3.18.Final]
	at io.undertow.server.Connectors.executeRootHandler(Connectors.java:395) ~[undertow-core-2.3.18.Final.jar!/:2.3.18.Final]
	at io.undertow.server.HttpServerExchange$1.run(HttpServerExchange.java:861) ~[undertow-core-2.3.18.Final.jar!/:2.3.18.Final]
	at org.jboss.threads.ContextHandler$1.runWith(ContextHandler.java:18) ~[jboss-threads-3.5.0.Final.jar!/:3.5.0.Final]
	at org.jboss.threads.EnhancedQueueExecutor$Task.run(EnhancedQueueExecutor.java:2513) ~[jboss-threads-3.5.0.Final.jar!/:3.5.0.Final]
	at org.jboss.threads.EnhancedQueueExecutor$ThreadBody.run(EnhancedQueueExecutor.java:1512) ~[jboss-threads-3.5.0.Final.jar!/:3.5.0.Final]
	at org.xnio.XnioWorker$WorkerThreadFactory$1$1.run(XnioWorker.java:1282) ~[xnio-api-3.8.16.Final.jar!/:3.8.16.Final]
	at java.base/java.lang.Thread.run(Thread.java:1583) ~[na:na]

[luohuo-im-server:18778:] 2026-02-18 14:27:53.078[ WARN] 86366 [] [XNIO-2 task-2:14382699] [c.l.b.boot.handler.AbstractGlobalExceptionHandler.myBatisSystemException:307] PersistenceException:

org.mybatis.spring.MyBatisSystemException: 
### Error querying database.  Cause: java.lang.NullPointerException: ContextUtil 不存在租户编号！
### Cause: java.lang.NullPointerException: ContextUtil 不存在租户编号！
	at org.mybatis.spring.MyBatisExceptionTranslator.translateExceptionIfPossible(MyBatisExceptionTranslator.java:99) ~[mybatis-spring-3.0.4.jar!/:3.0.4]
	at org.mybatis.spring.SqlSessionTemplate$SqlSessionInterceptor.invoke(SqlSessionTemplate.java:347) ~[mybatis-spring-3.0.4.jar!/:3.0.4]
	at jdk.proxy2/jdk.proxy2.$Proxy168.selectList(Unknown Source) ~[na:na]
	at org.mybatis.spring.SqlSessionTemplate.selectList(SqlSessionTemplate.java:194) ~[mybatis-spring-3.0.4.jar!/:3.0.4]
	at com.baomidou.mybatisplus.core.override.MybatisMapperMethod.executeForMany(MybatisMapperMethod.java:164) ~[mybatis-plus-core-3.5.11.jar!/:3.5.11]
	at com.baomidou.mybatisplus.core.override.MybatisMapperMethod.execute(MybatisMapperMethod.java:77) ~[mybatis-plus-core-3.5.11.jar!/:3.5.11]
	at com.baomidou.mybatisplus.core.override.MybatisMapperProxy$PlainMethodInvoker.invoke(MybatisMapperProxy.java:155) ~[mybatis-plus-core-3.5.11.jar!/:3.5.11]
	at com.baomidou.mybatisplus.core.override.MybatisMapperProxy.invoke(MybatisMapperProxy.java:92) ~[mybatis-plus-core-3.5.11.jar!/:3.5.11]
	at jdk.proxy2/jdk.proxy2.$Proxy205.selectList(Unknown Source) ~[na:na]
	at com.baomidou.mybatisplus.core.mapper.BaseMapper.selectPage(BaseMapper.java:458) ~[mybatis-plus-core-3.5.11.jar!/:3.5.11]
	at java.base/java.lang.invoke.MethodHandle.invokeWithArguments(MethodHandle.java:733) ~[na:na]
	at com.baomidou.mybatisplus.core.override.MybatisMapperProxy$DefaultMethodInvoker.invoke(MybatisMapperProxy.java:181) ~[mybatis-plus-core-3.5.11.jar!/:3.5.11]
	at com.baomidou.mybatisplus.core.override.MybatisMapperProxy.invoke(MybatisMapperProxy.java:92) ~[mybatis-plus-core-3.5.11.jar!/:3.5.11]
	at jdk.proxy2/jdk.proxy2.$Proxy205.selectPage(Unknown Source) ~[na:na]
	at java.base/jdk.internal.reflect.DirectMethodHandleAccessor.invoke(DirectMethodHandleAccessor.java:103) ~[na:na]
	at java.base/java.lang.reflect.Method.invoke(Method.java:580) ~[na:na]
	at org.springframework.aop.support.AopUtils.invokeJoinpointUsingReflection(AopUtils.java:359) ~[spring-aop-6.2.5.jar!/:6.2.5]
	at org.springframework.aop.framework.ReflectiveMethodInvocation.invokeJoinpoint(ReflectiveMethodInvocation.java:196) ~[spring-aop-6.2.5.jar!/:6.2.5]
	at org.springframework.aop.framework.ReflectiveMethodInvocation.proceed(ReflectiveMethodInvocation.java:163) ~[spring-aop-6.2.5.jar!/:6.2.5]
	at org.springframework.dao.support.PersistenceExceptionTranslationInterceptor.invoke(PersistenceExceptionTranslationInterceptor.java:138) ~[spring-tx-6.2.5.jar!/:6.2.5]
	at org.springframework.aop.framework.ReflectiveMethodInvocation.proceed(ReflectiveMethodInvocation.java:184) ~[spring-aop-6.2.5.jar!/:6.2.5]
	at org.springframework.aop.framework.JdkDynamicAopProxy.invoke(JdkDynamicAopProxy.java:223) ~[spring-aop-6.2.5.jar!/:6.2.5]
	at jdk.proxy2/jdk.proxy2.$Proxy206.selectPage(Unknown Source) ~[na:na]
	at com.baomidou.mybatisplus.extension.repository.IRepository.page(IRepository.java:342) ~[mybatis-plus-extension-3.5.11.jar!/:3.5.11]
	at java.base/jdk.internal.reflect.DirectMethodHandleAccessor.invoke(DirectMethodHandleAccessor.java:103) ~[na:na]
	at java.base/java.lang.reflect.Method.invoke(Method.java:580) ~[na:na]
	at org.springframework.aop.support.AopUtils.invokeJoinpointUsingReflection(AopUtils.java:359) ~[spring-aop-6.2.5.jar!/:6.2.5]
	at org.springframework.aop.framework.CglibAopProxy$DynamicAdvisedInterceptor.intercept(CglibAopProxy.java:723) ~[spring-aop-6.2.5.jar!/:6.2.5]
	at com.luohuo.flex.im.core.chat.dao.RoomGroupDao$$SpringCGLIB$$0.page(<generated>) ~[luohuo-im-biz-3.0.6.jar!/:3.0.6]
	at com.luohuo.flex.im.core.chat.service.impl.RoomServiceImpl.getGroupPage(RoomServiceImpl.java:125) ~[luohuo-im-biz-3.0.6.jar!/:3.0.6]
	at java.base/jdk.internal.reflect.DirectMethodHandleAccessor.invoke(DirectMethodHandleAccessor.java:103) ~[na:na]
	at java.base/java.lang.reflect.Method.invoke(Method.java:580) ~[na:na]
	at org.springframework.aop.support.AopUtils.invokeJoinpointUsingReflection(AopUtils.java:359) ~[spring-aop-6.2.5.jar!/:6.2.5]
	at org.springframework.aop.framework.CglibAopProxy$DynamicAdvisedInterceptor.intercept(CglibAopProxy.java:723) ~[spring-aop-6.2.5.jar!/:6.2.5]
	at com.luohuo.flex.im.core.chat.service.impl.RoomServiceImpl$$SpringCGLIB$$0.getGroupPage(<generated>) ~[luohuo-im-biz-3.0.6.jar!/:3.0.6]
	at com.luohuo.flex.im.core.chat.service.impl.RoomAppServiceImpl.getGroupPage(RoomAppServiceImpl.java:336) ~[luohuo-im-biz-3.0.6.jar!/:3.0.6]
	at java.base/jdk.internal.reflect.DirectMethodHandleAccessor.invoke(DirectMethodHandleAccessor.java:103) ~[na:na]
	at java.base/java.lang.reflect.Method.invoke(Method.java:580) ~[na:na]
	at org.springframework.aop.support.AopUtils.invokeJoinpointUsingReflection(AopUtils.java:359) ~[spring-aop-6.2.5.jar!/:6.2.5]
	at org.springframework.aop.framework.ReflectiveMethodInvocation.invokeJoinpoint(ReflectiveMethodInvocation.java:196) ~[spring-aop-6.2.5.jar!/:6.2.5]
	at org.springframework.aop.framework.ReflectiveMethodInvocation.proceed(ReflectiveMethodInvocation.java:163) ~[spring-aop-6.2.5.jar!/:6.2.5]
	at org.springframework.aop.interceptor.ExposeInvocationInterceptor.invoke(ExposeInvocationInterceptor.java:97) ~[spring-aop-6.2.5.jar!/:6.2.5]
	at org.springframework.aop.framework.ReflectiveMethodInvocation.proceed(ReflectiveMethodInvocation.java:184) ~[spring-aop-6.2.5.jar!/:6.2.5]
	at org.springframework.aop.framework.CglibAopProxy$DynamicAdvisedInterceptor.intercept(CglibAopProxy.java:727) ~[spring-aop-6.2.5.jar!/:6.2.5]
	at com.luohuo.flex.im.core.chat.service.impl.RoomAppServiceImpl$$SpringCGLIB$$0.getGroupPage(<generated>) ~[luohuo-im-biz-3.0.6.jar!/:3.0.6]
	at com.luohuo.flex.im.controller.chat.RoomController.getGroupPage(RoomController.java:225) ~[luohuo-im-controller-3.0.6.jar!/:3.0.6]
	at java.base/jdk.internal.reflect.DirectMethodHandleAccessor.invoke(DirectMethodHandleAccessor.java:103) ~[na:na]
	at java.base/java.lang.reflect.Method.invoke(Method.java:580) ~[na:na]
	at org.springframework.web.method.support.InvocableHandlerMethod.doInvoke(InvocableHandlerMethod.java:258) ~[spring-web-6.2.5.jar!/:6.2.5]
	at org.springframework.web.method.support.InvocableHandlerMethod.invokeForRequest(InvocableHandlerMethod.java:191) ~[spring-web-6.2.5.jar!/:6.2.5]
	at org.springframework.web.servlet.mvc.method.annotation.ServletInvocableHandlerMethod.invokeAndHandle(ServletInvocableHandlerMethod.java:118) ~[spring-webmvc-6.2.5.jar!/:6.2.5]
	at org.springframework.web.servlet.mvc.method.annotation.RequestMappingHandlerAdapter.invokeHandlerMethod(RequestMappingHandlerAdapter.java:986) ~[spring-webmvc-6.2.5.jar!/:6.2.5]
	at org.springframework.web.servlet.mvc.method.annotation.RequestMappingHandlerAdapter.handleInternal(RequestMappingHandlerAdapter.java:891) ~[spring-webmvc-6.2.5.jar!/:6.2.5]
	at org.springframework.web.servlet.mvc.method.AbstractHandlerMethodAdapter.handle(AbstractHandlerMethodAdapter.java:87) ~[spring-webmvc-6.2.5.jar!/:6.2.5]
	at org.springframework.web.servlet.DispatcherServlet.doDispatch(DispatcherServlet.java:1089) ~[spring-webmvc-6.2.5.jar!/:6.2.5]
	at org.springframework.web.servlet.DispatcherServlet.doService(DispatcherServlet.java:979) ~[spring-webmvc-6.2.5.jar!/:6.2.5]
	at org.springframework.web.servlet.FrameworkServlet.processRequest(FrameworkServlet.java:1014) ~[spring-webmvc-6.2.5.jar!/:6.2.5]
	at org.springframework.web.servlet.FrameworkServlet.doGet(FrameworkServlet.java:903) ~[spring-webmvc-6.2.5.jar!/:6.2.5]
	at jakarta.servlet.http.HttpServlet.service(HttpServlet.java:527) ~[jakarta.servlet-api-6.0.0.jar!/:6.0.0]
	at org.springframework.web.servlet.FrameworkServlet.service(FrameworkServlet.java:885) ~[spring-webmvc-6.2.5.jar!/:6.2.5]
	at jakarta.servlet.http.HttpServlet.service(HttpServlet.java:614) ~[jakarta.servlet-api-6.0.0.jar!/:6.0.0]
	at io.undertow.servlet.handlers.ServletHandler.handleRequest(ServletHandler.java:74) ~[undertow-servlet-2.3.18.Final.jar!/:2.3.18.Final]
	at io.undertow.servlet.handlers.FilterHandler$FilterChainImpl.doFilter(FilterHandler.java:129) ~[undertow-servlet-2.3.18.Final.jar!/:2.3.18.Final]
	at org.springframework.web.servlet.resource.ResourceUrlEncodingFilter.doFilter(ResourceUrlEncodingFilter.java:66) ~[spring-webmvc-6.2.5.jar!/:6.2.5]
	at io.undertow.servlet.core.ManagedFilter.doFilter(ManagedFilter.java:67) ~[undertow-servlet-2.3.18.Final.jar!/:2.3.18.Final]
	at io.undertow.servlet.handlers.FilterHandler$FilterChainImpl.doFilter(FilterHandler.java:131) ~[undertow-servlet-2.3.18.Final.jar!/:2.3.18.Final]
	at com.alibaba.druid.support.jakarta.WebStatFilter.doFilter(WebStatFilter.java:113) ~[druid-1.2.24.jar!/:na]
	at io.undertow.servlet.core.ManagedFilter.doFilter(ManagedFilter.java:67) ~[undertow-servlet-2.3.18.Final.jar!/:2.3.18.Final]
	at io.undertow.servlet.handlers.FilterHandler$FilterChainImpl.doFilter(FilterHandler.java:131) ~[undertow-servlet-2.3.18.Final.jar!/:2.3.18.Final]
	at com.luohuo.basic.xss.filter.XssFilter.doFilter(XssFilter.java:66) ~[luohuo-xss-starter-3.0.6.jar!/:3.0.6]
	at io.undertow.servlet.core.ManagedFilter.doFilter(ManagedFilter.java:67) ~[undertow-servlet-2.3.18.Final.jar!/:2.3.18.Final]
	at io.undertow.servlet.handlers.FilterHandler$FilterChainImpl.doFilter(FilterHandler.java:131) ~[undertow-servlet-2.3.18.Final.jar!/:2.3.18.Final]
	at cn.dev33.satoken.filter.SaFirewallCheckFilterForJakartaServlet.doFilter(SaFirewallCheckFilterForJakartaServlet.java:69) ~[sa-token-spring-boot3-starter-1.42.0.jar!/:na]
	at io.undertow.servlet.core.ManagedFilter.doFilter(ManagedFilter.java:67) ~[undertow-servlet-2.3.18.Final.jar!/:2.3.18.Final]
	at io.undertow.servlet.handlers.FilterHandler$FilterChainImpl.doFilter(FilterHandler.java:131) ~[undertow-servlet-2.3.18.Final.jar!/:2.3.18.Final]
	at cn.dev33.satoken.filter.SaTokenCorsFilterForJakartaServlet.doFilter(SaTokenCorsFilterForJakartaServlet.java:52) ~[sa-token-spring-boot3-starter-1.42.0.jar!/:na]
	at io.undertow.servlet.core.ManagedFilter.doFilter(ManagedFilter.java:67) ~[undertow-servlet-2.3.18.Final.jar!/:2.3.18.Final]
	at io.undertow.servlet.handlers.FilterHandler$FilterChainImpl.doFilter(FilterHandler.java:131) ~[undertow-servlet-2.3.18.Final.jar!/:2.3.18.Final]
	at cn.dev33.satoken.filter.SaTokenContextFilterForJakartaServlet.doFilter(SaTokenContextFilterForJakartaServlet.java:40) ~[sa-token-spring-boot3-starter-1.42.0.jar!/:na]
	at io.undertow.servlet.core.ManagedFilter.doFilter(ManagedFilter.java:67) ~[undertow-servlet-2.3.18.Final.jar!/:2.3.18.Final]
	at io.undertow.servlet.handlers.FilterHandler$FilterChainImpl.doFilter(FilterHandler.java:131) ~[undertow-servlet-2.3.18.Final.jar!/:2.3.18.Final]
	at com.luohuo.basic.tenant.core.web.TenantContextWebFilter.doFilterInternal(TenantContextWebFilter.java:29) ~[luohuo-tenant-3.0.6.jar!/:3.0.6]
	at org.springframework.web.filter.OncePerRequestFilter.doFilter(OncePerRequestFilter.java:116) ~[spring-web-6.2.5.jar!/:6.2.5]
	at io.undertow.servlet.core.ManagedFilter.doFilter(ManagedFilter.java:67) ~[undertow-servlet-2.3.18.Final.jar!/:2.3.18.Final]
	at io.undertow.servlet.handlers.FilterHandler$FilterChainImpl.doFilter(FilterHandler.java:131) ~[undertow-servlet-2.3.18.Final.jar!/:2.3.18.Final]
	at org.springframework.web.filter.RequestContextFilter.doFilterInternal(RequestContextFilter.java:100) ~[spring-web-6.2.5.jar!/:6.2.5]
	at org.springframework.web.filter.OncePerRequestFilter.doFilter(OncePerRequestFilter.java:116) ~[spring-web-6.2.5.jar!/:6.2.5]
	at io.undertow.servlet.core.ManagedFilter.doFilter(ManagedFilter.java:67) ~[undertow-servlet-2.3.18.Final.jar!/:2.3.18.Final]
	at io.undertow.servlet.handlers.FilterHandler$FilterChainImpl.doFilter(FilterHandler.java:131) ~[undertow-servlet-2.3.18.Final.jar!/:2.3.18.Final]
	at org.springframework.web.filter.FormContentFilter.doFilterInternal(FormContentFilter.java:93) ~[spring-web-6.2.5.jar!/:6.2.5]
	at org.springframework.web.filter.OncePerRequestFilter.doFilter(OncePerRequestFilter.java:116) ~[spring-web-6.2.5.jar!/:6.2.5]
	at io.undertow.servlet.core.ManagedFilter.doFilter(ManagedFilter.java:67) ~[undertow-servlet-2.3.18.Final.jar!/:2.3.18.Final]
	at io.undertow.servlet.handlers.FilterHandler$FilterChainImpl.doFilter(FilterHandler.java:131) ~[undertow-servlet-2.3.18.Final.jar!/:2.3.18.Final]
	at org.springframework.web.filter.ServerHttpObservationFilter.doFilterInternal(ServerHttpObservationFilter.java:114) ~[spring-web-6.2.5.jar!/:6.2.5]
	at org.springframework.web.filter.OncePerRequestFilter.doFilter(OncePerRequestFilter.java:116) ~[spring-web-6.2.5.jar!/:6.2.5]
	at io.undertow.servlet.core.ManagedFilter.doFilter(ManagedFilter.java:67) ~[undertow-servlet-2.3.18.Final.jar!/:2.3.18.Final]
	at io.undertow.servlet.handlers.FilterHandler$FilterChainImpl.doFilter(FilterHandler.java:131) ~[undertow-servlet-2.3.18.Final.jar!/:2.3.18.Final]
	at org.springframework.web.filter.CharacterEncodingFilter.doFilterInternal(CharacterEncodingFilter.java:201) ~[spring-web-6.2.5.jar!/:6.2.5]
	at org.springframework.web.filter.OncePerRequestFilter.doFilter(OncePerRequestFilter.java:116) ~[spring-web-6.2.5.jar!/:6.2.5]
	at io.undertow.servlet.core.ManagedFilter.doFilter(ManagedFilter.java:67) ~[undertow-servlet-2.3.18.Final.jar!/:2.3.18.Final]
	at io.undertow.servlet.handlers.FilterHandler$FilterChainImpl.doFilter(FilterHandler.java:131) ~[undertow-servlet-2.3.18.Final.jar!/:2.3.18.Final]
	at io.undertow.servlet.handlers.FilterHandler.handleRequest(FilterHandler.java:84) ~[undertow-servlet-2.3.18.Final.jar!/:2.3.18.Final]
	at io.undertow.servlet.handlers.security.ServletSecurityRoleHandler.handleRequest(ServletSecurityRoleHandler.java:62) ~[undertow-servlet-2.3.18.Final.jar!/:2.3.18.Final]
	at io.undertow.servlet.handlers.ServletChain$1.handleRequest(ServletChain.java:68) ~[undertow-servlet-2.3.18.Final.jar!/:2.3.18.Final]
	at io.undertow.servlet.handlers.ServletDispatchingHandler.handleRequest(ServletDispatchingHandler.java:36) ~[undertow-servlet-2.3.18.Final.jar!/:2.3.18.Final]
	at io.undertow.servlet.handlers.RedirectDirHandler.handleRequest(RedirectDirHandler.java:68) ~[undertow-servlet-2.3.18.Final.jar!/:2.3.18.Final]
	at io.undertow.servlet.handlers.security.SSLInformationAssociationHandler.handleRequest(SSLInformationAssociationHandler.java:117) ~[undertow-servlet-2.3.18.Final.jar!/:2.3.18.Final]
	at io.undertow.servlet.handlers.security.ServletAuthenticationCallHandler.handleRequest(ServletAuthenticationCallHandler.java:57) ~[undertow-servlet-2.3.18.Final.jar!/:2.3.18.Final]
	at io.undertow.server.handlers.PredicateHandler.handleRequest(PredicateHandler.java:43) ~[undertow-core-2.3.18.Final.jar!/:2.3.18.Final]
	at io.undertow.security.handlers.AbstractConfidentialityHandler.handleRequest(AbstractConfidentialityHandler.java:46) ~[undertow-core-2.3.18.Final.jar!/:2.3.18.Final]
	at io.undertow.servlet.handlers.security.ServletConfidentialityConstraintHandler.handleRequest(ServletConfidentialityConstraintHandler.java:64) ~[undertow-servlet-2.3.18.Final.jar!/:2.3.18.Final]
	at io.undertow.security.handlers.AuthenticationMechanismsHandler.handleRequest(AuthenticationMechanismsHandler.java:60) ~[undertow-core-2.3.18.Final.jar!/:2.3.18.Final]
	at io.undertow.servlet.handlers.security.CachedAuthenticatedSessionHandler.handleRequest(CachedAuthenticatedSessionHandler.java:77) ~[undertow-servlet-2.3.18.Final.jar!/:2.3.18.Final]
	at io.undertow.security.handlers.AbstractSecurityContextAssociationHandler.handleRequest(AbstractSecurityContextAssociationHandler.java:43) ~[undertow-core-2.3.18.Final.jar!/:2.3.18.Final]
	at io.undertow.server.handlers.PredicateHandler.handleRequest(PredicateHandler.java:43) ~[undertow-core-2.3.18.Final.jar!/:2.3.18.Final]
	at io.undertow.servlet.handlers.SendErrorPageHandler.handleRequest(SendErrorPageHandler.java:52) ~[undertow-servlet-2.3.18.Final.jar!/:2.3.18.Final]
	at io.undertow.server.handlers.PredicateHandler.handleRequest(PredicateHandler.java:43) ~[undertow-core-2.3.18.Final.jar!/:2.3.18.Final]
	at io.undertow.servlet.handlers.ServletInitialHandler.handleFirstRequest(ServletInitialHandler.java:276) ~[undertow-servlet-2.3.18.Final.jar!/:2.3.18.Final]
	at io.undertow.servlet.handlers.ServletInitialHandler$2.call(ServletInitialHandler.java:135) ~[undertow-servlet-2.3.18.Final.jar!/:2.3.18.Final]
	at io.undertow.servlet.handlers.ServletInitialHandler$2.call(ServletInitialHandler.java:132) ~[undertow-servlet-2.3.18.Final.jar!/:2.3.18.Final]
	at io.undertow.servlet.core.ServletRequestContextThreadSetupAction$1.call(ServletRequestContextThreadSetupAction.java:48) ~[undertow-servlet-2.3.18.Final.jar!/:2.3.18.Final]
	at io.undertow.servlet.core.ContextClassLoaderSetupAction$1.call(ContextClassLoaderSetupAction.java:43) ~[undertow-servlet-2.3.18.Final.jar!/:2.3.18.Final]
	at io.undertow.servlet.handlers.ServletInitialHandler.dispatchRequest(ServletInitialHandler.java:256) ~[undertow-servlet-2.3.18.Final.jar!/:2.3.18.Final]
	at io.undertow.servlet.handlers.ServletInitialHandler$1.handleRequest(ServletInitialHandler.java:101) ~[undertow-servlet-2.3.18.Final.jar!/:2.3.18.Final]
	at io.undertow.server.Connectors.executeRootHandler(Connectors.java:395) ~[undertow-core-2.3.18.Final.jar!/:2.3.18.Final]
	at io.undertow.server.HttpServerExchange$1.run(HttpServerExchange.java:861) ~[undertow-core-2.3.18.Final.jar!/:2.3.18.Final]
	at org.jboss.threads.ContextHandler$1.runWith(ContextHandler.java:18) ~[jboss-threads-3.5.0.Final.jar!/:3.5.0.Final]
	at org.jboss.threads.EnhancedQueueExecutor$Task.run(EnhancedQueueExecutor.java:2513) ~[jboss-threads-3.5.0.Final.jar!/:3.5.0.Final]
	at org.jboss.threads.EnhancedQueueExecutor$ThreadBody.run(EnhancedQueueExecutor.java:1538) ~[jboss-threads-3.5.0.Final.jar!/:3.5.0.Final]
	at org.xnio.XnioWorker$WorkerThreadFactory$1$1.run(XnioWorker.java:1282) ~[xnio-api-3.8.16.Final.jar!/:3.8.16.Final]
	at java.base/java.lang.Thread.run(Thread.java:1583) ~[na:na]
Caused by: org.apache.ibatis.exceptions.PersistenceException: 
### Error querying database.  Cause: java.lang.NullPointerException: ContextUtil 不存在租户编号！
### Cause: java.lang.NullPointerException: ContextUtil 不存在租户编号！
	at org.apache.ibatis.exceptions.ExceptionFactory.wrapException(ExceptionFactory.java:30) ~[mybatis-3.5.19.jar!/:3.5.19]
	at org.apache.ibatis.session.defaults.DefaultSqlSession.selectList(DefaultSqlSession.java:156) ~[mybatis-3.5.19.jar!/:3.5.19]
	at org.apache.ibatis.session.defaults.DefaultSqlSession.selectList(DefaultSqlSession.java:147) ~[mybatis-3.5.19.jar!/:3.5.19]
	at org.apache.ibatis.session.defaults.DefaultSqlSession.selectList(DefaultSqlSession.java:142) ~[mybatis-3.5.19.jar!/:3.5.19]
	at java.base/jdk.internal.reflect.DirectMethodHandleAccessor.invoke(DirectMethodHandleAccessor.java:103) ~[na:na]
	at java.base/java.lang.reflect.Method.invoke(Method.java:580) ~[na:na]
	at org.mybatis.spring.SqlSessionTemplate$SqlSessionInterceptor.invoke(SqlSessionTemplate.java:333) ~[mybatis-spring-3.0.4.jar!/:3.0.4]
	... 129 common frames omitted
Caused by: java.lang.NullPointerException: ContextUtil 不存在租户编号！
	at com.luohuo.basic.context.ContextUtil.getRequiredTenantId(ContextUtil.java:391) ~[luohuo-core-3.0.6.jar!/:3.0.6]
	at com.luohuo.basic.tenant.core.db.TenantDatabaseInterceptor.getTenantId(TenantDatabaseInterceptor.java:42) ~[luohuo-tenant-3.0.6.jar!/:3.0.6]
	at com.baomidou.mybatisplus.extension.plugins.inner.TenantLineInnerInterceptor.buildTableExpression(TenantLineInnerInterceptor.java:262) ~[mybatis-plus-jsqlparser-3.5.11.jar!/:3.5.11]
	at com.baomidou.mybatisplus.extension.plugins.inner.BaseMultiTableInnerInterceptor.lambda$builderExpression$3(BaseMultiTableInnerInterceptor.java:392) ~[mybatis-plus-jsqlparser-3.5.11.jar!/:3.5.11]
	at java.base/java.util.stream.ReferencePipeline$3$1.accept(ReferencePipeline.java:197) ~[na:na]
	at java.base/java.util.ArrayList$ArrayListSpliterator.forEachRemaining(ArrayList.java:1708) ~[na:na]
	at java.base/java.util.stream.AbstractPipeline.copyInto(AbstractPipeline.java:509) ~[na:na]
	at java.base/java.util.stream.AbstractPipeline.wrapAndCopyInto(AbstractPipeline.java:499) ~[na:na]
	at java.base/java.util.stream.ReduceOps$ReduceOp.evaluateSequential(ReduceOps.java:921) ~[na:na]
	at java.base/java.util.stream.AbstractPipeline.evaluate(AbstractPipeline.java:234) ~[na:na]
	at java.base/java.util.stream.ReferencePipeline.collect(ReferencePipeline.java:682) ~[na:na]
	at com.baomidou.mybatisplus.extension.plugins.inner.BaseMultiTableInnerInterceptor.builderExpression(BaseMultiTableInnerInterceptor.java:394) ~[mybatis-plus-jsqlparser-3.5.11.jar!/:3.5.11]
	at com.baomidou.mybatisplus.extension.plugins.inner.BaseMultiTableInnerInterceptor.processPlainSelect(BaseMultiTableInnerInterceptor.java:123) ~[mybatis-plus-jsqlparser-3.5.11.jar!/:3.5.11]
	at com.baomidou.mybatisplus.extension.plugins.inner.BaseMultiTableInnerInterceptor.processSelectBody(BaseMultiTableInnerInterceptor.java:64) ~[mybatis-plus-jsqlparser-3.5.11.jar!/:3.5.11]
	at com.baomidou.mybatisplus.extension.plugins.inner.TenantLineInnerInterceptor.processSelect(TenantLineInnerInterceptor.java:86) ~[mybatis-plus-jsqlparser-3.5.11.jar!/:3.5.11]
	at com.baomidou.mybatisplus.extension.parser.JsqlParserSupport.processParser(JsqlParserSupport.java:90) ~[mybatis-plus-jsqlparser-3.5.11.jar!/:3.5.11]
	at com.baomidou.mybatisplus.extension.parser.JsqlParserSupport.parserSingle(JsqlParserSupport.java:49) ~[mybatis-plus-jsqlparser-3.5.11.jar!/:3.5.11]
	at com.baomidou.mybatisplus.extension.plugins.inner.TenantLineInnerInterceptor.beforeQuery(TenantLineInnerInterceptor.java:66) ~[mybatis-plus-jsqlparser-3.5.11.jar!/:3.5.11]
	at com.baomidou.mybatisplus.extension.plugins.MybatisPlusInterceptor.intercept(MybatisPlusInterceptor.java:78) ~[mybatis-plus-extension-3.5.11.jar!/:3.5.11]
	at org.apache.ibatis.plugin.Plugin.invoke(Plugin.java:59) ~[mybatis-3.5.19.jar!/:3.5.19]
	at jdk.proxy2/jdk.proxy2.$Proxy225.query(Unknown Source) ~[na:na]
	at org.apache.ibatis.session.defaults.DefaultSqlSession.selectList(DefaultSqlSession.java:154) ~[mybatis-3.5.19.jar!/:3.5.19]
	... 134 common frames omitted

[luohuo-im-server:18778:] 2026-02-18 14:27:53.089[ WARN] 86366 [] [XNIO-2 task-2:14382710] [c.l.b.boot.handler.AbstractGlobalExceptionHandler.persistenceException:297] PersistenceException:

org.apache.ibatis.exceptions.PersistenceException: 
### Error querying database.  Cause: java.lang.NullPointerException: ContextUtil 不存在租户编号！
### Cause: java.lang.NullPointerException: ContextUtil 不存在租户编号！
	at org.apache.ibatis.exceptions.ExceptionFactory.wrapException(ExceptionFactory.java:30) ~[mybatis-3.5.19.jar!/:3.5.19]
	at org.apache.ibatis.session.defaults.DefaultSqlSession.selectList(DefaultSqlSession.java:156) ~[mybatis-3.5.19.jar!/:3.5.19]
	at org.apache.ibatis.session.defaults.DefaultSqlSession.selectList(DefaultSqlSession.java:147) ~[mybatis-3.5.19.jar!/:3.5.19]
	at org.apache.ibatis.session.defaults.DefaultSqlSession.selectList(DefaultSqlSession.java:142) ~[mybatis-3.5.19.jar!/:3.5.19]
	at java.base/jdk.internal.reflect.DirectMethodHandleAccessor.invoke(DirectMethodHandleAccessor.java:103) ~[na:na]
	at java.base/java.lang.reflect.Method.invoke(Method.java:580) ~[na:na]
	at org.mybatis.spring.SqlSessionTemplate$SqlSessionInterceptor.invoke(SqlSessionTemplate.java:333) ~[mybatis-spring-3.0.4.jar!/:3.0.4]
	at jdk.proxy2/jdk.proxy2.$Proxy168.selectList(Unknown Source) ~[na:na]
	at org.mybatis.spring.SqlSessionTemplate.selectList(SqlSessionTemplate.java:194) ~[mybatis-spring-3.0.4.jar!/:3.0.4]
	at com.baomidou.mybatisplus.core.override.MybatisMapperMethod.executeForMany(MybatisMapperMethod.java:164) ~[mybatis-plus-core-3.5.11.jar!/:3.5.11]
	at com.baomidou.mybatisplus.core.override.MybatisMapperMethod.execute(MybatisMapperMethod.java:77) ~[mybatis-plus-core-3.5.11.jar!/:3.5.11]
	at com.baomidou.mybatisplus.core.override.MybatisMapperProxy$PlainMethodInvoker.invoke(MybatisMapperProxy.java:155) ~[mybatis-plus-core-3.5.11.jar!/:3.5.11]
	at com.baomidou.mybatisplus.core.override.MybatisMapperProxy.invoke(MybatisMapperProxy.java:92) ~[mybatis-plus-core-3.5.11.jar!/:3.5.11]
	at jdk.proxy2/jdk.proxy2.$Proxy205.selectList(Unknown Source) ~[na:na]
	at com.baomidou.mybatisplus.core.mapper.BaseMapper.selectPage(BaseMapper.java:458) ~[mybatis-plus-core-3.5.11.jar!/:3.5.11]
	at java.base/java.lang.invoke.MethodHandle.invokeWithArguments(MethodHandle.java:733) ~[na:na]
	at com.baomidou.mybatisplus.core.override.MybatisMapperProxy$DefaultMethodInvoker.invoke(MybatisMapperProxy.java:181) ~[mybatis-plus-core-3.5.11.jar!/:3.5.11]
	at com.baomidou.mybatisplus.core.override.MybatisMapperProxy.invoke(MybatisMapperProxy.java:92) ~[mybatis-plus-core-3.5.11.jar!/:3.5.11]
	at jdk.proxy2/jdk.proxy2.$Proxy205.selectPage(Unknown Source) ~[na:na]
	at java.base/jdk.internal.reflect.DirectMethodHandleAccessor.invoke(DirectMethodHandleAccessor.java:103) ~[na:na]
	at java.base/java.lang.reflect.Method.invoke(Method.java:580) ~[na:na]
	at org.springframework.aop.support.AopUtils.invokeJoinpointUsingReflection(AopUtils.java:359) ~[spring-aop-6.2.5.jar!/:6.2.5]
	at org.springframework.aop.framework.ReflectiveMethodInvocation.invokeJoinpoint(ReflectiveMethodInvocation.java:196) ~[spring-aop-6.2.5.jar!/:6.2.5]
	at org.springframework.aop.framework.ReflectiveMethodInvocation.proceed(ReflectiveMethodInvocation.java:163) ~[spring-aop-6.2.5.jar!/:6.2.5]
	at org.springframework.dao.support.PersistenceExceptionTranslationInterceptor.invoke(PersistenceExceptionTranslationInterceptor.java:138) ~[spring-tx-6.2.5.jar!/:6.2.5]
	at org.springframework.aop.framework.ReflectiveMethodInvocation.proceed(ReflectiveMethodInvocation.java:184) ~[spring-aop-6.2.5.jar!/:6.2.5]
	at org.springframework.aop.framework.JdkDynamicAopProxy.invoke(JdkDynamicAopProxy.java:223) ~[spring-aop-6.2.5.jar!/:6.2.5]
	at jdk.proxy2/jdk.proxy2.$Proxy206.selectPage(Unknown Source) ~[na:na]
	at com.baomidou.mybatisplus.extension.repository.IRepository.page(IRepository.java:342) ~[mybatis-plus-extension-3.5.11.jar!/:3.5.11]
	at java.base/jdk.internal.reflect.DirectMethodHandleAccessor.invoke(DirectMethodHandleAccessor.java:103) ~[na:na]
	at java.base/java.lang.reflect.Method.invoke(Method.java:580) ~[na:na]
	at org.springframework.aop.support.AopUtils.invokeJoinpointUsingReflection(AopUtils.java:359) ~[spring-aop-6.2.5.jar!/:6.2.5]
	at org.springframework.aop.framework.CglibAopProxy$DynamicAdvisedInterceptor.intercept(CglibAopProxy.java:723) ~[spring-aop-6.2.5.jar!/:6.2.5]
	at com.luohuo.flex.im.core.chat.dao.RoomGroupDao$$SpringCGLIB$$0.page(<generated>) ~[luohuo-im-biz-3.0.6.jar!/:3.0.6]
	at com.luohuo.flex.im.core.chat.service.impl.RoomServiceImpl.getGroupPage(RoomServiceImpl.java:125) ~[luohuo-im-biz-3.0.6.jar!/:3.0.6]
	at java.base/jdk.internal.reflect.DirectMethodHandleAccessor.invoke(DirectMethodHandleAccessor.java:103) ~[na:na]
	at java.base/java.lang.reflect.Method.invoke(Method.java:580) ~[na:na]
	at org.springframework.aop.support.AopUtils.invokeJoinpointUsingReflection(AopUtils.java:359) ~[spring-aop-6.2.5.jar!/:6.2.5]
	at org.springframework.aop.framework.CglibAopProxy$DynamicAdvisedInterceptor.intercept(CglibAopProxy.java:723) ~[spring-aop-6.2.5.jar!/:6.2.5]
	at com.luohuo.flex.im.core.chat.service.impl.RoomServiceImpl$$SpringCGLIB$$0.getGroupPage(<generated>) ~[luohuo-im-biz-3.0.6.jar!/:3.0.6]
	at com.luohuo.flex.im.core.chat.service.impl.RoomAppServiceImpl.getGroupPage(RoomAppServiceImpl.java:336) ~[luohuo-im-biz-3.0.6.jar!/:3.0.6]
	at java.base/jdk.internal.reflect.DirectMethodHandleAccessor.invoke(DirectMethodHandleAccessor.java:103) ~[na:na]
	at java.base/java.lang.reflect.Method.invoke(Method.java:580) ~[na:na]
	at org.springframework.aop.support.AopUtils.invokeJoinpointUsingReflection(AopUtils.java:359) ~[spring-aop-6.2.5.jar!/:6.2.5]
	at org.springframework.aop.framework.ReflectiveMethodInvocation.invokeJoinpoint(ReflectiveMethodInvocation.java:196) ~[spring-aop-6.2.5.jar!/:6.2.5]
	at org.springframework.aop.framework.ReflectiveMethodInvocation.proceed(ReflectiveMethodInvocation.java:163) ~[spring-aop-6.2.5.jar!/:6.2.5]
	at org.springframework.aop.interceptor.ExposeInvocationInterceptor.invoke(ExposeInvocationInterceptor.java:97) ~[spring-aop-6.2.5.jar!/:6.2.5]
	at org.springframework.aop.framework.ReflectiveMethodInvocation.proceed(ReflectiveMethodInvocation.java:184) ~[spring-aop-6.2.5.jar!/:6.2.5]
	at org.springframework.aop.framework.CglibAopProxy$DynamicAdvisedInterceptor.intercept(CglibAopProxy.java:727) ~[spring-aop-6.2.5.jar!/:6.2.5]
	at com.luohuo.flex.im.core.chat.service.impl.RoomAppServiceImpl$$SpringCGLIB$$0.getGroupPage(<generated>) ~[luohuo-im-biz-3.0.6.jar!/:3.0.6]
	at com.luohuo.flex.im.controller.chat.RoomController.getGroupPage(RoomController.java:225) ~[luohuo-im-controller-3.0.6.jar!/:3.0.6]
	at java.base/jdk.internal.reflect.DirectMethodHandleAccessor.invoke(DirectMethodHandleAccessor.java:103) ~[na:na]
	at java.base/java.lang.reflect.Method.invoke(Method.java:580) ~[na:na]
	at org.springframework.web.method.support.InvocableHandlerMethod.doInvoke(InvocableHandlerMethod.java:258) ~[spring-web-6.2.5.jar!/:6.2.5]
	at org.springframework.web.method.support.InvocableHandlerMethod.invokeForRequest(InvocableHandlerMethod.java:191) ~[spring-web-6.2.5.jar!/:6.2.5]
	at org.springframework.web.servlet.mvc.method.annotation.ServletInvocableHandlerMethod.invokeAndHandle(ServletInvocableHandlerMethod.java:118) ~[spring-webmvc-6.2.5.jar!/:6.2.5]
	at org.springframework.web.servlet.mvc.method.annotation.RequestMappingHandlerAdapter.invokeHandlerMethod(RequestMappingHandlerAdapter.java:986) ~[spring-webmvc-6.2.5.jar!/:6.2.5]
	at org.springframework.web.servlet.mvc.method.annotation.RequestMappingHandlerAdapter.handleInternal(RequestMappingHandlerAdapter.java:891) ~[spring-webmvc-6.2.5.jar!/:6.2.5]
	at org.springframework.web.servlet.mvc.method.AbstractHandlerMethodAdapter.handle(AbstractHandlerMethodAdapter.java:87) ~[spring-webmvc-6.2.5.jar!/:6.2.5]
	at org.springframework.web.servlet.DispatcherServlet.doDispatch(DispatcherServlet.java:1089) ~[spring-webmvc-6.2.5.jar!/:6.2.5]
	at org.springframework.web.servlet.DispatcherServlet.doService(DispatcherServlet.java:979) ~[spring-webmvc-6.2.5.jar!/:6.2.5]
	at org.springframework.web.servlet.FrameworkServlet.processRequest(FrameworkServlet.java:1014) ~[spring-webmvc-6.2.5.jar!/:6.2.5]
	at org.springframework.web.servlet.FrameworkServlet.doGet(FrameworkServlet.java:903) ~[spring-webmvc-6.2.5.jar!/:6.2.5]
	at jakarta.servlet.http.HttpServlet.service(HttpServlet.java:527) ~[jakarta.servlet-api-6.0.0.jar!/:6.0.0]
	at org.springframework.web.servlet.FrameworkServlet.service(FrameworkServlet.java:885) ~[spring-webmvc-6.2.5.jar!/:6.2.5]
	at jakarta.servlet.http.HttpServlet.service(HttpServlet.java:614) ~[jakarta.servlet-api-6.0.0.jar!/:6.0.0]
	at io.undertow.servlet.handlers.ServletHandler.handleRequest(ServletHandler.java:74) ~[undertow-servlet-2.3.18.Final.jar!/:2.3.18.Final]
	at io.undertow.servlet.handlers.FilterHandler$FilterChainImpl.doFilter(FilterHandler.java:129) ~[undertow-servlet-2.3.18.Final.jar!/:2.3.18.Final]
	at org.springframework.web.servlet.resource.ResourceUrlEncodingFilter.doFilter(ResourceUrlEncodingFilter.java:66) ~[spring-webmvc-6.2.5.jar!/:6.2.5]
	at io.undertow.servlet.core.ManagedFilter.doFilter(ManagedFilter.java:67) ~[undertow-servlet-2.3.18.Final.jar!/:2.3.18.Final]
	at io.undertow.servlet.handlers.FilterHandler$FilterChainImpl.doFilter(FilterHandler.java:131) ~[undertow-servlet-2.3.18.Final.jar!/:2.3.18.Final]
	at com.alibaba.druid.support.jakarta.WebStatFilter.doFilter(WebStatFilter.java:113) ~[druid-1.2.24.jar!/:na]
	at io.undertow.servlet.core.ManagedFilter.doFilter(ManagedFilter.java:67) ~[undertow-servlet-2.3.18.Final.jar!/:2.3.18.Final]
	at io.undertow.servlet.handlers.FilterHandler$FilterChainImpl.doFilter(FilterHandler.java:131) ~[undertow-servlet-2.3.18.Final.jar!/:2.3.18.Final]
	at com.luohuo.basic.xss.filter.XssFilter.doFilter(XssFilter.java:66) ~[luohuo-xss-starter-3.0.6.jar!/:3.0.6]
	at io.undertow.servlet.core.ManagedFilter.doFilter(ManagedFilter.java:67) ~[undertow-servlet-2.3.18.Final.jar!/:2.3.18.Final]
	at io.undertow.servlet.handlers.FilterHandler$FilterChainImpl.doFilter(FilterHandler.java:131) ~[undertow-servlet-2.3.18.Final.jar!/:2.3.18.Final]
	at cn.dev33.satoken.filter.SaFirewallCheckFilterForJakartaServlet.doFilter(SaFirewallCheckFilterForJakartaServlet.java:69) ~[sa-token-spring-boot3-starter-1.42.0.jar!/:na]
	at io.undertow.servlet.core.ManagedFilter.doFilter(ManagedFilter.java:67) ~[undertow-servlet-2.3.18.Final.jar!/:2.3.18.Final]
	at io.undertow.servlet.handlers.FilterHandler$FilterChainImpl.doFilter(FilterHandler.java:131) ~[undertow-servlet-2.3.18.Final.jar!/:2.3.18.Final]
	at cn.dev33.satoken.filter.SaTokenCorsFilterForJakartaServlet.doFilter(SaTokenCorsFilterForJakartaServlet.java:52) ~[sa-token-spring-boot3-starter-1.42.0.jar!/:na]
	at io.undertow.servlet.core.ManagedFilter.doFilter(ManagedFilter.java:67) ~[undertow-servlet-2.3.18.Final.jar!/:2.3.18.Final]
	at io.undertow.servlet.handlers.FilterHandler$FilterChainImpl.doFilter(FilterHandler.java:131) ~[undertow-servlet-2.3.18.Final.jar!/:2.3.18.Final]
	at cn.dev33.satoken.filter.SaTokenContextFilterForJakartaServlet.doFilter(SaTokenContextFilterForJakartaServlet.java:40) ~[sa-token-spring-boot3-starter-1.42.0.jar!/:na]
	at io.undertow.servlet.core.ManagedFilter.doFilter(ManagedFilter.java:67) ~[undertow-servlet-2.3.18.Final.jar!/:2.3.18.Final]
	at io.undertow.servlet.handlers.FilterHandler$FilterChainImpl.doFilter(FilterHandler.java:131) ~[undertow-servlet-2.3.18.Final.jar!/:2.3.18.Final]
	at com.luohuo.basic.tenant.core.web.TenantContextWebFilter.doFilterInternal(TenantContextWebFilter.java:29) ~[luohuo-tenant-3.0.6.jar!/:3.0.6]
	at org.springframework.web.filter.OncePerRequestFilter.doFilter(OncePerRequestFilter.java:116) ~[spring-web-6.2.5.jar!/:6.2.5]
	at io.undertow.servlet.core.ManagedFilter.doFilter(ManagedFilter.java:67) ~[undertow-servlet-2.3.18.Final.jar!/:2.3.18.Final]
	at io.undertow.servlet.handlers.FilterHandler$FilterChainImpl.doFilter(FilterHandler.java:131) ~[undertow-servlet-2.3.18.Final.jar!/:2.3.18.Final]
	at org.springframework.web.filter.RequestContextFilter.doFilterInternal(RequestContextFilter.java:100) ~[spring-web-6.2.5.jar!/:6.2.5]
	at org.springframework.web.filter.OncePerRequestFilter.doFilter(OncePerRequestFilter.java:116) ~[spring-web-6.2.5.jar!/:6.2.5]
	at io.undertow.servlet.core.ManagedFilter.doFilter(ManagedFilter.java:67) ~[undertow-servlet-2.3.18.Final.jar!/:2.3.18.Final]
	at io.undertow.servlet.handlers.FilterHandler$FilterChainImpl.doFilter(FilterHandler.java:131) ~[undertow-servlet-2.3.18.Final.jar!/:2.3.18.Final]
	at org.springframework.web.filter.FormContentFilter.doFilterInternal(FormContentFilter.java:93) ~[spring-web-6.2.5.jar!/:6.2.5]
	at org.springframework.web.filter.OncePerRequestFilter.doFilter(OncePerRequestFilter.java:116) ~[spring-web-6.2.5.jar!/:6.2.5]
	at io.undertow.servlet.core.ManagedFilter.doFilter(ManagedFilter.java:67) ~[undertow-servlet-2.3.18.Final.jar!/:2.3.18.Final]
	at io.undertow.servlet.handlers.FilterHandler$FilterChainImpl.doFilter(FilterHandler.java:131) ~[undertow-servlet-2.3.18.Final.jar!/:2.3.18.Final]
	at org.springframework.web.filter.ServerHttpObservationFilter.doFilterInternal(ServerHttpObservationFilter.java:114) ~[spring-web-6.2.5.jar!/:6.2.5]
	at org.springframework.web.filter.OncePerRequestFilter.doFilter(OncePerRequestFilter.java:116) ~[spring-web-6.2.5.jar!/:6.2.5]
	at io.undertow.servlet.core.ManagedFilter.doFilter(ManagedFilter.java:67) ~[undertow-servlet-2.3.18.Final.jar!/:2.3.18.Final]
	at io.undertow.servlet.handlers.FilterHandler$FilterChainImpl.doFilter(FilterHandler.java:131) ~[undertow-servlet-2.3.18.Final.jar!/:2.3.18.Final]
	at org.springframework.web.filter.CharacterEncodingFilter.doFilterInternal(CharacterEncodingFilter.java:201) ~[spring-web-6.2.5.jar!/:6.2.5]
	at org.springframework.web.filter.OncePerRequestFilter.doFilter(OncePerRequestFilter.java:116) ~[spring-web-6.2.5.jar!/:6.2.5]
	at io.undertow.servlet.core.ManagedFilter.doFilter(ManagedFilter.java:67) ~[undertow-servlet-2.3.18.Final.jar!/:2.3.18.Final]
	at io.undertow.servlet.handlers.FilterHandler$FilterChainImpl.doFilter(FilterHandler.java:131) ~[undertow-servlet-2.3.18.Final.jar!/:2.3.18.Final]
	at io.undertow.servlet.handlers.FilterHandler.handleRequest(FilterHandler.java:84) ~[undertow-servlet-2.3.18.Final.jar!/:2.3.18.Final]
	at io.undertow.servlet.handlers.security.ServletSecurityRoleHandler.handleRequest(ServletSecurityRoleHandler.java:62) ~[undertow-servlet-2.3.18.Final.jar!/:2.3.18.Final]
	at io.undertow.servlet.handlers.ServletChain$1.handleRequest(ServletChain.java:68) ~[undertow-servlet-2.3.18.Final.jar!/:2.3.18.Final]
	at io.undertow.servlet.handlers.ServletDispatchingHandler.handleRequest(ServletDispatchingHandler.java:36) ~[undertow-servlet-2.3.18.Final.jar!/:2.3.18.Final]
	at io.undertow.servlet.handlers.RedirectDirHandler.handleRequest(RedirectDirHandler.java:68) ~[undertow-servlet-2.3.18.Final.jar!/:2.3.18.Final]
	at io.undertow.servlet.handlers.security.SSLInformationAssociationHandler.handleRequest(SSLInformationAssociationHandler.java:117) ~[undertow-servlet-2.3.18.Final.jar!/:2.3.18.Final]
	at io.undertow.servlet.handlers.security.ServletAuthenticationCallHandler.handleRequest(ServletAuthenticationCallHandler.java:57) ~[undertow-servlet-2.3.18.Final.jar!/:2.3.18.Final]
	at io.undertow.server.handlers.PredicateHandler.handleRequest(PredicateHandler.java:43) ~[undertow-core-2.3.18.Final.jar!/:2.3.18.Final]
	at io.undertow.security.handlers.AbstractConfidentialityHandler.handleRequest(AbstractConfidentialityHandler.java:46) ~[undertow-core-2.3.18.Final.jar!/:2.3.18.Final]
	at io.undertow.servlet.handlers.security.ServletConfidentialityConstraintHandler.handleRequest(ServletConfidentialityConstraintHandler.java:64) ~[undertow-servlet-2.3.18.Final.jar!/:2.3.18.Final]
	at io.undertow.security.handlers.AuthenticationMechanismsHandler.handleRequest(AuthenticationMechanismsHandler.java:60) ~[undertow-core-2.3.18.Final.jar!/:2.3.18.Final]
	at io.undertow.servlet.handlers.security.CachedAuthenticatedSessionHandler.handleRequest(CachedAuthenticatedSessionHandler.java:77) ~[undertow-servlet-2.3.18.Final.jar!/:2.3.18.Final]
	at io.undertow.security.handlers.AbstractSecurityContextAssociationHandler.handleRequest(AbstractSecurityContextAssociationHandler.java:43) ~[undertow-core-2.3.18.Final.jar!/:2.3.18.Final]
	at io.undertow.server.handlers.PredicateHandler.handleRequest(PredicateHandler.java:43) ~[undertow-core-2.3.18.Final.jar!/:2.3.18.Final]
	at io.undertow.servlet.handlers.SendErrorPageHandler.handleRequest(SendErrorPageHandler.java:52) ~[undertow-servlet-2.3.18.Final.jar!/:2.3.18.Final]
	at io.undertow.server.handlers.PredicateHandler.handleRequest(PredicateHandler.java:43) ~[undertow-core-2.3.18.Final.jar!/:2.3.18.Final]
	at io.undertow.servlet.handlers.ServletInitialHandler.handleFirstRequest(ServletInitialHandler.java:276) ~[undertow-servlet-2.3.18.Final.jar!/:2.3.18.Final]
	at io.undertow.servlet.handlers.ServletInitialHandler$2.call(ServletInitialHandler.java:135) ~[undertow-servlet-2.3.18.Final.jar!/:2.3.18.Final]
	at io.undertow.servlet.handlers.ServletInitialHandler$2.call(ServletInitialHandler.java:132) ~[undertow-servlet-2.3.18.Final.jar!/:2.3.18.Final]
	at io.undertow.servlet.core.ServletRequestContextThreadSetupAction$1.call(ServletRequestContextThreadSetupAction.java:48) ~[undertow-servlet-2.3.18.Final.jar!/:2.3.18.Final]
	at io.undertow.servlet.core.ContextClassLoaderSetupAction$1.call(ContextClassLoaderSetupAction.java:43) ~[undertow-servlet-2.3.18.Final.jar!/:2.3.18.Final]
	at io.undertow.servlet.handlers.ServletInitialHandler.dispatchRequest(ServletInitialHandler.java:256) ~[undertow-servlet-2.3.18.Final.jar!/:2.3.18.Final]
	at io.undertow.servlet.handlers.ServletInitialHandler$1.handleRequest(ServletInitialHandler.java:101) ~[undertow-servlet-2.3.18.Final.jar!/:2.3.18.Final]
	at io.undertow.server.Connectors.executeRootHandler(Connectors.java:395) ~[undertow-core-2.3.18.Final.jar!/:2.3.18.Final]
	at io.undertow.server.HttpServerExchange$1.run(HttpServerExchange.java:861) ~[undertow-core-2.3.18.Final.jar!/:2.3.18.Final]
	at org.jboss.threads.ContextHandler$1.runWith(ContextHandler.java:18) ~[jboss-threads-3.5.0.Final.jar!/:3.5.0.Final]
	at org.jboss.threads.EnhancedQueueExecutor$Task.run(EnhancedQueueExecutor.java:2513) ~[jboss-threads-3.5.0.Final.jar!/:3.5.0.Final]
	at org.jboss.threads.EnhancedQueueExecutor$ThreadBody.run(EnhancedQueueExecutor.java:1538) ~[jboss-threads-3.5.0.Final.jar!/:3.5.0.Final]
	at org.xnio.XnioWorker$WorkerThreadFactory$1$1.run(XnioWorker.java:1282) ~[xnio-api-3.8.16.Final.jar!/:3.8.16.Final]
	at java.base/java.lang.Thread.run(Thread.java:1583) ~[na:na]
Caused by: java.lang.NullPointerException: ContextUtil 不存在租户编号！
	at com.luohuo.basic.context.ContextUtil.getRequiredTenantId(ContextUtil.java:391) ~[luohuo-core-3.0.6.jar!/:3.0.6]
	at com.luohuo.basic.tenant.core.db.TenantDatabaseInterceptor.getTenantId(TenantDatabaseInterceptor.java:42) ~[luohuo-tenant-3.0.6.jar!/:3.0.6]
	at com.baomidou.mybatisplus.extension.plugins.inner.TenantLineInnerInterceptor.buildTableExpression(TenantLineInnerInterceptor.java:262) ~[mybatis-plus-jsqlparser-3.5.11.jar!/:3.5.11]
	at com.baomidou.mybatisplus.extension.plugins.inner.BaseMultiTableInnerInterceptor.lambda$builderExpression$3(BaseMultiTableInnerInterceptor.java:392) ~[mybatis-plus-jsqlparser-3.5.11.jar!/:3.5.11]
	at java.base/java.util.stream.ReferencePipeline$3$1.accept(ReferencePipeline.java:197) ~[na:na]
	at java.base/java.util.ArrayList$ArrayListSpliterator.forEachRemaining(ArrayList.java:1708) ~[na:na]
	at java.base/java.util.stream.AbstractPipeline.copyInto(AbstractPipeline.java:509) ~[na:na]
	at java.base/java.util.stream.AbstractPipeline.wrapAndCopyInto(AbstractPipeline.java:499) ~[na:na]
	at java.base/java.util.stream.ReduceOps$ReduceOp.evaluateSequential(ReduceOps.java:921) ~[na:na]
	at java.base/java.util.stream.AbstractPipeline.evaluate(AbstractPipeline.java:234) ~[na:na]
	at java.base/java.util.stream.ReferencePipeline.collect(ReferencePipeline.java:682) ~[na:na]
	at com.baomidou.mybatisplus.extension.plugins.inner.BaseMultiTableInnerInterceptor.builderExpression(BaseMultiTableInnerInterceptor.java:394) ~[mybatis-plus-jsqlparser-3.5.11.jar!/:3.5.11]
	at com.baomidou.mybatisplus.extension.plugins.inner.BaseMultiTableInnerInterceptor.processPlainSelect(BaseMultiTableInnerInterceptor.java:123) ~[mybatis-plus-jsqlparser-3.5.11.jar!/:3.5.11]
	at com.baomidou.mybatisplus.extension.plugins.inner.BaseMultiTableInnerInterceptor.processSelectBody(BaseMultiTableInnerInterceptor.java:64) ~[mybatis-plus-jsqlparser-3.5.11.jar!/:3.5.11]
	at com.baomidou.mybatisplus.extension.plugins.inner.TenantLineInnerInterceptor.processSelect(TenantLineInnerInterceptor.java:86) ~[mybatis-plus-jsqlparser-3.5.11.jar!/:3.5.11]
	at com.baomidou.mybatisplus.extension.parser.JsqlParserSupport.processParser(JsqlParserSupport.java:90) ~[mybatis-plus-jsqlparser-3.5.11.jar!/:3.5.11]
	at com.baomidou.mybatisplus.extension.parser.JsqlParserSupport.parserSingle(JsqlParserSupport.java:49) ~[mybatis-plus-jsqlparser-3.5.11.jar!/:3.5.11]
	at com.baomidou.mybatisplus.extension.plugins.inner.TenantLineInnerInterceptor.beforeQuery(TenantLineInnerInterceptor.java:66) ~[mybatis-plus-jsqlparser-3.5.11.jar!/:3.5.11]
	at com.baomidou.mybatisplus.extension.plugins.MybatisPlusInterceptor.intercept(MybatisPlusInterceptor.java:78) ~[mybatis-plus-extension-3.5.11.jar!/:3.5.11]
	at org.apache.ibatis.plugin.Plugin.invoke(Plugin.java:59) ~[mybatis-3.5.19.jar!/:3.5.19]
	at jdk.proxy2/jdk.proxy2.$Proxy225.query(Unknown Source) ~[na:na]
	at org.apache.ibatis.session.defaults.DefaultSqlSession.selectList(DefaultSqlSession.java:154) ~[mybatis-3.5.19.jar!/:3.5.19]
	... 134 common frames omitted

[luohuo-im-server:18778:] 2026-02-18 14:28:20.830[ WARN] 86366 [] [XNIO-2 task-2:14410451] [c.l.b.boot.handler.AbstractGlobalExceptionHandler.myBatisSystemException:307] PersistenceException:

org.mybatis.spring.MyBatisSystemException: 
### Error querying database.  Cause: java.lang.NullPointerException: ContextUtil 不存在租户编号！
### Cause: java.lang.NullPointerException: ContextUtil 不存在租户编号！
	at org.mybatis.spring.MyBatisExceptionTranslator.translateExceptionIfPossible(MyBatisExceptionTranslator.java:99) ~[mybatis-spring-3.0.4.jar!/:3.0.4]
	at org.mybatis.spring.SqlSessionTemplate$SqlSessionInterceptor.invoke(SqlSessionTemplate.java:347) ~[mybatis-spring-3.0.4.jar!/:3.0.4]
	at jdk.proxy2/jdk.proxy2.$Proxy168.selectList(Unknown Source) ~[na:na]
	at org.mybatis.spring.SqlSessionTemplate.selectList(SqlSessionTemplate.java:194) ~[mybatis-spring-3.0.4.jar!/:3.0.4]
	at com.baomidou.mybatisplus.core.override.MybatisMapperMethod.executeForMany(MybatisMapperMethod.java:164) ~[mybatis-plus-core-3.5.11.jar!/:3.5.11]
	at com.baomidou.mybatisplus.core.override.MybatisMapperMethod.execute(MybatisMapperMethod.java:77) ~[mybatis-plus-core-3.5.11.jar!/:3.5.11]
	at com.baomidou.mybatisplus.core.override.MybatisMapperProxy$PlainMethodInvoker.invoke(MybatisMapperProxy.java:155) ~[mybatis-plus-core-3.5.11.jar!/:3.5.11]
	at com.baomidou.mybatisplus.core.override.MybatisMapperProxy.invoke(MybatisMapperProxy.java:92) ~[mybatis-plus-core-3.5.11.jar!/:3.5.11]
	at jdk.proxy2/jdk.proxy2.$Proxy205.selectList(Unknown Source) ~[na:na]
	at com.baomidou.mybatisplus.core.mapper.BaseMapper.selectPage(BaseMapper.java:458) ~[mybatis-plus-core-3.5.11.jar!/:3.5.11]
	at java.base/java.lang.invoke.MethodHandle.invokeWithArguments(MethodHandle.java:733) ~[na:na]
	at com.baomidou.mybatisplus.core.override.MybatisMapperProxy$DefaultMethodInvoker.invoke(MybatisMapperProxy.java:181) ~[mybatis-plus-core-3.5.11.jar!/:3.5.11]
	at com.baomidou.mybatisplus.core.override.MybatisMapperProxy.invoke(MybatisMapperProxy.java:92) ~[mybatis-plus-core-3.5.11.jar!/:3.5.11]
	at jdk.proxy2/jdk.proxy2.$Proxy205.selectPage(Unknown Source) ~[na:na]
	at java.base/jdk.internal.reflect.DirectMethodHandleAccessor.invoke(DirectMethodHandleAccessor.java:103) ~[na:na]
	at java.base/java.lang.reflect.Method.invoke(Method.java:580) ~[na:na]
	at org.springframework.aop.support.AopUtils.invokeJoinpointUsingReflection(AopUtils.java:359) ~[spring-aop-6.2.5.jar!/:6.2.5]
	at org.springframework.aop.framework.ReflectiveMethodInvocation.invokeJoinpoint(ReflectiveMethodInvocation.java:196) ~[spring-aop-6.2.5.jar!/:6.2.5]
	at org.springframework.aop.framework.ReflectiveMethodInvocation.proceed(ReflectiveMethodInvocation.java:163) ~[spring-aop-6.2.5.jar!/:6.2.5]
	at org.springframework.dao.support.PersistenceExceptionTranslationInterceptor.invoke(PersistenceExceptionTranslationInterceptor.java:138) ~[spring-tx-6.2.5.jar!/:6.2.5]
	at org.springframework.aop.framework.ReflectiveMethodInvocation.proceed(ReflectiveMethodInvocation.java:184) ~[spring-aop-6.2.5.jar!/:6.2.5]
	at org.springframework.aop.framework.JdkDynamicAopProxy.invoke(JdkDynamicAopProxy.java:223) ~[spring-aop-6.2.5.jar!/:6.2.5]
	at jdk.proxy2/jdk.proxy2.$Proxy206.selectPage(Unknown Source) ~[na:na]
	at com.baomidou.mybatisplus.extension.repository.IRepository.page(IRepository.java:342) ~[mybatis-plus-extension-3.5.11.jar!/:3.5.11]
	at java.base/jdk.internal.reflect.DirectMethodHandleAccessor.invoke(DirectMethodHandleAccessor.java:103) ~[na:na]
	at java.base/java.lang.reflect.Method.invoke(Method.java:580) ~[na:na]
	at org.springframework.aop.support.AopUtils.invokeJoinpointUsingReflection(AopUtils.java:359) ~[spring-aop-6.2.5.jar!/:6.2.5]
	at org.springframework.aop.framework.CglibAopProxy$DynamicAdvisedInterceptor.intercept(CglibAopProxy.java:723) ~[spring-aop-6.2.5.jar!/:6.2.5]
	at com.luohuo.flex.im.core.chat.dao.RoomGroupDao$$SpringCGLIB$$0.page(<generated>) ~[luohuo-im-biz-3.0.6.jar!/:3.0.6]
	at com.luohuo.flex.im.core.chat.service.impl.RoomServiceImpl.getGroupPage(RoomServiceImpl.java:125) ~[luohuo-im-biz-3.0.6.jar!/:3.0.6]
	at java.base/jdk.internal.reflect.DirectMethodHandleAccessor.invoke(DirectMethodHandleAccessor.java:103) ~[na:na]
	at java.base/java.lang.reflect.Method.invoke(Method.java:580) ~[na:na]
	at org.springframework.aop.support.AopUtils.invokeJoinpointUsingReflection(AopUtils.java:359) ~[spring-aop-6.2.5.jar!/:6.2.5]
	at org.springframework.aop.framework.CglibAopProxy$DynamicAdvisedInterceptor.intercept(CglibAopProxy.java:723) ~[spring-aop-6.2.5.jar!/:6.2.5]
	at com.luohuo.flex.im.core.chat.service.impl.RoomServiceImpl$$SpringCGLIB$$0.getGroupPage(<generated>) ~[luohuo-im-biz-3.0.6.jar!/:3.0.6]
	at com.luohuo.flex.im.core.chat.service.impl.RoomAppServiceImpl.getGroupPage(RoomAppServiceImpl.java:336) ~[luohuo-im-biz-3.0.6.jar!/:3.0.6]
	at java.base/jdk.internal.reflect.DirectMethodHandleAccessor.invoke(DirectMethodHandleAccessor.java:103) ~[na:na]
	at java.base/java.lang.reflect.Method.invoke(Method.java:580) ~[na:na]
	at org.springframework.aop.support.AopUtils.invokeJoinpointUsingReflection(AopUtils.java:359) ~[spring-aop-6.2.5.jar!/:6.2.5]
	at org.springframework.aop.framework.ReflectiveMethodInvocation.invokeJoinpoint(ReflectiveMethodInvocation.java:196) ~[spring-aop-6.2.5.jar!/:6.2.5]
	at org.springframework.aop.framework.ReflectiveMethodInvocation.proceed(ReflectiveMethodInvocation.java:163) ~[spring-aop-6.2.5.jar!/:6.2.5]
	at org.springframework.aop.interceptor.ExposeInvocationInterceptor.invoke(ExposeInvocationInterceptor.java:97) ~[spring-aop-6.2.5.jar!/:6.2.5]
	at org.springframework.aop.framework.ReflectiveMethodInvocation.proceed(ReflectiveMethodInvocation.java:184) ~[spring-aop-6.2.5.jar!/:6.2.5]
	at org.springframework.aop.framework.CglibAopProxy$DynamicAdvisedInterceptor.intercept(CglibAopProxy.java:727) ~[spring-aop-6.2.5.jar!/:6.2.5]
	at com.luohuo.flex.im.core.chat.service.impl.RoomAppServiceImpl$$SpringCGLIB$$0.getGroupPage(<generated>) ~[luohuo-im-biz-3.0.6.jar!/:3.0.6]
	at com.luohuo.flex.im.controller.chat.RoomController.getGroupPage(RoomController.java:225) ~[luohuo-im-controller-3.0.6.jar!/:3.0.6]
	at java.base/jdk.internal.reflect.DirectMethodHandleAccessor.invoke(DirectMethodHandleAccessor.java:103) ~[na:na]
	at java.base/java.lang.reflect.Method.invoke(Method.java:580) ~[na:na]
	at org.springframework.web.method.support.InvocableHandlerMethod.doInvoke(InvocableHandlerMethod.java:258) ~[spring-web-6.2.5.jar!/:6.2.5]
	at org.springframework.web.method.support.InvocableHandlerMethod.invokeForRequest(InvocableHandlerMethod.java:191) ~[spring-web-6.2.5.jar!/:6.2.5]
	at org.springframework.web.servlet.mvc.method.annotation.ServletInvocableHandlerMethod.invokeAndHandle(ServletInvocableHandlerMethod.java:118) ~[spring-webmvc-6.2.5.jar!/:6.2.5]
	at org.springframework.web.servlet.mvc.method.annotation.RequestMappingHandlerAdapter.invokeHandlerMethod(RequestMappingHandlerAdapter.java:986) ~[spring-webmvc-6.2.5.jar!/:6.2.5]
	at org.springframework.web.servlet.mvc.method.annotation.RequestMappingHandlerAdapter.handleInternal(RequestMappingHandlerAdapter.java:891) ~[spring-webmvc-6.2.5.jar!/:6.2.5]
	at org.springframework.web.servlet.mvc.method.AbstractHandlerMethodAdapter.handle(AbstractHandlerMethodAdapter.java:87) ~[spring-webmvc-6.2.5.jar!/:6.2.5]
	at org.springframework.web.servlet.DispatcherServlet.doDispatch(DispatcherServlet.java:1089) ~[spring-webmvc-6.2.5.jar!/:6.2.5]
	at org.springframework.web.servlet.DispatcherServlet.doService(DispatcherServlet.java:979) ~[spring-webmvc-6.2.5.jar!/:6.2.5]
	at org.springframework.web.servlet.FrameworkServlet.processRequest(FrameworkServlet.java:1014) ~[spring-webmvc-6.2.5.jar!/:6.2.5]
	at org.springframework.web.servlet.FrameworkServlet.doGet(FrameworkServlet.java:903) ~[spring-webmvc-6.2.5.jar!/:6.2.5]
	at jakarta.servlet.http.HttpServlet.service(HttpServlet.java:527) ~[jakarta.servlet-api-6.0.0.jar!/:6.0.0]
	at org.springframework.web.servlet.FrameworkServlet.service(FrameworkServlet.java:885) ~[spring-webmvc-6.2.5.jar!/:6.2.5]
	at jakarta.servlet.http.HttpServlet.service(HttpServlet.java:614) ~[jakarta.servlet-api-6.0.0.jar!/:6.0.0]
	at io.undertow.servlet.handlers.ServletHandler.handleRequest(ServletHandler.java:74) ~[undertow-servlet-2.3.18.Final.jar!/:2.3.18.Final]
	at io.undertow.servlet.handlers.FilterHandler$FilterChainImpl.doFilter(FilterHandler.java:129) ~[undertow-servlet-2.3.18.Final.jar!/:2.3.18.Final]
	at org.springframework.web.servlet.resource.ResourceUrlEncodingFilter.doFilter(ResourceUrlEncodingFilter.java:66) ~[spring-webmvc-6.2.5.jar!/:6.2.5]
	at io.undertow.servlet.core.ManagedFilter.doFilter(ManagedFilter.java:67) ~[undertow-servlet-2.3.18.Final.jar!/:2.3.18.Final]
	at io.undertow.servlet.handlers.FilterHandler$FilterChainImpl.doFilter(FilterHandler.java:131) ~[undertow-servlet-2.3.18.Final.jar!/:2.3.18.Final]
	at com.alibaba.druid.support.jakarta.WebStatFilter.doFilter(WebStatFilter.java:113) ~[druid-1.2.24.jar!/:na]
	at io.undertow.servlet.core.ManagedFilter.doFilter(ManagedFilter.java:67) ~[undertow-servlet-2.3.18.Final.jar!/:2.3.18.Final]
	at io.undertow.servlet.handlers.FilterHandler$FilterChainImpl.doFilter(FilterHandler.java:131) ~[undertow-servlet-2.3.18.Final.jar!/:2.3.18.Final]
	at com.luohuo.basic.xss.filter.XssFilter.doFilter(XssFilter.java:66) ~[luohuo-xss-starter-3.0.6.jar!/:3.0.6]
	at io.undertow.servlet.core.ManagedFilter.doFilter(ManagedFilter.java:67) ~[undertow-servlet-2.3.18.Final.jar!/:2.3.18.Final]
	at io.undertow.servlet.handlers.FilterHandler$FilterChainImpl.doFilter(FilterHandler.java:131) ~[undertow-servlet-2.3.18.Final.jar!/:2.3.18.Final]
	at cn.dev33.satoken.filter.SaFirewallCheckFilterForJakartaServlet.doFilter(SaFirewallCheckFilterForJakartaServlet.java:69) ~[sa-token-spring-boot3-starter-1.42.0.jar!/:na]
	at io.undertow.servlet.core.ManagedFilter.doFilter(ManagedFilter.java:67) ~[undertow-servlet-2.3.18.Final.jar!/:2.3.18.Final]
	at io.undertow.servlet.handlers.FilterHandler$FilterChainImpl.doFilter(FilterHandler.java:131) ~[undertow-servlet-2.3.18.Final.jar!/:2.3.18.Final]
	at cn.dev33.satoken.filter.SaTokenCorsFilterForJakartaServlet.doFilter(SaTokenCorsFilterForJakartaServlet.java:52) ~[sa-token-spring-boot3-starter-1.42.0.jar!/:na]
	at io.undertow.servlet.core.ManagedFilter.doFilter(ManagedFilter.java:67) ~[undertow-servlet-2.3.18.Final.jar!/:2.3.18.Final]
	at io.undertow.servlet.handlers.FilterHandler$FilterChainImpl.doFilter(FilterHandler.java:131) ~[undertow-servlet-2.3.18.Final.jar!/:2.3.18.Final]
	at cn.dev33.satoken.filter.SaTokenContextFilterForJakartaServlet.doFilter(SaTokenContextFilterForJakartaServlet.java:40) ~[sa-token-spring-boot3-starter-1.42.0.jar!/:na]
	at io.undertow.servlet.core.ManagedFilter.doFilter(ManagedFilter.java:67) ~[undertow-servlet-2.3.18.Final.jar!/:2.3.18.Final]
	at io.undertow.servlet.handlers.FilterHandler$FilterChainImpl.doFilter(FilterHandler.java:131) ~[undertow-servlet-2.3.18.Final.jar!/:2.3.18.Final]
	at com.luohuo.basic.tenant.core.web.TenantContextWebFilter.doFilterInternal(TenantContextWebFilter.java:29) ~[luohuo-tenant-3.0.6.jar!/:3.0.6]
	at org.springframework.web.filter.OncePerRequestFilter.doFilter(OncePerRequestFilter.java:116) ~[spring-web-6.2.5.jar!/:6.2.5]
	at io.undertow.servlet.core.ManagedFilter.doFilter(ManagedFilter.java:67) ~[undertow-servlet-2.3.18.Final.jar!/:2.3.18.Final]
	at io.undertow.servlet.handlers.FilterHandler$FilterChainImpl.doFilter(FilterHandler.java:131) ~[undertow-servlet-2.3.18.Final.jar!/:2.3.18.Final]
	at org.springframework.web.filter.RequestContextFilter.doFilterInternal(RequestContextFilter.java:100) ~[spring-web-6.2.5.jar!/:6.2.5]
	at org.springframework.web.filter.OncePerRequestFilter.doFilter(OncePerRequestFilter.java:116) ~[spring-web-6.2.5.jar!/:6.2.5]
	at io.undertow.servlet.core.ManagedFilter.doFilter(ManagedFilter.java:67) ~[undertow-servlet-2.3.18.Final.jar!/:2.3.18.Final]
	at io.undertow.servlet.handlers.FilterHandler$FilterChainImpl.doFilter(FilterHandler.java:131) ~[undertow-servlet-2.3.18.Final.jar!/:2.3.18.Final]
	at org.springframework.web.filter.FormContentFilter.doFilterInternal(FormContentFilter.java:93) ~[spring-web-6.2.5.jar!/:6.2.5]
	at org.springframework.web.filter.OncePerRequestFilter.doFilter(OncePerRequestFilter.java:116) ~[spring-web-6.2.5.jar!/:6.2.5]
	at io.undertow.servlet.core.ManagedFilter.doFilter(ManagedFilter.java:67) ~[undertow-servlet-2.3.18.Final.jar!/:2.3.18.Final]
	at io.undertow.servlet.handlers.FilterHandler$FilterChainImpl.doFilter(FilterHandler.java:131) ~[undertow-servlet-2.3.18.Final.jar!/:2.3.18.Final]
	at org.springframework.web.filter.ServerHttpObservationFilter.doFilterInternal(ServerHttpObservationFilter.java:114) ~[spring-web-6.2.5.jar!/:6.2.5]
	at org.springframework.web.filter.OncePerRequestFilter.doFilter(OncePerRequestFilter.java:116) ~[spring-web-6.2.5.jar!/:6.2.5]
	at io.undertow.servlet.core.ManagedFilter.doFilter(ManagedFilter.java:67) ~[undertow-servlet-2.3.18.Final.jar!/:2.3.18.Final]
	at io.undertow.servlet.handlers.FilterHandler$FilterChainImpl.doFilter(FilterHandler.java:131) ~[undertow-servlet-2.3.18.Final.jar!/:2.3.18.Final]
	at org.springframework.web.filter.CharacterEncodingFilter.doFilterInternal(CharacterEncodingFilter.java:201) ~[spring-web-6.2.5.jar!/:6.2.5]
	at org.springframework.web.filter.OncePerRequestFilter.doFilter(OncePerRequestFilter.java:116) ~[spring-web-6.2.5.jar!/:6.2.5]
	at io.undertow.servlet.core.ManagedFilter.doFilter(ManagedFilter.java:67) ~[undertow-servlet-2.3.18.Final.jar!/:2.3.18.Final]
	at io.undertow.servlet.handlers.FilterHandler$FilterChainImpl.doFilter(FilterHandler.java:131) ~[undertow-servlet-2.3.18.Final.jar!/:2.3.18.Final]
	at io.undertow.servlet.handlers.FilterHandler.handleRequest(FilterHandler.java:84) ~[undertow-servlet-2.3.18.Final.jar!/:2.3.18.Final]
	at io.undertow.servlet.handlers.security.ServletSecurityRoleHandler.handleRequest(ServletSecurityRoleHandler.java:62) ~[undertow-servlet-2.3.18.Final.jar!/:2.3.18.Final]
	at io.undertow.servlet.handlers.ServletChain$1.handleRequest(ServletChain.java:68) ~[undertow-servlet-2.3.18.Final.jar!/:2.3.18.Final]
	at io.undertow.servlet.handlers.ServletDispatchingHandler.handleRequest(ServletDispatchingHandler.java:36) ~[undertow-servlet-2.3.18.Final.jar!/:2.3.18.Final]
	at io.undertow.servlet.handlers.RedirectDirHandler.handleRequest(RedirectDirHandler.java:68) ~[undertow-servlet-2.3.18.Final.jar!/:2.3.18.Final]
	at io.undertow.servlet.handlers.security.SSLInformationAssociationHandler.handleRequest(SSLInformationAssociationHandler.java:117) ~[undertow-servlet-2.3.18.Final.jar!/:2.3.18.Final]
	at io.undertow.servlet.handlers.security.ServletAuthenticationCallHandler.handleRequest(ServletAuthenticationCallHandler.java:57) ~[undertow-servlet-2.3.18.Final.jar!/:2.3.18.Final]
	at io.undertow.server.handlers.PredicateHandler.handleRequest(PredicateHandler.java:43) ~[undertow-core-2.3.18.Final.jar!/:2.3.18.Final]
	at io.undertow.security.handlers.AbstractConfidentialityHandler.handleRequest(AbstractConfidentialityHandler.java:46) ~[undertow-core-2.3.18.Final.jar!/:2.3.18.Final]
	at io.undertow.servlet.handlers.security.ServletConfidentialityConstraintHandler.handleRequest(ServletConfidentialityConstraintHandler.java:64) ~[undertow-servlet-2.3.18.Final.jar!/:2.3.18.Final]
	at io.undertow.security.handlers.AuthenticationMechanismsHandler.handleRequest(AuthenticationMechanismsHandler.java:60) ~[undertow-core-2.3.18.Final.jar!/:2.3.18.Final]
	at io.undertow.servlet.handlers.security.CachedAuthenticatedSessionHandler.handleRequest(CachedAuthenticatedSessionHandler.java:77) ~[undertow-servlet-2.3.18.Final.jar!/:2.3.18.Final]
	at io.undertow.security.handlers.AbstractSecurityContextAssociationHandler.handleRequest(AbstractSecurityContextAssociationHandler.java:43) ~[undertow-core-2.3.18.Final.jar!/:2.3.18.Final]
	at io.undertow.server.handlers.PredicateHandler.handleRequest(PredicateHandler.java:43) ~[undertow-core-2.3.18.Final.jar!/:2.3.18.Final]
	at io.undertow.servlet.handlers.SendErrorPageHandler.handleRequest(SendErrorPageHandler.java:52) ~[undertow-servlet-2.3.18.Final.jar!/:2.3.18.Final]
	at io.undertow.server.handlers.PredicateHandler.handleRequest(PredicateHandler.java:43) ~[undertow-core-2.3.18.Final.jar!/:2.3.18.Final]
	at io.undertow.servlet.handlers.ServletInitialHandler.handleFirstRequest(ServletInitialHandler.java:276) ~[undertow-servlet-2.3.18.Final.jar!/:2.3.18.Final]
	at io.undertow.servlet.handlers.ServletInitialHandler$2.call(ServletInitialHandler.java:135) ~[undertow-servlet-2.3.18.Final.jar!/:2.3.18.Final]
	at io.undertow.servlet.handlers.ServletInitialHandler$2.call(ServletInitialHandler.java:132) ~[undertow-servlet-2.3.18.Final.jar!/:2.3.18.Final]
	at io.undertow.servlet.core.ServletRequestContextThreadSetupAction$1.call(ServletRequestContextThreadSetupAction.java:48) ~[undertow-servlet-2.3.18.Final.jar!/:2.3.18.Final]
	at io.undertow.servlet.core.ContextClassLoaderSetupAction$1.call(ContextClassLoaderSetupAction.java:43) ~[undertow-servlet-2.3.18.Final.jar!/:2.3.18.Final]
	at io.undertow.servlet.handlers.ServletInitialHandler.dispatchRequest(ServletInitialHandler.java:256) ~[undertow-servlet-2.3.18.Final.jar!/:2.3.18.Final]
	at io.undertow.servlet.handlers.ServletInitialHandler$1.handleRequest(ServletInitialHandler.java:101) ~[undertow-servlet-2.3.18.Final.jar!/:2.3.18.Final]
	at io.undertow.server.Connectors.executeRootHandler(Connectors.java:395) ~[undertow-core-2.3.18.Final.jar!/:2.3.18.Final]
	at io.undertow.server.HttpServerExchange$1.run(HttpServerExchange.java:861) ~[undertow-core-2.3.18.Final.jar!/:2.3.18.Final]
	at org.jboss.threads.ContextHandler$1.runWith(ContextHandler.java:18) ~[jboss-threads-3.5.0.Final.jar!/:3.5.0.Final]
	at org.jboss.threads.EnhancedQueueExecutor$Task.run(EnhancedQueueExecutor.java:2513) ~[jboss-threads-3.5.0.Final.jar!/:3.5.0.Final]
	at org.jboss.threads.EnhancedQueueExecutor$ThreadBody.run(EnhancedQueueExecutor.java:1538) ~[jboss-threads-3.5.0.Final.jar!/:3.5.0.Final]
	at org.xnio.XnioWorker$WorkerThreadFactory$1$1.run(XnioWorker.java:1282) ~[xnio-api-3.8.16.Final.jar!/:3.8.16.Final]
	at java.base/java.lang.Thread.run(Thread.java:1583) ~[na:na]
Caused by: org.apache.ibatis.exceptions.PersistenceException: 
### Error querying database.  Cause: java.lang.NullPointerException: ContextUtil 不存在租户编号！
### Cause: java.lang.NullPointerException: ContextUtil 不存在租户编号！
	at org.apache.ibatis.exceptions.ExceptionFactory.wrapException(ExceptionFactory.java:30) ~[mybatis-3.5.19.jar!/:3.5.19]
	at org.apache.ibatis.session.defaults.DefaultSqlSession.selectList(DefaultSqlSession.java:156) ~[mybatis-3.5.19.jar!/:3.5.19]
	at org.apache.ibatis.session.defaults.DefaultSqlSession.selectList(DefaultSqlSession.java:147) ~[mybatis-3.5.19.jar!/:3.5.19]
	at org.apache.ibatis.session.defaults.DefaultSqlSession.selectList(DefaultSqlSession.java:142) ~[mybatis-3.5.19.jar!/:3.5.19]
	at java.base/jdk.internal.reflect.DirectMethodHandleAccessor.invoke(DirectMethodHandleAccessor.java:103) ~[na:na]
	at java.base/java.lang.reflect.Method.invoke(Method.java:580) ~[na:na]
	at org.mybatis.spring.SqlSessionTemplate$SqlSessionInterceptor.invoke(SqlSessionTemplate.java:333) ~[mybatis-spring-3.0.4.jar!/:3.0.4]
	... 129 common frames omitted
Caused by: java.lang.NullPointerException: ContextUtil 不存在租户编号！
	at com.luohuo.basic.context.ContextUtil.getRequiredTenantId(ContextUtil.java:391) ~[luohuo-core-3.0.6.jar!/:3.0.6]
	at com.luohuo.basic.tenant.core.db.TenantDatabaseInterceptor.getTenantId(TenantDatabaseInterceptor.java:42) ~[luohuo-tenant-3.0.6.jar!/:3.0.6]
	at com.baomidou.mybatisplus.extension.plugins.inner.TenantLineInnerInterceptor.buildTableExpression(TenantLineInnerInterceptor.java:262) ~[mybatis-plus-jsqlparser-3.5.11.jar!/:3.5.11]
	at com.baomidou.mybatisplus.extension.plugins.inner.BaseMultiTableInnerInterceptor.lambda$builderExpression$3(BaseMultiTableInnerInterceptor.java:392) ~[mybatis-plus-jsqlparser-3.5.11.jar!/:3.5.11]
	at java.base/java.util.stream.ReferencePipeline$3$1.accept(ReferencePipeline.java:197) ~[na:na]
	at java.base/java.util.ArrayList$ArrayListSpliterator.forEachRemaining(ArrayList.java:1708) ~[na:na]
	at java.base/java.util.stream.AbstractPipeline.copyInto(AbstractPipeline.java:509) ~[na:na]
	at java.base/java.util.stream.AbstractPipeline.wrapAndCopyInto(AbstractPipeline.java:499) ~[na:na]
	at java.base/java.util.stream.ReduceOps$ReduceOp.evaluateSequential(ReduceOps.java:921) ~[na:na]
	at java.base/java.util.stream.AbstractPipeline.evaluate(AbstractPipeline.java:234) ~[na:na]
	at java.base/java.util.stream.ReferencePipeline.collect(ReferencePipeline.java:682) ~[na:na]
	at com.baomidou.mybatisplus.extension.plugins.inner.BaseMultiTableInnerInterceptor.builderExpression(BaseMultiTableInnerInterceptor.java:394) ~[mybatis-plus-jsqlparser-3.5.11.jar!/:3.5.11]
	at com.baomidou.mybatisplus.extension.plugins.inner.BaseMultiTableInnerInterceptor.processPlainSelect(BaseMultiTableInnerInterceptor.java:123) ~[mybatis-plus-jsqlparser-3.5.11.jar!/:3.5.11]
	at com.baomidou.mybatisplus.extension.plugins.inner.BaseMultiTableInnerInterceptor.processSelectBody(BaseMultiTableInnerInterceptor.java:64) ~[mybatis-plus-jsqlparser-3.5.11.jar!/:3.5.11]
	at com.baomidou.mybatisplus.extension.plugins.inner.TenantLineInnerInterceptor.processSelect(TenantLineInnerInterceptor.java:86) ~[mybatis-plus-jsqlparser-3.5.11.jar!/:3.5.11]
	at com.baomidou.mybatisplus.extension.parser.JsqlParserSupport.processParser(JsqlParserSupport.java:90) ~[mybatis-plus-jsqlparser-3.5.11.jar!/:3.5.11]
	at com.baomidou.mybatisplus.extension.parser.JsqlParserSupport.parserSingle(JsqlParserSupport.java:49) ~[mybatis-plus-jsqlparser-3.5.11.jar!/:3.5.11]
	at com.baomidou.mybatisplus.extension.plugins.inner.TenantLineInnerInterceptor.beforeQuery(TenantLineInnerInterceptor.java:66) ~[mybatis-plus-jsqlparser-3.5.11.jar!/:3.5.11]
	at com.baomidou.mybatisplus.extension.plugins.MybatisPlusInterceptor.intercept(MybatisPlusInterceptor.java:78) ~[mybatis-plus-extension-3.5.11.jar!/:3.5.11]
	at org.apache.ibatis.plugin.Plugin.invoke(Plugin.java:59) ~[mybatis-3.5.19.jar!/:3.5.19]
	at jdk.proxy2/jdk.proxy2.$Proxy225.query(Unknown Source) ~[na:na]
	at org.apache.ibatis.session.defaults.DefaultSqlSession.selectList(DefaultSqlSession.java:154) ~[mybatis-3.5.19.jar!/:3.5.19]
	... 134 common frames omitted

[luohuo-im-server:18778:] 2026-02-18 14:28:20.833[ WARN] 86366 [] [XNIO-2 task-2:14410454] [c.l.b.boot.handler.AbstractGlobalExceptionHandler.persistenceException:297] PersistenceException:

org.apache.ibatis.exceptions.PersistenceException: 
### Error querying database.  Cause: java.lang.NullPointerException: ContextUtil 不存在租户编号！
### Cause: java.lang.NullPointerException: ContextUtil 不存在租户编号！
	at org.apache.ibatis.exceptions.ExceptionFactory.wrapException(ExceptionFactory.java:30) ~[mybatis-3.5.19.jar!/:3.5.19]
	at org.apache.ibatis.session.defaults.DefaultSqlSession.selectList(DefaultSqlSession.java:156) ~[mybatis-3.5.19.jar!/:3.5.19]
	at org.apache.ibatis.session.defaults.DefaultSqlSession.selectList(DefaultSqlSession.java:147) ~[mybatis-3.5.19.jar!/:3.5.19]
	at org.apache.ibatis.session.defaults.DefaultSqlSession.selectList(DefaultSqlSession.java:142) ~[mybatis-3.5.19.jar!/:3.5.19]
	at java.base/jdk.internal.reflect.DirectMethodHandleAccessor.invoke(DirectMethodHandleAccessor.java:103) ~[na:na]
	at java.base/java.lang.reflect.Method.invoke(Method.java:580) ~[na:na]
	at org.mybatis.spring.SqlSessionTemplate$SqlSessionInterceptor.invoke(SqlSessionTemplate.java:333) ~[mybatis-spring-3.0.4.jar!/:3.0.4]
	at jdk.proxy2/jdk.proxy2.$Proxy168.selectList(Unknown Source) ~[na:na]
	at org.mybatis.spring.SqlSessionTemplate.selectList(SqlSessionTemplate.java:194) ~[mybatis-spring-3.0.4.jar!/:3.0.4]
	at com.baomidou.mybatisplus.core.override.MybatisMapperMethod.executeForMany(MybatisMapperMethod.java:164) ~[mybatis-plus-core-3.5.11.jar!/:3.5.11]
	at com.baomidou.mybatisplus.core.override.MybatisMapperMethod.execute(MybatisMapperMethod.java:77) ~[mybatis-plus-core-3.5.11.jar!/:3.5.11]
	at com.baomidou.mybatisplus.core.override.MybatisMapperProxy$PlainMethodInvoker.invoke(MybatisMapperProxy.java:155) ~[mybatis-plus-core-3.5.11.jar!/:3.5.11]
	at com.baomidou.mybatisplus.core.override.MybatisMapperProxy.invoke(MybatisMapperProxy.java:92) ~[mybatis-plus-core-3.5.11.jar!/:3.5.11]
	at jdk.proxy2/jdk.proxy2.$Proxy205.selectList(Unknown Source) ~[na:na]
	at com.baomidou.mybatisplus.core.mapper.BaseMapper.selectPage(BaseMapper.java:458) ~[mybatis-plus-core-3.5.11.jar!/:3.5.11]
	at java.base/java.lang.invoke.MethodHandle.invokeWithArguments(MethodHandle.java:733) ~[na:na]
	at com.baomidou.mybatisplus.core.override.MybatisMapperProxy$DefaultMethodInvoker.invoke(MybatisMapperProxy.java:181) ~[mybatis-plus-core-3.5.11.jar!/:3.5.11]
	at com.baomidou.mybatisplus.core.override.MybatisMapperProxy.invoke(MybatisMapperProxy.java:92) ~[mybatis-plus-core-3.5.11.jar!/:3.5.11]
	at jdk.proxy2/jdk.proxy2.$Proxy205.selectPage(Unknown Source) ~[na:na]
	at java.base/jdk.internal.reflect.DirectMethodHandleAccessor.invoke(DirectMethodHandleAccessor.java:103) ~[na:na]
	at java.base/java.lang.reflect.Method.invoke(Method.java:580) ~[na:na]
	at org.springframework.aop.support.AopUtils.invokeJoinpointUsingReflection(AopUtils.java:359) ~[spring-aop-6.2.5.jar!/:6.2.5]
	at org.springframework.aop.framework.ReflectiveMethodInvocation.invokeJoinpoint(ReflectiveMethodInvocation.java:196) ~[spring-aop-6.2.5.jar!/:6.2.5]
	at org.springframework.aop.framework.ReflectiveMethodInvocation.proceed(ReflectiveMethodInvocation.java:163) ~[spring-aop-6.2.5.jar!/:6.2.5]
	at org.springframework.dao.support.PersistenceExceptionTranslationInterceptor.invoke(PersistenceExceptionTranslationInterceptor.java:138) ~[spring-tx-6.2.5.jar!/:6.2.5]
	at org.springframework.aop.framework.ReflectiveMethodInvocation.proceed(ReflectiveMethodInvocation.java:184) ~[spring-aop-6.2.5.jar!/:6.2.5]
	at org.springframework.aop.framework.JdkDynamicAopProxy.invoke(JdkDynamicAopProxy.java:223) ~[spring-aop-6.2.5.jar!/:6.2.5]
	at jdk.proxy2/jdk.proxy2.$Proxy206.selectPage(Unknown Source) ~[na:na]
	at com.baomidou.mybatisplus.extension.repository.IRepository.page(IRepository.java:342) ~[mybatis-plus-extension-3.5.11.jar!/:3.5.11]
	at java.base/jdk.internal.reflect.DirectMethodHandleAccessor.invoke(DirectMethodHandleAccessor.java:103) ~[na:na]
	at java.base/java.lang.reflect.Method.invoke(Method.java:580) ~[na:na]
	at org.springframework.aop.support.AopUtils.invokeJoinpointUsingReflection(AopUtils.java:359) ~[spring-aop-6.2.5.jar!/:6.2.5]
	at org.springframework.aop.framework.CglibAopProxy$DynamicAdvisedInterceptor.intercept(CglibAopProxy.java:723) ~[spring-aop-6.2.5.jar!/:6.2.5]
	at com.luohuo.flex.im.core.chat.dao.RoomGroupDao$$SpringCGLIB$$0.page(<generated>) ~[luohuo-im-biz-3.0.6.jar!/:3.0.6]
	at com.luohuo.flex.im.core.chat.service.impl.RoomServiceImpl.getGroupPage(RoomServiceImpl.java:125) ~[luohuo-im-biz-3.0.6.jar!/:3.0.6]
	at java.base/jdk.internal.reflect.DirectMethodHandleAccessor.invoke(DirectMethodHandleAccessor.java:103) ~[na:na]
	at java.base/java.lang.reflect.Method.invoke(Method.java:580) ~[na:na]
	at org.springframework.aop.support.AopUtils.invokeJoinpointUsingReflection(AopUtils.java:359) ~[spring-aop-6.2.5.jar!/:6.2.5]
	at org.springframework.aop.framework.CglibAopProxy$DynamicAdvisedInterceptor.intercept(CglibAopProxy.java:723) ~[spring-aop-6.2.5.jar!/:6.2.5]
	at com.luohuo.flex.im.core.chat.service.impl.RoomServiceImpl$$SpringCGLIB$$0.getGroupPage(<generated>) ~[luohuo-im-biz-3.0.6.jar!/:3.0.6]
	at com.luohuo.flex.im.core.chat.service.impl.RoomAppServiceImpl.getGroupPage(RoomAppServiceImpl.java:336) ~[luohuo-im-biz-3.0.6.jar!/:3.0.6]
	at java.base/jdk.internal.reflect.DirectMethodHandleAccessor.invoke(DirectMethodHandleAccessor.java:103) ~[na:na]
	at java.base/java.lang.reflect.Method.invoke(Method.java:580) ~[na:na]
	at org.springframework.aop.support.AopUtils.invokeJoinpointUsingReflection(AopUtils.java:359) ~[spring-aop-6.2.5.jar!/:6.2.5]
	at org.springframework.aop.framework.ReflectiveMethodInvocation.invokeJoinpoint(ReflectiveMethodInvocation.java:196) ~[spring-aop-6.2.5.jar!/:6.2.5]
	at org.springframework.aop.framework.ReflectiveMethodInvocation.proceed(ReflectiveMethodInvocation.java:163) ~[spring-aop-6.2.5.jar!/:6.2.5]
	at org.springframework.aop.interceptor.ExposeInvocationInterceptor.invoke(ExposeInvocationInterceptor.java:97) ~[spring-aop-6.2.5.jar!/:6.2.5]
	at org.springframework.aop.framework.ReflectiveMethodInvocation.proceed(ReflectiveMethodInvocation.java:184) ~[spring-aop-6.2.5.jar!/:6.2.5]
	at org.springframework.aop.framework.CglibAopProxy$DynamicAdvisedInterceptor.intercept(CglibAopProxy.java:727) ~[spring-aop-6.2.5.jar!/:6.2.5]
	at com.luohuo.flex.im.core.chat.service.impl.RoomAppServiceImpl$$SpringCGLIB$$0.getGroupPage(<generated>) ~[luohuo-im-biz-3.0.6.jar!/:3.0.6]
	at com.luohuo.flex.im.controller.chat.RoomController.getGroupPage(RoomController.java:225) ~[luohuo-im-controller-3.0.6.jar!/:3.0.6]
	at java.base/jdk.internal.reflect.DirectMethodHandleAccessor.invoke(DirectMethodHandleAccessor.java:103) ~[na:na]
	at java.base/java.lang.reflect.Method.invoke(Method.java:580) ~[na:na]
	at org.springframework.web.method.support.InvocableHandlerMethod.doInvoke(InvocableHandlerMethod.java:258) ~[spring-web-6.2.5.jar!/:6.2.5]
	at org.springframework.web.method.support.InvocableHandlerMethod.invokeForRequest(InvocableHandlerMethod.java:191) ~[spring-web-6.2.5.jar!/:6.2.5]
	at org.springframework.web.servlet.mvc.method.annotation.ServletInvocableHandlerMethod.invokeAndHandle(ServletInvocableHandlerMethod.java:118) ~[spring-webmvc-6.2.5.jar!/:6.2.5]
	at org.springframework.web.servlet.mvc.method.annotation.RequestMappingHandlerAdapter.invokeHandlerMethod(RequestMappingHandlerAdapter.java:986) ~[spring-webmvc-6.2.5.jar!/:6.2.5]
	at org.springframework.web.servlet.mvc.method.annotation.RequestMappingHandlerAdapter.handleInternal(RequestMappingHandlerAdapter.java:891) ~[spring-webmvc-6.2.5.jar!/:6.2.5]
	at org.springframework.web.servlet.mvc.method.AbstractHandlerMethodAdapter.handle(AbstractHandlerMethodAdapter.java:87) ~[spring-webmvc-6.2.5.jar!/:6.2.5]
	at org.springframework.web.servlet.DispatcherServlet.doDispatch(DispatcherServlet.java:1089) ~[spring-webmvc-6.2.5.jar!/:6.2.5]
	at org.springframework.web.servlet.DispatcherServlet.doService(DispatcherServlet.java:979) ~[spring-webmvc-6.2.5.jar!/:6.2.5]
	at org.springframework.web.servlet.FrameworkServlet.processRequest(FrameworkServlet.java:1014) ~[spring-webmvc-6.2.5.jar!/:6.2.5]
	at org.springframework.web.servlet.FrameworkServlet.doGet(FrameworkServlet.java:903) ~[spring-webmvc-6.2.5.jar!/:6.2.5]
	at jakarta.servlet.http.HttpServlet.service(HttpServlet.java:527) ~[jakarta.servlet-api-6.0.0.jar!/:6.0.0]
	at org.springframework.web.servlet.FrameworkServlet.service(FrameworkServlet.java:885) ~[spring-webmvc-6.2.5.jar!/:6.2.5]
	at jakarta.servlet.http.HttpServlet.service(HttpServlet.java:614) ~[jakarta.servlet-api-6.0.0.jar!/:6.0.0]
	at io.undertow.servlet.handlers.ServletHandler.handleRequest(ServletHandler.java:74) ~[undertow-servlet-2.3.18.Final.jar!/:2.3.18.Final]
	at io.undertow.servlet.handlers.FilterHandler$FilterChainImpl.doFilter(FilterHandler.java:129) ~[undertow-servlet-2.3.18.Final.jar!/:2.3.18.Final]
	at org.springframework.web.servlet.resource.ResourceUrlEncodingFilter.doFilter(ResourceUrlEncodingFilter.java:66) ~[spring-webmvc-6.2.5.jar!/:6.2.5]
	at io.undertow.servlet.core.ManagedFilter.doFilter(ManagedFilter.java:67) ~[undertow-servlet-2.3.18.Final.jar!/:2.3.18.Final]
	at io.undertow.servlet.handlers.FilterHandler$FilterChainImpl.doFilter(FilterHandler.java:131) ~[undertow-servlet-2.3.18.Final.jar!/:2.3.18.Final]
	at com.alibaba.druid.support.jakarta.WebStatFilter.doFilter(WebStatFilter.java:113) ~[druid-1.2.24.jar!/:na]
	at io.undertow.servlet.core.ManagedFilter.doFilter(ManagedFilter.java:67) ~[undertow-servlet-2.3.18.Final.jar!/:2.3.18.Final]
	at io.undertow.servlet.handlers.FilterHandler$FilterChainImpl.doFilter(FilterHandler.java:131) ~[undertow-servlet-2.3.18.Final.jar!/:2.3.18.Final]
	at com.luohuo.basic.xss.filter.XssFilter.doFilter(XssFilter.java:66) ~[luohuo-xss-starter-3.0.6.jar!/:3.0.6]
	at io.undertow.servlet.core.ManagedFilter.doFilter(ManagedFilter.java:67) ~[undertow-servlet-2.3.18.Final.jar!/:2.3.18.Final]
	at io.undertow.servlet.handlers.FilterHandler$FilterChainImpl.doFilter(FilterHandler.java:131) ~[undertow-servlet-2.3.18.Final.jar!/:2.3.18.Final]
	at cn.dev33.satoken.filter.SaFirewallCheckFilterForJakartaServlet.doFilter(SaFirewallCheckFilterForJakartaServlet.java:69) ~[sa-token-spring-boot3-starter-1.42.0.jar!/:na]
	at io.undertow.servlet.core.ManagedFilter.doFilter(ManagedFilter.java:67) ~[undertow-servlet-2.3.18.Final.jar!/:2.3.18.Final]
	at io.undertow.servlet.handlers.FilterHandler$FilterChainImpl.doFilter(FilterHandler.java:131) ~[undertow-servlet-2.3.18.Final.jar!/:2.3.18.Final]
	at cn.dev33.satoken.filter.SaTokenCorsFilterForJakartaServlet.doFilter(SaTokenCorsFilterForJakartaServlet.java:52) ~[sa-token-spring-boot3-starter-1.42.0.jar!/:na]
	at io.undertow.servlet.core.ManagedFilter.doFilter(ManagedFilter.java:67) ~[undertow-servlet-2.3.18.Final.jar!/:2.3.18.Final]
	at io.undertow.servlet.handlers.FilterHandler$FilterChainImpl.doFilter(FilterHandler.java:131) ~[undertow-servlet-2.3.18.Final.jar!/:2.3.18.Final]
	at cn.dev33.satoken.filter.SaTokenContextFilterForJakartaServlet.doFilter(SaTokenContextFilterForJakartaServlet.java:40) ~[sa-token-spring-boot3-starter-1.42.0.jar!/:na]
	at io.undertow.servlet.core.ManagedFilter.doFilter(ManagedFilter.java:67) ~[undertow-servlet-2.3.18.Final.jar!/:2.3.18.Final]
	at io.undertow.servlet.handlers.FilterHandler$FilterChainImpl.doFilter(FilterHandler.java:131) ~[undertow-servlet-2.3.18.Final.jar!/:2.3.18.Final]
	at com.luohuo.basic.tenant.core.web.TenantContextWebFilter.doFilterInternal(TenantContextWebFilter.java:29) ~[luohuo-tenant-3.0.6.jar!/:3.0.6]
	at org.springframework.web.filter.OncePerRequestFilter.doFilter(OncePerRequestFilter.java:116) ~[spring-web-6.2.5.jar!/:6.2.5]
	at io.undertow.servlet.core.ManagedFilter.doFilter(ManagedFilter.java:67) ~[undertow-servlet-2.3.18.Final.jar!/:2.3.18.Final]
	at io.undertow.servlet.handlers.FilterHandler$FilterChainImpl.doFilter(FilterHandler.java:131) ~[undertow-servlet-2.3.18.Final.jar!/:2.3.18.Final]
	at org.springframework.web.filter.RequestContextFilter.doFilterInternal(RequestContextFilter.java:100) ~[spring-web-6.2.5.jar!/:6.2.5]
	at org.springframework.web.filter.OncePerRequestFilter.doFilter(OncePerRequestFilter.java:116) ~[spring-web-6.2.5.jar!/:6.2.5]
	at io.undertow.servlet.core.ManagedFilter.doFilter(ManagedFilter.java:67) ~[undertow-servlet-2.3.18.Final.jar!/:2.3.18.Final]
	at io.undertow.servlet.handlers.FilterHandler$FilterChainImpl.doFilter(FilterHandler.java:131) ~[undertow-servlet-2.3.18.Final.jar!/:2.3.18.Final]
	at org.springframework.web.filter.FormContentFilter.doFilterInternal(FormContentFilter.java:93) ~[spring-web-6.2.5.jar!/:6.2.5]
	at org.springframework.web.filter.OncePerRequestFilter.doFilter(OncePerRequestFilter.java:116) ~[spring-web-6.2.5.jar!/:6.2.5]
	at io.undertow.servlet.core.ManagedFilter.doFilter(ManagedFilter.java:67) ~[undertow-servlet-2.3.18.Final.jar!/:2.3.18.Final]
	at io.undertow.servlet.handlers.FilterHandler$FilterChainImpl.doFilter(FilterHandler.java:131) ~[undertow-servlet-2.3.18.Final.jar!/:2.3.18.Final]
	at org.springframework.web.filter.ServerHttpObservationFilter.doFilterInternal(ServerHttpObservationFilter.java:114) ~[spring-web-6.2.5.jar!/:6.2.5]
	at org.springframework.web.filter.OncePerRequestFilter.doFilter(OncePerRequestFilter.java:116) ~[spring-web-6.2.5.jar!/:6.2.5]
	at io.undertow.servlet.core.ManagedFilter.doFilter(ManagedFilter.java:67) ~[undertow-servlet-2.3.18.Final.jar!/:2.3.18.Final]
	at io.undertow.servlet.handlers.FilterHandler$FilterChainImpl.doFilter(FilterHandler.java:131) ~[undertow-servlet-2.3.18.Final.jar!/:2.3.18.Final]
	at org.springframework.web.filter.CharacterEncodingFilter.doFilterInternal(CharacterEncodingFilter.java:201) ~[spring-web-6.2.5.jar!/:6.2.5]
	at org.springframework.web.filter.OncePerRequestFilter.doFilter(OncePerRequestFilter.java:116) ~[spring-web-6.2.5.jar!/:6.2.5]
	at io.undertow.servlet.core.ManagedFilter.doFilter(ManagedFilter.java:67) ~[undertow-servlet-2.3.18.Final.jar!/:2.3.18.Final]
	at io.undertow.servlet.handlers.FilterHandler$FilterChainImpl.doFilter(FilterHandler.java:131) ~[undertow-servlet-2.3.18.Final.jar!/:2.3.18.Final]
	at io.undertow.servlet.handlers.FilterHandler.handleRequest(FilterHandler.java:84) ~[undertow-servlet-2.3.18.Final.jar!/:2.3.18.Final]
	at io.undertow.servlet.handlers.security.ServletSecurityRoleHandler.handleRequest(ServletSecurityRoleHandler.java:62) ~[undertow-servlet-2.3.18.Final.jar!/:2.3.18.Final]
	at io.undertow.servlet.handlers.ServletChain$1.handleRequest(ServletChain.java:68) ~[undertow-servlet-2.3.18.Final.jar!/:2.3.18.Final]
	at io.undertow.servlet.handlers.ServletDispatchingHandler.handleRequest(ServletDispatchingHandler.java:36) ~[undertow-servlet-2.3.18.Final.jar!/:2.3.18.Final]
	at io.undertow.servlet.handlers.RedirectDirHandler.handleRequest(RedirectDirHandler.java:68) ~[undertow-servlet-2.3.18.Final.jar!/:2.3.18.Final]
	at io.undertow.servlet.handlers.security.SSLInformationAssociationHandler.handleRequest(SSLInformationAssociationHandler.java:117) ~[undertow-servlet-2.3.18.Final.jar!/:2.3.18.Final]
	at io.undertow.servlet.handlers.security.ServletAuthenticationCallHandler.handleRequest(ServletAuthenticationCallHandler.java:57) ~[undertow-servlet-2.3.18.Final.jar!/:2.3.18.Final]
	at io.undertow.server.handlers.PredicateHandler.handleRequest(PredicateHandler.java:43) ~[undertow-core-2.3.18.Final.jar!/:2.3.18.Final]
	at io.undertow.security.handlers.AbstractConfidentialityHandler.handleRequest(AbstractConfidentialityHandler.java:46) ~[undertow-core-2.3.18.Final.jar!/:2.3.18.Final]
	at io.undertow.servlet.handlers.security.ServletConfidentialityConstraintHandler.handleRequest(ServletConfidentialityConstraintHandler.java:64) ~[undertow-servlet-2.3.18.Final.jar!/:2.3.18.Final]
	at io.undertow.security.handlers.AuthenticationMechanismsHandler.handleRequest(AuthenticationMechanismsHandler.java:60) ~[undertow-core-2.3.18.Final.jar!/:2.3.18.Final]
	at io.undertow.servlet.handlers.security.CachedAuthenticatedSessionHandler.handleRequest(CachedAuthenticatedSessionHandler.java:77) ~[undertow-servlet-2.3.18.Final.jar!/:2.3.18.Final]
	at io.undertow.security.handlers.AbstractSecurityContextAssociationHandler.handleRequest(AbstractSecurityContextAssociationHandler.java:43) ~[undertow-core-2.3.18.Final.jar!/:2.3.18.Final]
	at io.undertow.server.handlers.PredicateHandler.handleRequest(PredicateHandler.java:43) ~[undertow-core-2.3.18.Final.jar!/:2.3.18.Final]
	at io.undertow.servlet.handlers.SendErrorPageHandler.handleRequest(SendErrorPageHandler.java:52) ~[undertow-servlet-2.3.18.Final.jar!/:2.3.18.Final]
	at io.undertow.server.handlers.PredicateHandler.handleRequest(PredicateHandler.java:43) ~[undertow-core-2.3.18.Final.jar!/:2.3.18.Final]
	at io.undertow.servlet.handlers.ServletInitialHandler.handleFirstRequest(ServletInitialHandler.java:276) ~[undertow-servlet-2.3.18.Final.jar!/:2.3.18.Final]
	at io.undertow.servlet.handlers.ServletInitialHandler$2.call(ServletInitialHandler.java:135) ~[undertow-servlet-2.3.18.Final.jar!/:2.3.18.Final]
	at io.undertow.servlet.handlers.ServletInitialHandler$2.call(ServletInitialHandler.java:132) ~[undertow-servlet-2.3.18.Final.jar!/:2.3.18.Final]
	at io.undertow.servlet.core.ServletRequestContextThreadSetupAction$1.call(ServletRequestContextThreadSetupAction.java:48) ~[undertow-servlet-2.3.18.Final.jar!/:2.3.18.Final]
	at io.undertow.servlet.core.ContextClassLoaderSetupAction$1.call(ContextClassLoaderSetupAction.java:43) ~[undertow-servlet-2.3.18.Final.jar!/:2.3.18.Final]
	at io.undertow.servlet.handlers.ServletInitialHandler.dispatchRequest(ServletInitialHandler.java:256) ~[undertow-servlet-2.3.18.Final.jar!/:2.3.18.Final]
	at io.undertow.servlet.handlers.ServletInitialHandler$1.handleRequest(ServletInitialHandler.java:101) ~[undertow-servlet-2.3.18.Final.jar!/:2.3.18.Final]
	at io.undertow.server.Connectors.executeRootHandler(Connectors.java:395) ~[undertow-core-2.3.18.Final.jar!/:2.3.18.Final]
	at io.undertow.server.HttpServerExchange$1.run(HttpServerExchange.java:861) ~[undertow-core-2.3.18.Final.jar!/:2.3.18.Final]
	at org.jboss.threads.ContextHandler$1.runWith(ContextHandler.java:18) ~[jboss-threads-3.5.0.Final.jar!/:3.5.0.Final]
	at org.jboss.threads.EnhancedQueueExecutor$Task.run(EnhancedQueueExecutor.java:2513) ~[jboss-threads-3.5.0.Final.jar!/:3.5.0.Final]
	at org.jboss.threads.EnhancedQueueExecutor$ThreadBody.run(EnhancedQueueExecutor.java:1538) ~[jboss-threads-3.5.0.Final.jar!/:3.5.0.Final]
	at org.xnio.XnioWorker$WorkerThreadFactory$1$1.run(XnioWorker.java:1282) ~[xnio-api-3.8.16.Final.jar!/:3.8.16.Final]
	at java.base/java.lang.Thread.run(Thread.java:1583) ~[na:na]
Caused by: java.lang.NullPointerException: ContextUtil 不存在租户编号！
	at com.luohuo.basic.context.ContextUtil.getRequiredTenantId(ContextUtil.java:391) ~[luohuo-core-3.0.6.jar!/:3.0.6]
	at com.luohuo.basic.tenant.core.db.TenantDatabaseInterceptor.getTenantId(TenantDatabaseInterceptor.java:42) ~[luohuo-tenant-3.0.6.jar!/:3.0.6]
	at com.baomidou.mybatisplus.extension.plugins.inner.TenantLineInnerInterceptor.buildTableExpression(TenantLineInnerInterceptor.java:262) ~[mybatis-plus-jsqlparser-3.5.11.jar!/:3.5.11]
	at com.baomidou.mybatisplus.extension.plugins.inner.BaseMultiTableInnerInterceptor.lambda$builderExpression$3(BaseMultiTableInnerInterceptor.java:392) ~[mybatis-plus-jsqlparser-3.5.11.jar!/:3.5.11]
	at java.base/java.util.stream.ReferencePipeline$3$1.accept(ReferencePipeline.java:197) ~[na:na]
	at java.base/java.util.ArrayList$ArrayListSpliterator.forEachRemaining(ArrayList.java:1708) ~[na:na]
	at java.base/java.util.stream.AbstractPipeline.copyInto(AbstractPipeline.java:509) ~[na:na]
	at java.base/java.util.stream.AbstractPipeline.wrapAndCopyInto(AbstractPipeline.java:499) ~[na:na]
	at java.base/java.util.stream.ReduceOps$ReduceOp.evaluateSequential(ReduceOps.java:921) ~[na:na]
	at java.base/java.util.stream.AbstractPipeline.evaluate(AbstractPipeline.java:234) ~[na:na]
	at java.base/java.util.stream.ReferencePipeline.collect(ReferencePipeline.java:682) ~[na:na]
	at com.baomidou.mybatisplus.extension.plugins.inner.BaseMultiTableInnerInterceptor.builderExpression(BaseMultiTableInnerInterceptor.java:394) ~[mybatis-plus-jsqlparser-3.5.11.jar!/:3.5.11]
	at com.baomidou.mybatisplus.extension.plugins.inner.BaseMultiTableInnerInterceptor.processPlainSelect(BaseMultiTableInnerInterceptor.java:123) ~[mybatis-plus-jsqlparser-3.5.11.jar!/:3.5.11]
	at com.baomidou.mybatisplus.extension.plugins.inner.BaseMultiTableInnerInterceptor.processSelectBody(BaseMultiTableInnerInterceptor.java:64) ~[mybatis-plus-jsqlparser-3.5.11.jar!/:3.5.11]
	at com.baomidou.mybatisplus.extension.plugins.inner.TenantLineInnerInterceptor.processSelect(TenantLineInnerInterceptor.java:86) ~[mybatis-plus-jsqlparser-3.5.11.jar!/:3.5.11]
	at com.baomidou.mybatisplus.extension.parser.JsqlParserSupport.processParser(JsqlParserSupport.java:90) ~[mybatis-plus-jsqlparser-3.5.11.jar!/:3.5.11]
	at com.baomidou.mybatisplus.extension.parser.JsqlParserSupport.parserSingle(JsqlParserSupport.java:49) ~[mybatis-plus-jsqlparser-3.5.11.jar!/:3.5.11]
	at com.baomidou.mybatisplus.extension.plugins.inner.TenantLineInnerInterceptor.beforeQuery(TenantLineInnerInterceptor.java:66) ~[mybatis-plus-jsqlparser-3.5.11.jar!/:3.5.11]
	at com.baomidou.mybatisplus.extension.plugins.MybatisPlusInterceptor.intercept(MybatisPlusInterceptor.java:78) ~[mybatis-plus-extension-3.5.11.jar!/:3.5.11]
	at org.apache.ibatis.plugin.Plugin.invoke(Plugin.java:59) ~[mybatis-3.5.19.jar!/:3.5.19]
	at jdk.proxy2/jdk.proxy2.$Proxy225.query(Unknown Source) ~[na:na]
	at org.apache.ibatis.session.defaults.DefaultSqlSession.selectList(DefaultSqlSession.java:154) ~[mybatis-3.5.19.jar!/:3.5.19]
	... 134 common frames omitted

[luohuo-im-server:18778:] 2026-02-18 14:29:43.465[ WARN] 86366 [] [XNIO-2 task-2:14493086] [c.l.b.boot.handler.AbstractGlobalExceptionHandler.myBatisSystemException:307] PersistenceException:

org.mybatis.spring.MyBatisSystemException: 
### Error querying database.  Cause: java.lang.NullPointerException: ContextUtil 不存在租户编号！
### Cause: java.lang.NullPointerException: ContextUtil 不存在租户编号！
	at org.mybatis.spring.MyBatisExceptionTranslator.translateExceptionIfPossible(MyBatisExceptionTranslator.java:99) ~[mybatis-spring-3.0.4.jar!/:3.0.4]
	at org.mybatis.spring.SqlSessionTemplate$SqlSessionInterceptor.invoke(SqlSessionTemplate.java:347) ~[mybatis-spring-3.0.4.jar!/:3.0.4]
	at jdk.proxy2/jdk.proxy2.$Proxy168.selectList(Unknown Source) ~[na:na]
	at org.mybatis.spring.SqlSessionTemplate.selectList(SqlSessionTemplate.java:194) ~[mybatis-spring-3.0.4.jar!/:3.0.4]
	at com.baomidou.mybatisplus.core.override.MybatisMapperMethod.executeForMany(MybatisMapperMethod.java:164) ~[mybatis-plus-core-3.5.11.jar!/:3.5.11]
	at com.baomidou.mybatisplus.core.override.MybatisMapperMethod.execute(MybatisMapperMethod.java:77) ~[mybatis-plus-core-3.5.11.jar!/:3.5.11]
	at com.baomidou.mybatisplus.core.override.MybatisMapperProxy$PlainMethodInvoker.invoke(MybatisMapperProxy.java:155) ~[mybatis-plus-core-3.5.11.jar!/:3.5.11]
	at com.baomidou.mybatisplus.core.override.MybatisMapperProxy.invoke(MybatisMapperProxy.java:92) ~[mybatis-plus-core-3.5.11.jar!/:3.5.11]
	at jdk.proxy2/jdk.proxy2.$Proxy205.selectList(Unknown Source) ~[na:na]
	at com.baomidou.mybatisplus.core.mapper.BaseMapper.selectPage(BaseMapper.java:458) ~[mybatis-plus-core-3.5.11.jar!/:3.5.11]
	at java.base/java.lang.invoke.MethodHandle.invokeWithArguments(MethodHandle.java:733) ~[na:na]
	at com.baomidou.mybatisplus.core.override.MybatisMapperProxy$DefaultMethodInvoker.invoke(MybatisMapperProxy.java:181) ~[mybatis-plus-core-3.5.11.jar!/:3.5.11]
	at com.baomidou.mybatisplus.core.override.MybatisMapperProxy.invoke(MybatisMapperProxy.java:92) ~[mybatis-plus-core-3.5.11.jar!/:3.5.11]
	at jdk.proxy2/jdk.proxy2.$Proxy205.selectPage(Unknown Source) ~[na:na]
	at java.base/jdk.internal.reflect.DirectMethodHandleAccessor.invoke(DirectMethodHandleAccessor.java:103) ~[na:na]
	at java.base/java.lang.reflect.Method.invoke(Method.java:580) ~[na:na]
	at org.springframework.aop.support.AopUtils.invokeJoinpointUsingReflection(AopUtils.java:359) ~[spring-aop-6.2.5.jar!/:6.2.5]
	at org.springframework.aop.framework.ReflectiveMethodInvocation.invokeJoinpoint(ReflectiveMethodInvocation.java:196) ~[spring-aop-6.2.5.jar!/:6.2.5]
	at org.springframework.aop.framework.ReflectiveMethodInvocation.proceed(ReflectiveMethodInvocation.java:163) ~[spring-aop-6.2.5.jar!/:6.2.5]
	at org.springframework.dao.support.PersistenceExceptionTranslationInterceptor.invoke(PersistenceExceptionTranslationInterceptor.java:138) ~[spring-tx-6.2.5.jar!/:6.2.5]
	at org.springframework.aop.framework.ReflectiveMethodInvocation.proceed(ReflectiveMethodInvocation.java:184) ~[spring-aop-6.2.5.jar!/:6.2.5]
	at org.springframework.aop.framework.JdkDynamicAopProxy.invoke(JdkDynamicAopProxy.java:223) ~[spring-aop-6.2.5.jar!/:6.2.5]
	at jdk.proxy2/jdk.proxy2.$Proxy206.selectPage(Unknown Source) ~[na:na]
	at com.baomidou.mybatisplus.extension.repository.IRepository.page(IRepository.java:342) ~[mybatis-plus-extension-3.5.11.jar!/:3.5.11]
	at java.base/jdk.internal.reflect.DirectMethodHandleAccessor.invoke(DirectMethodHandleAccessor.java:103) ~[na:na]
	at java.base/java.lang.reflect.Method.invoke(Method.java:580) ~[na:na]
	at org.springframework.aop.support.AopUtils.invokeJoinpointUsingReflection(AopUtils.java:359) ~[spring-aop-6.2.5.jar!/:6.2.5]
	at org.springframework.aop.framework.CglibAopProxy$DynamicAdvisedInterceptor.intercept(CglibAopProxy.java:723) ~[spring-aop-6.2.5.jar!/:6.2.5]
	at com.luohuo.flex.im.core.chat.dao.RoomGroupDao$$SpringCGLIB$$0.page(<generated>) ~[luohuo-im-biz-3.0.6.jar!/:3.0.6]
	at com.luohuo.flex.im.core.chat.service.impl.RoomServiceImpl.getGroupPage(RoomServiceImpl.java:125) ~[luohuo-im-biz-3.0.6.jar!/:3.0.6]
	at java.base/jdk.internal.reflect.DirectMethodHandleAccessor.invoke(DirectMethodHandleAccessor.java:103) ~[na:na]
	at java.base/java.lang.reflect.Method.invoke(Method.java:580) ~[na:na]
	at org.springframework.aop.support.AopUtils.invokeJoinpointUsingReflection(AopUtils.java:359) ~[spring-aop-6.2.5.jar!/:6.2.5]
	at org.springframework.aop.framework.CglibAopProxy$DynamicAdvisedInterceptor.intercept(CglibAopProxy.java:723) ~[spring-aop-6.2.5.jar!/:6.2.5]
	at com.luohuo.flex.im.core.chat.service.impl.RoomServiceImpl$$SpringCGLIB$$0.getGroupPage(<generated>) ~[luohuo-im-biz-3.0.6.jar!/:3.0.6]
	at com.luohuo.flex.im.core.chat.service.impl.RoomAppServiceImpl.getGroupPage(RoomAppServiceImpl.java:336) ~[luohuo-im-biz-3.0.6.jar!/:3.0.6]
	at java.base/jdk.internal.reflect.DirectMethodHandleAccessor.invoke(DirectMethodHandleAccessor.java:103) ~[na:na]
	at java.base/java.lang.reflect.Method.invoke(Method.java:580) ~[na:na]
	at org.springframework.aop.support.AopUtils.invokeJoinpointUsingReflection(AopUtils.java:359) ~[spring-aop-6.2.5.jar!/:6.2.5]
	at org.springframework.aop.framework.ReflectiveMethodInvocation.invokeJoinpoint(ReflectiveMethodInvocation.java:196) ~[spring-aop-6.2.5.jar!/:6.2.5]
	at org.springframework.aop.framework.ReflectiveMethodInvocation.proceed(ReflectiveMethodInvocation.java:163) ~[spring-aop-6.2.5.jar!/:6.2.5]
	at org.springframework.aop.interceptor.ExposeInvocationInterceptor.invoke(ExposeInvocationInterceptor.java:97) ~[spring-aop-6.2.5.jar!/:6.2.5]
	at org.springframework.aop.framework.ReflectiveMethodInvocation.proceed(ReflectiveMethodInvocation.java:184) ~[spring-aop-6.2.5.jar!/:6.2.5]
	at org.springframework.aop.framework.CglibAopProxy$DynamicAdvisedInterceptor.intercept(CglibAopProxy.java:727) ~[spring-aop-6.2.5.jar!/:6.2.5]
	at com.luohuo.flex.im.core.chat.service.impl.RoomAppServiceImpl$$SpringCGLIB$$0.getGroupPage(<generated>) ~[luohuo-im-biz-3.0.6.jar!/:3.0.6]
	at com.luohuo.flex.im.controller.chat.RoomController.getGroupPage(RoomController.java:225) ~[luohuo-im-controller-3.0.6.jar!/:3.0.6]
	at java.base/jdk.internal.reflect.DirectMethodHandleAccessor.invoke(DirectMethodHandleAccessor.java:103) ~[na:na]
	at java.base/java.lang.reflect.Method.invoke(Method.java:580) ~[na:na]
	at org.springframework.web.method.support.InvocableHandlerMethod.doInvoke(InvocableHandlerMethod.java:258) ~[spring-web-6.2.5.jar!/:6.2.5]
	at org.springframework.web.method.support.InvocableHandlerMethod.invokeForRequest(InvocableHandlerMethod.java:191) ~[spring-web-6.2.5.jar!/:6.2.5]
	at org.springframework.web.servlet.mvc.method.annotation.ServletInvocableHandlerMethod.invokeAndHandle(ServletInvocableHandlerMethod.java:118) ~[spring-webmvc-6.2.5.jar!/:6.2.5]
	at org.springframework.web.servlet.mvc.method.annotation.RequestMappingHandlerAdapter.invokeHandlerMethod(RequestMappingHandlerAdapter.java:986) ~[spring-webmvc-6.2.5.jar!/:6.2.5]
	at org.springframework.web.servlet.mvc.method.annotation.RequestMappingHandlerAdapter.handleInternal(RequestMappingHandlerAdapter.java:891) ~[spring-webmvc-6.2.5.jar!/:6.2.5]
	at org.springframework.web.servlet.mvc.method.AbstractHandlerMethodAdapter.handle(AbstractHandlerMethodAdapter.java:87) ~[spring-webmvc-6.2.5.jar!/:6.2.5]
	at org.springframework.web.servlet.DispatcherServlet.doDispatch(DispatcherServlet.java:1089) ~[spring-webmvc-6.2.5.jar!/:6.2.5]
	at org.springframework.web.servlet.DispatcherServlet.doService(DispatcherServlet.java:979) ~[spring-webmvc-6.2.5.jar!/:6.2.5]
	at org.springframework.web.servlet.FrameworkServlet.processRequest(FrameworkServlet.java:1014) ~[spring-webmvc-6.2.5.jar!/:6.2.5]
	at org.springframework.web.servlet.FrameworkServlet.doGet(FrameworkServlet.java:903) ~[spring-webmvc-6.2.5.jar!/:6.2.5]
	at jakarta.servlet.http.HttpServlet.service(HttpServlet.java:527) ~[jakarta.servlet-api-6.0.0.jar!/:6.0.0]
	at org.springframework.web.servlet.FrameworkServlet.service(FrameworkServlet.java:885) ~[spring-webmvc-6.2.5.jar!/:6.2.5]
	at jakarta.servlet.http.HttpServlet.service(HttpServlet.java:614) ~[jakarta.servlet-api-6.0.0.jar!/:6.0.0]
	at io.undertow.servlet.handlers.ServletHandler.handleRequest(ServletHandler.java:74) ~[undertow-servlet-2.3.18.Final.jar!/:2.3.18.Final]
	at io.undertow.servlet.handlers.FilterHandler$FilterChainImpl.doFilter(FilterHandler.java:129) ~[undertow-servlet-2.3.18.Final.jar!/:2.3.18.Final]
	at org.springframework.web.servlet.resource.ResourceUrlEncodingFilter.doFilter(ResourceUrlEncodingFilter.java:66) ~[spring-webmvc-6.2.5.jar!/:6.2.5]
	at io.undertow.servlet.core.ManagedFilter.doFilter(ManagedFilter.java:67) ~[undertow-servlet-2.3.18.Final.jar!/:2.3.18.Final]
	at io.undertow.servlet.handlers.FilterHandler$FilterChainImpl.doFilter(FilterHandler.java:131) ~[undertow-servlet-2.3.18.Final.jar!/:2.3.18.Final]
	at com.alibaba.druid.support.jakarta.WebStatFilter.doFilter(WebStatFilter.java:113) ~[druid-1.2.24.jar!/:na]
	at io.undertow.servlet.core.ManagedFilter.doFilter(ManagedFilter.java:67) ~[undertow-servlet-2.3.18.Final.jar!/:2.3.18.Final]
	at io.undertow.servlet.handlers.FilterHandler$FilterChainImpl.doFilter(FilterHandler.java:131) ~[undertow-servlet-2.3.18.Final.jar!/:2.3.18.Final]
	at com.luohuo.basic.xss.filter.XssFilter.doFilter(XssFilter.java:66) ~[luohuo-xss-starter-3.0.6.jar!/:3.0.6]
	at io.undertow.servlet.core.ManagedFilter.doFilter(ManagedFilter.java:67) ~[undertow-servlet-2.3.18.Final.jar!/:2.3.18.Final]
	at io.undertow.servlet.handlers.FilterHandler$FilterChainImpl.doFilter(FilterHandler.java:131) ~[undertow-servlet-2.3.18.Final.jar!/:2.3.18.Final]
	at cn.dev33.satoken.filter.SaFirewallCheckFilterForJakartaServlet.doFilter(SaFirewallCheckFilterForJakartaServlet.java:69) ~[sa-token-spring-boot3-starter-1.42.0.jar!/:na]
	at io.undertow.servlet.core.ManagedFilter.doFilter(ManagedFilter.java:67) ~[undertow-servlet-2.3.18.Final.jar!/:2.3.18.Final]
	at io.undertow.servlet.handlers.FilterHandler$FilterChainImpl.doFilter(FilterHandler.java:131) ~[undertow-servlet-2.3.18.Final.jar!/:2.3.18.Final]
	at cn.dev33.satoken.filter.SaTokenCorsFilterForJakartaServlet.doFilter(SaTokenCorsFilterForJakartaServlet.java:52) ~[sa-token-spring-boot3-starter-1.42.0.jar!/:na]
	at io.undertow.servlet.core.ManagedFilter.doFilter(ManagedFilter.java:67) ~[undertow-servlet-2.3.18.Final.jar!/:2.3.18.Final]
	at io.undertow.servlet.handlers.FilterHandler$FilterChainImpl.doFilter(FilterHandler.java:131) ~[undertow-servlet-2.3.18.Final.jar!/:2.3.18.Final]
	at cn.dev33.satoken.filter.SaTokenContextFilterForJakartaServlet.doFilter(SaTokenContextFilterForJakartaServlet.java:40) ~[sa-token-spring-boot3-starter-1.42.0.jar!/:na]
	at io.undertow.servlet.core.ManagedFilter.doFilter(ManagedFilter.java:67) ~[undertow-servlet-2.3.18.Final.jar!/:2.3.18.Final]
	at io.undertow.servlet.handlers.FilterHandler$FilterChainImpl.doFilter(FilterHandler.java:131) ~[undertow-servlet-2.3.18.Final.jar!/:2.3.18.Final]
	at com.luohuo.basic.tenant.core.web.TenantContextWebFilter.doFilterInternal(TenantContextWebFilter.java:29) ~[luohuo-tenant-3.0.6.jar!/:3.0.6]
	at org.springframework.web.filter.OncePerRequestFilter.doFilter(OncePerRequestFilter.java:116) ~[spring-web-6.2.5.jar!/:6.2.5]
	at io.undertow.servlet.core.ManagedFilter.doFilter(ManagedFilter.java:67) ~[undertow-servlet-2.3.18.Final.jar!/:2.3.18.Final]
	at io.undertow.servlet.handlers.FilterHandler$FilterChainImpl.doFilter(FilterHandler.java:131) ~[undertow-servlet-2.3.18.Final.jar!/:2.3.18.Final]
	at org.springframework.web.filter.RequestContextFilter.doFilterInternal(RequestContextFilter.java:100) ~[spring-web-6.2.5.jar!/:6.2.5]
	at org.springframework.web.filter.OncePerRequestFilter.doFilter(OncePerRequestFilter.java:116) ~[spring-web-6.2.5.jar!/:6.2.5]
	at io.undertow.servlet.core.ManagedFilter.doFilter(ManagedFilter.java:67) ~[undertow-servlet-2.3.18.Final.jar!/:2.3.18.Final]
	at io.undertow.servlet.handlers.FilterHandler$FilterChainImpl.doFilter(FilterHandler.java:131) ~[undertow-servlet-2.3.18.Final.jar!/:2.3.18.Final]
	at org.springframework.web.filter.FormContentFilter.doFilterInternal(FormContentFilter.java:93) ~[spring-web-6.2.5.jar!/:6.2.5]
	at org.springframework.web.filter.OncePerRequestFilter.doFilter(OncePerRequestFilter.java:116) ~[spring-web-6.2.5.jar!/:6.2.5]
	at io.undertow.servlet.core.ManagedFilter.doFilter(ManagedFilter.java:67) ~[undertow-servlet-2.3.18.Final.jar!/:2.3.18.Final]
	at io.undertow.servlet.handlers.FilterHandler$FilterChainImpl.doFilter(FilterHandler.java:131) ~[undertow-servlet-2.3.18.Final.jar!/:2.3.18.Final]
	at org.springframework.web.filter.ServerHttpObservationFilter.doFilterInternal(ServerHttpObservationFilter.java:114) ~[spring-web-6.2.5.jar!/:6.2.5]
	at org.springframework.web.filter.OncePerRequestFilter.doFilter(OncePerRequestFilter.java:116) ~[spring-web-6.2.5.jar!/:6.2.5]
	at io.undertow.servlet.core.ManagedFilter.doFilter(ManagedFilter.java:67) ~[undertow-servlet-2.3.18.Final.jar!/:2.3.18.Final]
	at io.undertow.servlet.handlers.FilterHandler$FilterChainImpl.doFilter(FilterHandler.java:131) ~[undertow-servlet-2.3.18.Final.jar!/:2.3.18.Final]
	at org.springframework.web.filter.CharacterEncodingFilter.doFilterInternal(CharacterEncodingFilter.java:201) ~[spring-web-6.2.5.jar!/:6.2.5]
	at org.springframework.web.filter.OncePerRequestFilter.doFilter(OncePerRequestFilter.java:116) ~[spring-web-6.2.5.jar!/:6.2.5]
	at io.undertow.servlet.core.ManagedFilter.doFilter(ManagedFilter.java:67) ~[undertow-servlet-2.3.18.Final.jar!/:2.3.18.Final]
	at io.undertow.servlet.handlers.FilterHandler$FilterChainImpl.doFilter(FilterHandler.java:131) ~[undertow-servlet-2.3.18.Final.jar!/:2.3.18.Final]
	at io.undertow.servlet.handlers.FilterHandler.handleRequest(FilterHandler.java:84) ~[undertow-servlet-2.3.18.Final.jar!/:2.3.18.Final]
	at io.undertow.servlet.handlers.security.ServletSecurityRoleHandler.handleRequest(ServletSecurityRoleHandler.java:62) ~[undertow-servlet-2.3.18.Final.jar!/:2.3.18.Final]
	at io.undertow.servlet.handlers.ServletChain$1.handleRequest(ServletChain.java:68) ~[undertow-servlet-2.3.18.Final.jar!/:2.3.18.Final]
	at io.undertow.servlet.handlers.ServletDispatchingHandler.handleRequest(ServletDispatchingHandler.java:36) ~[undertow-servlet-2.3.18.Final.jar!/:2.3.18.Final]
	at io.undertow.servlet.handlers.RedirectDirHandler.handleRequest(RedirectDirHandler.java:68) ~[undertow-servlet-2.3.18.Final.jar!/:2.3.18.Final]
	at io.undertow.servlet.handlers.security.SSLInformationAssociationHandler.handleRequest(SSLInformationAssociationHandler.java:117) ~[undertow-servlet-2.3.18.Final.jar!/:2.3.18.Final]
	at io.undertow.servlet.handlers.security.ServletAuthenticationCallHandler.handleRequest(ServletAuthenticationCallHandler.java:57) ~[undertow-servlet-2.3.18.Final.jar!/:2.3.18.Final]
	at io.undertow.server.handlers.PredicateHandler.handleRequest(PredicateHandler.java:43) ~[undertow-core-2.3.18.Final.jar!/:2.3.18.Final]
	at io.undertow.security.handlers.AbstractConfidentialityHandler.handleRequest(AbstractConfidentialityHandler.java:46) ~[undertow-core-2.3.18.Final.jar!/:2.3.18.Final]
	at io.undertow.servlet.handlers.security.ServletConfidentialityConstraintHandler.handleRequest(ServletConfidentialityConstraintHandler.java:64) ~[undertow-servlet-2.3.18.Final.jar!/:2.3.18.Final]
	at io.undertow.security.handlers.AuthenticationMechanismsHandler.handleRequest(AuthenticationMechanismsHandler.java:60) ~[undertow-core-2.3.18.Final.jar!/:2.3.18.Final]
	at io.undertow.servlet.handlers.security.CachedAuthenticatedSessionHandler.handleRequest(CachedAuthenticatedSessionHandler.java:77) ~[undertow-servlet-2.3.18.Final.jar!/:2.3.18.Final]
	at io.undertow.security.handlers.AbstractSecurityContextAssociationHandler.handleRequest(AbstractSecurityContextAssociationHandler.java:43) ~[undertow-core-2.3.18.Final.jar!/:2.3.18.Final]
	at io.undertow.server.handlers.PredicateHandler.handleRequest(PredicateHandler.java:43) ~[undertow-core-2.3.18.Final.jar!/:2.3.18.Final]
	at io.undertow.servlet.handlers.SendErrorPageHandler.handleRequest(SendErrorPageHandler.java:52) ~[undertow-servlet-2.3.18.Final.jar!/:2.3.18.Final]
	at io.undertow.server.handlers.PredicateHandler.handleRequest(PredicateHandler.java:43) ~[undertow-core-2.3.18.Final.jar!/:2.3.18.Final]
	at io.undertow.servlet.handlers.ServletInitialHandler.handleFirstRequest(ServletInitialHandler.java:276) ~[undertow-servlet-2.3.18.Final.jar!/:2.3.18.Final]
	at io.undertow.servlet.handlers.ServletInitialHandler$2.call(ServletInitialHandler.java:135) ~[undertow-servlet-2.3.18.Final.jar!/:2.3.18.Final]
	at io.undertow.servlet.handlers.ServletInitialHandler$2.call(ServletInitialHandler.java:132) ~[undertow-servlet-2.3.18.Final.jar!/:2.3.18.Final]
	at io.undertow.servlet.core.ServletRequestContextThreadSetupAction$1.call(ServletRequestContextThreadSetupAction.java:48) ~[undertow-servlet-2.3.18.Final.jar!/:2.3.18.Final]
	at io.undertow.servlet.core.ContextClassLoaderSetupAction$1.call(ContextClassLoaderSetupAction.java:43) ~[undertow-servlet-2.3.18.Final.jar!/:2.3.18.Final]
	at io.undertow.servlet.handlers.ServletInitialHandler.dispatchRequest(ServletInitialHandler.java:256) ~[undertow-servlet-2.3.18.Final.jar!/:2.3.18.Final]
	at io.undertow.servlet.handlers.ServletInitialHandler$1.handleRequest(ServletInitialHandler.java:101) ~[undertow-servlet-2.3.18.Final.jar!/:2.3.18.Final]
	at io.undertow.server.Connectors.executeRootHandler(Connectors.java:395) ~[undertow-core-2.3.18.Final.jar!/:2.3.18.Final]
	at io.undertow.server.HttpServerExchange$1.run(HttpServerExchange.java:861) ~[undertow-core-2.3.18.Final.jar!/:2.3.18.Final]
	at org.jboss.threads.ContextHandler$1.runWith(ContextHandler.java:18) ~[jboss-threads-3.5.0.Final.jar!/:3.5.0.Final]
	at org.jboss.threads.EnhancedQueueExecutor$Task.run(EnhancedQueueExecutor.java:2513) ~[jboss-threads-3.5.0.Final.jar!/:3.5.0.Final]
	at org.jboss.threads.EnhancedQueueExecutor$ThreadBody.run(EnhancedQueueExecutor.java:1538) ~[jboss-threads-3.5.0.Final.jar!/:3.5.0.Final]
	at org.xnio.XnioWorker$WorkerThreadFactory$1$1.run(XnioWorker.java:1282) ~[xnio-api-3.8.16.Final.jar!/:3.8.16.Final]
	at java.base/java.lang.Thread.run(Thread.java:1583) ~[na:na]
Caused by: org.apache.ibatis.exceptions.PersistenceException: 
### Error querying database.  Cause: java.lang.NullPointerException: ContextUtil 不存在租户编号！
### Cause: java.lang.NullPointerException: ContextUtil 不存在租户编号！
	at org.apache.ibatis.exceptions.ExceptionFactory.wrapException(ExceptionFactory.java:30) ~[mybatis-3.5.19.jar!/:3.5.19]
	at org.apache.ibatis.session.defaults.DefaultSqlSession.selectList(DefaultSqlSession.java:156) ~[mybatis-3.5.19.jar!/:3.5.19]
	at org.apache.ibatis.session.defaults.DefaultSqlSession.selectList(DefaultSqlSession.java:147) ~[mybatis-3.5.19.jar!/:3.5.19]
	at org.apache.ibatis.session.defaults.DefaultSqlSession.selectList(DefaultSqlSession.java:142) ~[mybatis-3.5.19.jar!/:3.5.19]
	at java.base/jdk.internal.reflect.DirectMethodHandleAccessor.invoke(DirectMethodHandleAccessor.java:103) ~[na:na]
	at java.base/java.lang.reflect.Method.invoke(Method.java:580) ~[na:na]
	at org.mybatis.spring.SqlSessionTemplate$SqlSessionInterceptor.invoke(SqlSessionTemplate.java:333) ~[mybatis-spring-3.0.4.jar!/:3.0.4]
	... 129 common frames omitted
Caused by: java.lang.NullPointerException: ContextUtil 不存在租户编号！
	at com.luohuo.basic.context.ContextUtil.getRequiredTenantId(ContextUtil.java:391) ~[luohuo-core-3.0.6.jar!/:3.0.6]
	at com.luohuo.basic.tenant.core.db.TenantDatabaseInterceptor.getTenantId(TenantDatabaseInterceptor.java:42) ~[luohuo-tenant-3.0.6.jar!/:3.0.6]
	at com.baomidou.mybatisplus.extension.plugins.inner.TenantLineInnerInterceptor.buildTableExpression(TenantLineInnerInterceptor.java:262) ~[mybatis-plus-jsqlparser-3.5.11.jar!/:3.5.11]
	at com.baomidou.mybatisplus.extension.plugins.inner.BaseMultiTableInnerInterceptor.lambda$builderExpression$3(BaseMultiTableInnerInterceptor.java:392) ~[mybatis-plus-jsqlparser-3.5.11.jar!/:3.5.11]
	at java.base/java.util.stream.ReferencePipeline$3$1.accept(ReferencePipeline.java:197) ~[na:na]
	at java.base/java.util.ArrayList$ArrayListSpliterator.forEachRemaining(ArrayList.java:1708) ~[na:na]
	at java.base/java.util.stream.AbstractPipeline.copyInto(AbstractPipeline.java:509) ~[na:na]
	at java.base/java.util.stream.AbstractPipeline.wrapAndCopyInto(AbstractPipeline.java:499) ~[na:na]
	at java.base/java.util.stream.ReduceOps$ReduceOp.evaluateSequential(ReduceOps.java:921) ~[na:na]
	at java.base/java.util.stream.AbstractPipeline.evaluate(AbstractPipeline.java:234) ~[na:na]
	at java.base/java.util.stream.ReferencePipeline.collect(ReferencePipeline.java:682) ~[na:na]
	at com.baomidou.mybatisplus.extension.plugins.inner.BaseMultiTableInnerInterceptor.builderExpression(BaseMultiTableInnerInterceptor.java:394) ~[mybatis-plus-jsqlparser-3.5.11.jar!/:3.5.11]
	at com.baomidou.mybatisplus.extension.plugins.inner.BaseMultiTableInnerInterceptor.processPlainSelect(BaseMultiTableInnerInterceptor.java:123) ~[mybatis-plus-jsqlparser-3.5.11.jar!/:3.5.11]
	at com.baomidou.mybatisplus.extension.plugins.inner.BaseMultiTableInnerInterceptor.processSelectBody(BaseMultiTableInnerInterceptor.java:64) ~[mybatis-plus-jsqlparser-3.5.11.jar!/:3.5.11]
	at com.baomidou.mybatisplus.extension.plugins.inner.TenantLineInnerInterceptor.processSelect(TenantLineInnerInterceptor.java:86) ~[mybatis-plus-jsqlparser-3.5.11.jar!/:3.5.11]
	at com.baomidou.mybatisplus.extension.parser.JsqlParserSupport.processParser(JsqlParserSupport.java:90) ~[mybatis-plus-jsqlparser-3.5.11.jar!/:3.5.11]
	at com.baomidou.mybatisplus.extension.parser.JsqlParserSupport.parserSingle(JsqlParserSupport.java:49) ~[mybatis-plus-jsqlparser-3.5.11.jar!/:3.5.11]
	at com.baomidou.mybatisplus.extension.plugins.inner.TenantLineInnerInterceptor.beforeQuery(TenantLineInnerInterceptor.java:66) ~[mybatis-plus-jsqlparser-3.5.11.jar!/:3.5.11]
	at com.baomidou.mybatisplus.extension.plugins.MybatisPlusInterceptor.intercept(MybatisPlusInterceptor.java:78) ~[mybatis-plus-extension-3.5.11.jar!/:3.5.11]
	at org.apache.ibatis.plugin.Plugin.invoke(Plugin.java:59) ~[mybatis-3.5.19.jar!/:3.5.19]
	at jdk.proxy2/jdk.proxy2.$Proxy225.query(Unknown Source) ~[na:na]
	at org.apache.ibatis.session.defaults.DefaultSqlSession.selectList(DefaultSqlSession.java:154) ~[mybatis-3.5.19.jar!/:3.5.19]
	... 134 common frames omitted

[luohuo-im-server:18778:] 2026-02-18 14:29:43.468[ WARN] 86366 [] [XNIO-2 task-2:14493089] [c.l.b.boot.handler.AbstractGlobalExceptionHandler.persistenceException:297] PersistenceException:

org.apache.ibatis.exceptions.PersistenceException: 
### Error querying database.  Cause: java.lang.NullPointerException: ContextUtil 不存在租户编号！
### Cause: java.lang.NullPointerException: ContextUtil 不存在租户编号！
	at org.apache.ibatis.exceptions.ExceptionFactory.wrapException(ExceptionFactory.java:30) ~[mybatis-3.5.19.jar!/:3.5.19]
	at org.apache.ibatis.session.defaults.DefaultSqlSession.selectList(DefaultSqlSession.java:156) ~[mybatis-3.5.19.jar!/:3.5.19]
	at org.apache.ibatis.session.defaults.DefaultSqlSession.selectList(DefaultSqlSession.java:147) ~[mybatis-3.5.19.jar!/:3.5.19]
	at org.apache.ibatis.session.defaults.DefaultSqlSession.selectList(DefaultSqlSession.java:142) ~[mybatis-3.5.19.jar!/:3.5.19]
	at java.base/jdk.internal.reflect.DirectMethodHandleAccessor.invoke(DirectMethodHandleAccessor.java:103) ~[na:na]
	at java.base/java.lang.reflect.Method.invoke(Method.java:580) ~[na:na]
	at org.mybatis.spring.SqlSessionTemplate$SqlSessionInterceptor.invoke(SqlSessionTemplate.java:333) ~[mybatis-spring-3.0.4.jar!/:3.0.4]
	at jdk.proxy2/jdk.proxy2.$Proxy168.selectList(Unknown Source) ~[na:na]
	at org.mybatis.spring.SqlSessionTemplate.selectList(SqlSessionTemplate.java:194) ~[mybatis-spring-3.0.4.jar!/:3.0.4]
	at com.baomidou.mybatisplus.core.override.MybatisMapperMethod.executeForMany(MybatisMapperMethod.java:164) ~[mybatis-plus-core-3.5.11.jar!/:3.5.11]
	at com.baomidou.mybatisplus.core.override.MybatisMapperMethod.execute(MybatisMapperMethod.java:77) ~[mybatis-plus-core-3.5.11.jar!/:3.5.11]
	at com.baomidou.mybatisplus.core.override.MybatisMapperProxy$PlainMethodInvoker.invoke(MybatisMapperProxy.java:155) ~[mybatis-plus-core-3.5.11.jar!/:3.5.11]
	at com.baomidou.mybatisplus.core.override.MybatisMapperProxy.invoke(MybatisMapperProxy.java:92) ~[mybatis-plus-core-3.5.11.jar!/:3.5.11]
	at jdk.proxy2/jdk.proxy2.$Proxy205.selectList(Unknown Source) ~[na:na]
	at com.baomidou.mybatisplus.core.mapper.BaseMapper.selectPage(BaseMapper.java:458) ~[mybatis-plus-core-3.5.11.jar!/:3.5.11]
	at java.base/java.lang.invoke.MethodHandle.invokeWithArguments(MethodHandle.java:733) ~[na:na]
	at com.baomidou.mybatisplus.core.override.MybatisMapperProxy$DefaultMethodInvoker.invoke(MybatisMapperProxy.java:181) ~[mybatis-plus-core-3.5.11.jar!/:3.5.11]
	at com.baomidou.mybatisplus.core.override.MybatisMapperProxy.invoke(MybatisMapperProxy.java:92) ~[mybatis-plus-core-3.5.11.jar!/:3.5.11]
	at jdk.proxy2/jdk.proxy2.$Proxy205.selectPage(Unknown Source) ~[na:na]
	at java.base/jdk.internal.reflect.DirectMethodHandleAccessor.invoke(DirectMethodHandleAccessor.java:103) ~[na:na]
	at java.base/java.lang.reflect.Method.invoke(Method.java:580) ~[na:na]
	at org.springframework.aop.support.AopUtils.invokeJoinpointUsingReflection(AopUtils.java:359) ~[spring-aop-6.2.5.jar!/:6.2.5]
	at org.springframework.aop.framework.ReflectiveMethodInvocation.invokeJoinpoint(ReflectiveMethodInvocation.java:196) ~[spring-aop-6.2.5.jar!/:6.2.5]
	at org.springframework.aop.framework.ReflectiveMethodInvocation.proceed(ReflectiveMethodInvocation.java:163) ~[spring-aop-6.2.5.jar!/:6.2.5]
	at org.springframework.dao.support.PersistenceExceptionTranslationInterceptor.invoke(PersistenceExceptionTranslationInterceptor.java:138) ~[spring-tx-6.2.5.jar!/:6.2.5]
	at org.springframework.aop.framework.ReflectiveMethodInvocation.proceed(ReflectiveMethodInvocation.java:184) ~[spring-aop-6.2.5.jar!/:6.2.5]
	at org.springframework.aop.framework.JdkDynamicAopProxy.invoke(JdkDynamicAopProxy.java:223) ~[spring-aop-6.2.5.jar!/:6.2.5]
	at jdk.proxy2/jdk.proxy2.$Proxy206.selectPage(Unknown Source) ~[na:na]
	at com.baomidou.mybatisplus.extension.repository.IRepository.page(IRepository.java:342) ~[mybatis-plus-extension-3.5.11.jar!/:3.5.11]
	at java.base/jdk.internal.reflect.DirectMethodHandleAccessor.invoke(DirectMethodHandleAccessor.java:103) ~[na:na]
	at java.base/java.lang.reflect.Method.invoke(Method.java:580) ~[na:na]
	at org.springframework.aop.support.AopUtils.invokeJoinpointUsingReflection(AopUtils.java:359) ~[spring-aop-6.2.5.jar!/:6.2.5]
	at org.springframework.aop.framework.CglibAopProxy$DynamicAdvisedInterceptor.intercept(CglibAopProxy.java:723) ~[spring-aop-6.2.5.jar!/:6.2.5]
	at com.luohuo.flex.im.core.chat.dao.RoomGroupDao$$SpringCGLIB$$0.page(<generated>) ~[luohuo-im-biz-3.0.6.jar!/:3.0.6]
	at com.luohuo.flex.im.core.chat.service.impl.RoomServiceImpl.getGroupPage(RoomServiceImpl.java:125) ~[luohuo-im-biz-3.0.6.jar!/:3.0.6]
	at java.base/jdk.internal.reflect.DirectMethodHandleAccessor.invoke(DirectMethodHandleAccessor.java:103) ~[na:na]
	at java.base/java.lang.reflect.Method.invoke(Method.java:580) ~[na:na]
	at org.springframework.aop.support.AopUtils.invokeJoinpointUsingReflection(AopUtils.java:359) ~[spring-aop-6.2.5.jar!/:6.2.5]
	at org.springframework.aop.framework.CglibAopProxy$DynamicAdvisedInterceptor.intercept(CglibAopProxy.java:723) ~[spring-aop-6.2.5.jar!/:6.2.5]
	at com.luohuo.flex.im.core.chat.service.impl.RoomServiceImpl$$SpringCGLIB$$0.getGroupPage(<generated>) ~[luohuo-im-biz-3.0.6.jar!/:3.0.6]
	at com.luohuo.flex.im.core.chat.service.impl.RoomAppServiceImpl.getGroupPage(RoomAppServiceImpl.java:336) ~[luohuo-im-biz-3.0.6.jar!/:3.0.6]
	at java.base/jdk.internal.reflect.DirectMethodHandleAccessor.invoke(DirectMethodHandleAccessor.java:103) ~[na:na]
	at java.base/java.lang.reflect.Method.invoke(Method.java:580) ~[na:na]
	at org.springframework.aop.support.AopUtils.invokeJoinpointUsingReflection(AopUtils.java:359) ~[spring-aop-6.2.5.jar!/:6.2.5]
	at org.springframework.aop.framework.ReflectiveMethodInvocation.invokeJoinpoint(ReflectiveMethodInvocation.java:196) ~[spring-aop-6.2.5.jar!/:6.2.5]
	at org.springframework.aop.framework.ReflectiveMethodInvocation.proceed(ReflectiveMethodInvocation.java:163) ~[spring-aop-6.2.5.jar!/:6.2.5]
	at org.springframework.aop.interceptor.ExposeInvocationInterceptor.invoke(ExposeInvocationInterceptor.java:97) ~[spring-aop-6.2.5.jar!/:6.2.5]
	at org.springframework.aop.framework.ReflectiveMethodInvocation.proceed(ReflectiveMethodInvocation.java:184) ~[spring-aop-6.2.5.jar!/:6.2.5]
	at org.springframework.aop.framework.CglibAopProxy$DynamicAdvisedInterceptor.intercept(CglibAopProxy.java:727) ~[spring-aop-6.2.5.jar!/:6.2.5]
	at com.luohuo.flex.im.core.chat.service.impl.RoomAppServiceImpl$$SpringCGLIB$$0.getGroupPage(<generated>) ~[luohuo-im-biz-3.0.6.jar!/:3.0.6]
	at com.luohuo.flex.im.controller.chat.RoomController.getGroupPage(RoomController.java:225) ~[luohuo-im-controller-3.0.6.jar!/:3.0.6]
	at java.base/jdk.internal.reflect.DirectMethodHandleAccessor.invoke(DirectMethodHandleAccessor.java:103) ~[na:na]
	at java.base/java.lang.reflect.Method.invoke(Method.java:580) ~[na:na]
	at org.springframework.web.method.support.InvocableHandlerMethod.doInvoke(InvocableHandlerMethod.java:258) ~[spring-web-6.2.5.jar!/:6.2.5]
	at org.springframework.web.method.support.InvocableHandlerMethod.invokeForRequest(InvocableHandlerMethod.java:191) ~[spring-web-6.2.5.jar!/:6.2.5]
	at org.springframework.web.servlet.mvc.method.annotation.ServletInvocableHandlerMethod.invokeAndHandle(ServletInvocableHandlerMethod.java:118) ~[spring-webmvc-6.2.5.jar!/:6.2.5]
	at org.springframework.web.servlet.mvc.method.annotation.RequestMappingHandlerAdapter.invokeHandlerMethod(RequestMappingHandlerAdapter.java:986) ~[spring-webmvc-6.2.5.jar!/:6.2.5]
	at org.springframework.web.servlet.mvc.method.annotation.RequestMappingHandlerAdapter.handleInternal(RequestMappingHandlerAdapter.java:891) ~[spring-webmvc-6.2.5.jar!/:6.2.5]
	at org.springframework.web.servlet.mvc.method.AbstractHandlerMethodAdapter.handle(AbstractHandlerMethodAdapter.java:87) ~[spring-webmvc-6.2.5.jar!/:6.2.5]
	at org.springframework.web.servlet.DispatcherServlet.doDispatch(DispatcherServlet.java:1089) ~[spring-webmvc-6.2.5.jar!/:6.2.5]
	at org.springframework.web.servlet.DispatcherServlet.doService(DispatcherServlet.java:979) ~[spring-webmvc-6.2.5.jar!/:6.2.5]
	at org.springframework.web.servlet.FrameworkServlet.processRequest(FrameworkServlet.java:1014) ~[spring-webmvc-6.2.5.jar!/:6.2.5]
	at org.springframework.web.servlet.FrameworkServlet.doGet(FrameworkServlet.java:903) ~[spring-webmvc-6.2.5.jar!/:6.2.5]
	at jakarta.servlet.http.HttpServlet.service(HttpServlet.java:527) ~[jakarta.servlet-api-6.0.0.jar!/:6.0.0]
	at org.springframework.web.servlet.FrameworkServlet.service(FrameworkServlet.java:885) ~[spring-webmvc-6.2.5.jar!/:6.2.5]
	at jakarta.servlet.http.HttpServlet.service(HttpServlet.java:614) ~[jakarta.servlet-api-6.0.0.jar!/:6.0.0]
	at io.undertow.servlet.handlers.ServletHandler.handleRequest(ServletHandler.java:74) ~[undertow-servlet-2.3.18.Final.jar!/:2.3.18.Final]
	at io.undertow.servlet.handlers.FilterHandler$FilterChainImpl.doFilter(FilterHandler.java:129) ~[undertow-servlet-2.3.18.Final.jar!/:2.3.18.Final]
	at org.springframework.web.servlet.resource.ResourceUrlEncodingFilter.doFilter(ResourceUrlEncodingFilter.java:66) ~[spring-webmvc-6.2.5.jar!/:6.2.5]
	at io.undertow.servlet.core.ManagedFilter.doFilter(ManagedFilter.java:67) ~[undertow-servlet-2.3.18.Final.jar!/:2.3.18.Final]
	at io.undertow.servlet.handlers.FilterHandler$FilterChainImpl.doFilter(FilterHandler.java:131) ~[undertow-servlet-2.3.18.Final.jar!/:2.3.18.Final]
	at com.alibaba.druid.support.jakarta.WebStatFilter.doFilter(WebStatFilter.java:113) ~[druid-1.2.24.jar!/:na]
	at io.undertow.servlet.core.ManagedFilter.doFilter(ManagedFilter.java:67) ~[undertow-servlet-2.3.18.Final.jar!/:2.3.18.Final]
	at io.undertow.servlet.handlers.FilterHandler$FilterChainImpl.doFilter(FilterHandler.java:131) ~[undertow-servlet-2.3.18.Final.jar!/:2.3.18.Final]
	at com.luohuo.basic.xss.filter.XssFilter.doFilter(XssFilter.java:66) ~[luohuo-xss-starter-3.0.6.jar!/:3.0.6]
	at io.undertow.servlet.core.ManagedFilter.doFilter(ManagedFilter.java:67) ~[undertow-servlet-2.3.18.Final.jar!/:2.3.18.Final]
	at io.undertow.servlet.handlers.FilterHandler$FilterChainImpl.doFilter(FilterHandler.java:131) ~[undertow-servlet-2.3.18.Final.jar!/:2.3.18.Final]
	at cn.dev33.satoken.filter.SaFirewallCheckFilterForJakartaServlet.doFilter(SaFirewallCheckFilterForJakartaServlet.java:69) ~[sa-token-spring-boot3-starter-1.42.0.jar!/:na]
	at io.undertow.servlet.core.ManagedFilter.doFilter(ManagedFilter.java:67) ~[undertow-servlet-2.3.18.Final.jar!/:2.3.18.Final]
	at io.undertow.servlet.handlers.FilterHandler$FilterChainImpl.doFilter(FilterHandler.java:131) ~[undertow-servlet-2.3.18.Final.jar!/:2.3.18.Final]
	at cn.dev33.satoken.filter.SaTokenCorsFilterForJakartaServlet.doFilter(SaTokenCorsFilterForJakartaServlet.java:52) ~[sa-token-spring-boot3-starter-1.42.0.jar!/:na]
	at io.undertow.servlet.core.ManagedFilter.doFilter(ManagedFilter.java:67) ~[undertow-servlet-2.3.18.Final.jar!/:2.3.18.Final]
	at io.undertow.servlet.handlers.FilterHandler$FilterChainImpl.doFilter(FilterHandler.java:131) ~[undertow-servlet-2.3.18.Final.jar!/:2.3.18.Final]
	at cn.dev33.satoken.filter.SaTokenContextFilterForJakartaServlet.doFilter(SaTokenContextFilterForJakartaServlet.java:40) ~[sa-token-spring-boot3-starter-1.42.0.jar!/:na]
	at io.undertow.servlet.core.ManagedFilter.doFilter(ManagedFilter.java:67) ~[undertow-servlet-2.3.18.Final.jar!/:2.3.18.Final]
	at io.undertow.servlet.handlers.FilterHandler$FilterChainImpl.doFilter(FilterHandler.java:131) ~[undertow-servlet-2.3.18.Final.jar!/:2.3.18.Final]
	at com.luohuo.basic.tenant.core.web.TenantContextWebFilter.doFilterInternal(TenantContextWebFilter.java:29) ~[luohuo-tenant-3.0.6.jar!/:3.0.6]
	at org.springframework.web.filter.OncePerRequestFilter.doFilter(OncePerRequestFilter.java:116) ~[spring-web-6.2.5.jar!/:6.2.5]
	at io.undertow.servlet.core.ManagedFilter.doFilter(ManagedFilter.java:67) ~[undertow-servlet-2.3.18.Final.jar!/:2.3.18.Final]
	at io.undertow.servlet.handlers.FilterHandler$FilterChainImpl.doFilter(FilterHandler.java:131) ~[undertow-servlet-2.3.18.Final.jar!/:2.3.18.Final]
	at org.springframework.web.filter.RequestContextFilter.doFilterInternal(RequestContextFilter.java:100) ~[spring-web-6.2.5.jar!/:6.2.5]
	at org.springframework.web.filter.OncePerRequestFilter.doFilter(OncePerRequestFilter.java:116) ~[spring-web-6.2.5.jar!/:6.2.5]
	at io.undertow.servlet.core.ManagedFilter.doFilter(ManagedFilter.java:67) ~[undertow-servlet-2.3.18.Final.jar!/:2.3.18.Final]
	at io.undertow.servlet.handlers.FilterHandler$FilterChainImpl.doFilter(FilterHandler.java:131) ~[undertow-servlet-2.3.18.Final.jar!/:2.3.18.Final]
	at org.springframework.web.filter.FormContentFilter.doFilterInternal(FormContentFilter.java:93) ~[spring-web-6.2.5.jar!/:6.2.5]
	at org.springframework.web.filter.OncePerRequestFilter.doFilter(OncePerRequestFilter.java:116) ~[spring-web-6.2.5.jar!/:6.2.5]
	at io.undertow.servlet.core.ManagedFilter.doFilter(ManagedFilter.java:67) ~[undertow-servlet-2.3.18.Final.jar!/:2.3.18.Final]
	at io.undertow.servlet.handlers.FilterHandler$FilterChainImpl.doFilter(FilterHandler.java:131) ~[undertow-servlet-2.3.18.Final.jar!/:2.3.18.Final]
	at org.springframework.web.filter.ServerHttpObservationFilter.doFilterInternal(ServerHttpObservationFilter.java:114) ~[spring-web-6.2.5.jar!/:6.2.5]
	at org.springframework.web.filter.OncePerRequestFilter.doFilter(OncePerRequestFilter.java:116) ~[spring-web-6.2.5.jar!/:6.2.5]
	at io.undertow.servlet.core.ManagedFilter.doFilter(ManagedFilter.java:67) ~[undertow-servlet-2.3.18.Final.jar!/:2.3.18.Final]
	at io.undertow.servlet.handlers.FilterHandler$FilterChainImpl.doFilter(FilterHandler.java:131) ~[undertow-servlet-2.3.18.Final.jar!/:2.3.18.Final]
	at org.springframework.web.filter.CharacterEncodingFilter.doFilterInternal(CharacterEncodingFilter.java:201) ~[spring-web-6.2.5.jar!/:6.2.5]
	at org.springframework.web.filter.OncePerRequestFilter.doFilter(OncePerRequestFilter.java:116) ~[spring-web-6.2.5.jar!/:6.2.5]
	at io.undertow.servlet.core.ManagedFilter.doFilter(ManagedFilter.java:67) ~[undertow-servlet-2.3.18.Final.jar!/:2.3.18.Final]
	at io.undertow.servlet.handlers.FilterHandler$FilterChainImpl.doFilter(FilterHandler.java:131) ~[undertow-servlet-2.3.18.Final.jar!/:2.3.18.Final]
	at io.undertow.servlet.handlers.FilterHandler.handleRequest(FilterHandler.java:84) ~[undertow-servlet-2.3.18.Final.jar!/:2.3.18.Final]
	at io.undertow.servlet.handlers.security.ServletSecurityRoleHandler.handleRequest(ServletSecurityRoleHandler.java:62) ~[undertow-servlet-2.3.18.Final.jar!/:2.3.18.Final]
	at io.undertow.servlet.handlers.ServletChain$1.handleRequest(ServletChain.java:68) ~[undertow-servlet-2.3.18.Final.jar!/:2.3.18.Final]
	at io.undertow.servlet.handlers.ServletDispatchingHandler.handleRequest(ServletDispatchingHandler.java:36) ~[undertow-servlet-2.3.18.Final.jar!/:2.3.18.Final]
	at io.undertow.servlet.handlers.RedirectDirHandler.handleRequest(RedirectDirHandler.java:68) ~[undertow-servlet-2.3.18.Final.jar!/:2.3.18.Final]
	at io.undertow.servlet.handlers.security.SSLInformationAssociationHandler.handleRequest(SSLInformationAssociationHandler.java:117) ~[undertow-servlet-2.3.18.Final.jar!/:2.3.18.Final]
	at io.undertow.servlet.handlers.security.ServletAuthenticationCallHandler.handleRequest(ServletAuthenticationCallHandler.java:57) ~[undertow-servlet-2.3.18.Final.jar!/:2.3.18.Final]
	at io.undertow.server.handlers.PredicateHandler.handleRequest(PredicateHandler.java:43) ~[undertow-core-2.3.18.Final.jar!/:2.3.18.Final]
	at io.undertow.security.handlers.AbstractConfidentialityHandler.handleRequest(AbstractConfidentialityHandler.java:46) ~[undertow-core-2.3.18.Final.jar!/:2.3.18.Final]
	at io.undertow.servlet.handlers.security.ServletConfidentialityConstraintHandler.handleRequest(ServletConfidentialityConstraintHandler.java:64) ~[undertow-servlet-2.3.18.Final.jar!/:2.3.18.Final]
	at io.undertow.security.handlers.AuthenticationMechanismsHandler.handleRequest(AuthenticationMechanismsHandler.java:60) ~[undertow-core-2.3.18.Final.jar!/:2.3.18.Final]
	at io.undertow.servlet.handlers.security.CachedAuthenticatedSessionHandler.handleRequest(CachedAuthenticatedSessionHandler.java:77) ~[undertow-servlet-2.3.18.Final.jar!/:2.3.18.Final]
	at io.undertow.security.handlers.AbstractSecurityContextAssociationHandler.handleRequest(AbstractSecurityContextAssociationHandler.java:43) ~[undertow-core-2.3.18.Final.jar!/:2.3.18.Final]
	at io.undertow.server.handlers.PredicateHandler.handleRequest(PredicateHandler.java:43) ~[undertow-core-2.3.18.Final.jar!/:2.3.18.Final]
	at io.undertow.servlet.handlers.SendErrorPageHandler.handleRequest(SendErrorPageHandler.java:52) ~[undertow-servlet-2.3.18.Final.jar!/:2.3.18.Final]
	at io.undertow.server.handlers.PredicateHandler.handleRequest(PredicateHandler.java:43) ~[undertow-core-2.3.18.Final.jar!/:2.3.18.Final]
	at io.undertow.servlet.handlers.ServletInitialHandler.handleFirstRequest(ServletInitialHandler.java:276) ~[undertow-servlet-2.3.18.Final.jar!/:2.3.18.Final]
	at io.undertow.servlet.handlers.ServletInitialHandler$2.call(ServletInitialHandler.java:135) ~[undertow-servlet-2.3.18.Final.jar!/:2.3.18.Final]
	at io.undertow.servlet.handlers.ServletInitialHandler$2.call(ServletInitialHandler.java:132) ~[undertow-servlet-2.3.18.Final.jar!/:2.3.18.Final]
	at io.undertow.servlet.core.ServletRequestContextThreadSetupAction$1.call(ServletRequestContextThreadSetupAction.java:48) ~[undertow-servlet-2.3.18.Final.jar!/:2.3.18.Final]
	at io.undertow.servlet.core.ContextClassLoaderSetupAction$1.call(ContextClassLoaderSetupAction.java:43) ~[undertow-servlet-2.3.18.Final.jar!/:2.3.18.Final]
	at io.undertow.servlet.handlers.ServletInitialHandler.dispatchRequest(ServletInitialHandler.java:256) ~[undertow-servlet-2.3.18.Final.jar!/:2.3.18.Final]
	at io.undertow.servlet.handlers.ServletInitialHandler$1.handleRequest(ServletInitialHandler.java:101) ~[undertow-servlet-2.3.18.Final.jar!/:2.3.18.Final]
	at io.undertow.server.Connectors.executeRootHandler(Connectors.java:395) ~[undertow-core-2.3.18.Final.jar!/:2.3.18.Final]
	at io.undertow.server.HttpServerExchange$1.run(HttpServerExchange.java:861) ~[undertow-core-2.3.18.Final.jar!/:2.3.18.Final]
	at org.jboss.threads.ContextHandler$1.runWith(ContextHandler.java:18) ~[jboss-threads-3.5.0.Final.jar!/:3.5.0.Final]
	at org.jboss.threads.EnhancedQueueExecutor$Task.run(EnhancedQueueExecutor.java:2513) ~[jboss-threads-3.5.0.Final.jar!/:3.5.0.Final]
	at org.jboss.threads.EnhancedQueueExecutor$ThreadBody.run(EnhancedQueueExecutor.java:1538) ~[jboss-threads-3.5.0.Final.jar!/:3.5.0.Final]
	at org.xnio.XnioWorker$WorkerThreadFactory$1$1.run(XnioWorker.java:1282) ~[xnio-api-3.8.16.Final.jar!/:3.8.16.Final]
	at java.base/java.lang.Thread.run(Thread.java:1583) ~[na:na]
Caused by: java.lang.NullPointerException: ContextUtil 不存在租户编号！
	at com.luohuo.basic.context.ContextUtil.getRequiredTenantId(ContextUtil.java:391) ~[luohuo-core-3.0.6.jar!/:3.0.6]
	at com.luohuo.basic.tenant.core.db.TenantDatabaseInterceptor.getTenantId(TenantDatabaseInterceptor.java:42) ~[luohuo-tenant-3.0.6.jar!/:3.0.6]
	at com.baomidou.mybatisplus.extension.plugins.inner.TenantLineInnerInterceptor.buildTableExpression(TenantLineInnerInterceptor.java:262) ~[mybatis-plus-jsqlparser-3.5.11.jar!/:3.5.11]
	at com.baomidou.mybatisplus.extension.plugins.inner.BaseMultiTableInnerInterceptor.lambda$builderExpression$3(BaseMultiTableInnerInterceptor.java:392) ~[mybatis-plus-jsqlparser-3.5.11.jar!/:3.5.11]
	at java.base/java.util.stream.ReferencePipeline$3$1.accept(ReferencePipeline.java:197) ~[na:na]
	at java.base/java.util.ArrayList$ArrayListSpliterator.forEachRemaining(ArrayList.java:1708) ~[na:na]
	at java.base/java.util.stream.AbstractPipeline.copyInto(AbstractPipeline.java:509) ~[na:na]
	at java.base/java.util.stream.AbstractPipeline.wrapAndCopyInto(AbstractPipeline.java:499) ~[na:na]
	at java.base/java.util.stream.ReduceOps$ReduceOp.evaluateSequential(ReduceOps.java:921) ~[na:na]
	at java.base/java.util.stream.AbstractPipeline.evaluate(AbstractPipeline.java:234) ~[na:na]
	at java.base/java.util.stream.ReferencePipeline.collect(ReferencePipeline.java:682) ~[na:na]
	at com.baomidou.mybatisplus.extension.plugins.inner.BaseMultiTableInnerInterceptor.builderExpression(BaseMultiTableInnerInterceptor.java:394) ~[mybatis-plus-jsqlparser-3.5.11.jar!/:3.5.11]
	at com.baomidou.mybatisplus.extension.plugins.inner.BaseMultiTableInnerInterceptor.processPlainSelect(BaseMultiTableInnerInterceptor.java:123) ~[mybatis-plus-jsqlparser-3.5.11.jar!/:3.5.11]
	at com.baomidou.mybatisplus.extension.plugins.inner.BaseMultiTableInnerInterceptor.processSelectBody(BaseMultiTableInnerInterceptor.java:64) ~[mybatis-plus-jsqlparser-3.5.11.jar!/:3.5.11]
	at com.baomidou.mybatisplus.extension.plugins.inner.TenantLineInnerInterceptor.processSelect(TenantLineInnerInterceptor.java:86) ~[mybatis-plus-jsqlparser-3.5.11.jar!/:3.5.11]
	at com.baomidou.mybatisplus.extension.parser.JsqlParserSupport.processParser(JsqlParserSupport.java:90) ~[mybatis-plus-jsqlparser-3.5.11.jar!/:3.5.11]
	at com.baomidou.mybatisplus.extension.parser.JsqlParserSupport.parserSingle(JsqlParserSupport.java:49) ~[mybatis-plus-jsqlparser-3.5.11.jar!/:3.5.11]
	at com.baomidou.mybatisplus.extension.plugins.inner.TenantLineInnerInterceptor.beforeQuery(TenantLineInnerInterceptor.java:66) ~[mybatis-plus-jsqlparser-3.5.11.jar!/:3.5.11]
	at com.baomidou.mybatisplus.extension.plugins.MybatisPlusInterceptor.intercept(MybatisPlusInterceptor.java:78) ~[mybatis-plus-extension-3.5.11.jar!/:3.5.11]
	at org.apache.ibatis.plugin.Plugin.invoke(Plugin.java:59) ~[mybatis-3.5.19.jar!/:3.5.19]
	at jdk.proxy2/jdk.proxy2.$Proxy225.query(Unknown Source) ~[na:na]
	at org.apache.ibatis.session.defaults.DefaultSqlSession.selectList(DefaultSqlSession.java:154) ~[mybatis-3.5.19.jar!/:3.5.19]
	... 134 common frames omitted

[luohuo-im-server:18778:] 2026-02-18 14:30:59.232[ WARN] 86366 [] [XNIO-2 task-2:14568853] [c.l.b.boot.handler.AbstractGlobalExceptionHandler.myBatisSystemException:307] PersistenceException:

org.mybatis.spring.MyBatisSystemException: 
### Error querying database.  Cause: java.lang.NullPointerException: ContextUtil 不存在租户编号！
### Cause: java.lang.NullPointerException: ContextUtil 不存在租户编号！
	at org.mybatis.spring.MyBatisExceptionTranslator.translateExceptionIfPossible(MyBatisExceptionTranslator.java:99) ~[mybatis-spring-3.0.4.jar!/:3.0.4]
	at org.mybatis.spring.SqlSessionTemplate$SqlSessionInterceptor.invoke(SqlSessionTemplate.java:347) ~[mybatis-spring-3.0.4.jar!/:3.0.4]
	at jdk.proxy2/jdk.proxy2.$Proxy168.selectList(Unknown Source) ~[na:na]
	at org.mybatis.spring.SqlSessionTemplate.selectList(SqlSessionTemplate.java:194) ~[mybatis-spring-3.0.4.jar!/:3.0.4]
	at com.baomidou.mybatisplus.core.override.MybatisMapperMethod.executeForMany(MybatisMapperMethod.java:164) ~[mybatis-plus-core-3.5.11.jar!/:3.5.11]
	at com.baomidou.mybatisplus.core.override.MybatisMapperMethod.execute(MybatisMapperMethod.java:77) ~[mybatis-plus-core-3.5.11.jar!/:3.5.11]
	at com.baomidou.mybatisplus.core.override.MybatisMapperProxy$PlainMethodInvoker.invoke(MybatisMapperProxy.java:155) ~[mybatis-plus-core-3.5.11.jar!/:3.5.11]
	at com.baomidou.mybatisplus.core.override.MybatisMapperProxy.invoke(MybatisMapperProxy.java:92) ~[mybatis-plus-core-3.5.11.jar!/:3.5.11]
	at jdk.proxy2/jdk.proxy2.$Proxy205.selectList(Unknown Source) ~[na:na]
	at com.baomidou.mybatisplus.core.mapper.BaseMapper.selectPage(BaseMapper.java:458) ~[mybatis-plus-core-3.5.11.jar!/:3.5.11]
	at java.base/java.lang.invoke.MethodHandle.invokeWithArguments(MethodHandle.java:733) ~[na:na]
	at com.baomidou.mybatisplus.core.override.MybatisMapperProxy$DefaultMethodInvoker.invoke(MybatisMapperProxy.java:181) ~[mybatis-plus-core-3.5.11.jar!/:3.5.11]
	at com.baomidou.mybatisplus.core.override.MybatisMapperProxy.invoke(MybatisMapperProxy.java:92) ~[mybatis-plus-core-3.5.11.jar!/:3.5.11]
	at jdk.proxy2/jdk.proxy2.$Proxy205.selectPage(Unknown Source) ~[na:na]
	at java.base/jdk.internal.reflect.DirectMethodHandleAccessor.invoke(DirectMethodHandleAccessor.java:103) ~[na:na]
	at java.base/java.lang.reflect.Method.invoke(Method.java:580) ~[na:na]
	at org.springframework.aop.support.AopUtils.invokeJoinpointUsingReflection(AopUtils.java:359) ~[spring-aop-6.2.5.jar!/:6.2.5]
	at org.springframework.aop.framework.ReflectiveMethodInvocation.invokeJoinpoint(ReflectiveMethodInvocation.java:196) ~[spring-aop-6.2.5.jar!/:6.2.5]
	at org.springframework.aop.framework.ReflectiveMethodInvocation.proceed(ReflectiveMethodInvocation.java:163) ~[spring-aop-6.2.5.jar!/:6.2.5]
	at org.springframework.dao.support.PersistenceExceptionTranslationInterceptor.invoke(PersistenceExceptionTranslationInterceptor.java:138) ~[spring-tx-6.2.5.jar!/:6.2.5]
	at org.springframework.aop.framework.ReflectiveMethodInvocation.proceed(ReflectiveMethodInvocation.java:184) ~[spring-aop-6.2.5.jar!/:6.2.5]
	at org.springframework.aop.framework.JdkDynamicAopProxy.invoke(JdkDynamicAopProxy.java:223) ~[spring-aop-6.2.5.jar!/:6.2.5]
	at jdk.proxy2/jdk.proxy2.$Proxy206.selectPage(Unknown Source) ~[na:na]
	at com.baomidou.mybatisplus.extension.repository.IRepository.page(IRepository.java:342) ~[mybatis-plus-extension-3.5.11.jar!/:3.5.11]
	at java.base/jdk.internal.reflect.DirectMethodHandleAccessor.invoke(DirectMethodHandleAccessor.java:103) ~[na:na]
	at java.base/java.lang.reflect.Method.invoke(Method.java:580) ~[na:na]
	at org.springframework.aop.support.AopUtils.invokeJoinpointUsingReflection(AopUtils.java:359) ~[spring-aop-6.2.5.jar!/:6.2.5]
	at org.springframework.aop.framework.CglibAopProxy$DynamicAdvisedInterceptor.intercept(CglibAopProxy.java:723) ~[spring-aop-6.2.5.jar!/:6.2.5]
	at com.luohuo.flex.im.core.chat.dao.RoomGroupDao$$SpringCGLIB$$0.page(<generated>) ~[luohuo-im-biz-3.0.6.jar!/:3.0.6]
	at com.luohuo.flex.im.core.chat.service.impl.RoomServiceImpl.getGroupPage(RoomServiceImpl.java:125) ~[luohuo-im-biz-3.0.6.jar!/:3.0.6]
	at java.base/jdk.internal.reflect.DirectMethodHandleAccessor.invoke(DirectMethodHandleAccessor.java:103) ~[na:na]
	at java.base/java.lang.reflect.Method.invoke(Method.java:580) ~[na:na]
	at org.springframework.aop.support.AopUtils.invokeJoinpointUsingReflection(AopUtils.java:359) ~[spring-aop-6.2.5.jar!/:6.2.5]
	at org.springframework.aop.framework.CglibAopProxy$DynamicAdvisedInterceptor.intercept(CglibAopProxy.java:723) ~[spring-aop-6.2.5.jar!/:6.2.5]
	at com.luohuo.flex.im.core.chat.service.impl.RoomServiceImpl$$SpringCGLIB$$0.getGroupPage(<generated>) ~[luohuo-im-biz-3.0.6.jar!/:3.0.6]
	at com.luohuo.flex.im.core.chat.service.impl.RoomAppServiceImpl.getGroupPage(RoomAppServiceImpl.java:336) ~[luohuo-im-biz-3.0.6.jar!/:3.0.6]
	at java.base/jdk.internal.reflect.DirectMethodHandleAccessor.invoke(DirectMethodHandleAccessor.java:103) ~[na:na]
	at java.base/java.lang.reflect.Method.invoke(Method.java:580) ~[na:na]
	at org.springframework.aop.support.AopUtils.invokeJoinpointUsingReflection(AopUtils.java:359) ~[spring-aop-6.2.5.jar!/:6.2.5]
	at org.springframework.aop.framework.ReflectiveMethodInvocation.invokeJoinpoint(ReflectiveMethodInvocation.java:196) ~[spring-aop-6.2.5.jar!/:6.2.5]
	at org.springframework.aop.framework.ReflectiveMethodInvocation.proceed(ReflectiveMethodInvocation.java:163) ~[spring-aop-6.2.5.jar!/:6.2.5]
	at org.springframework.aop.interceptor.ExposeInvocationInterceptor.invoke(ExposeInvocationInterceptor.java:97) ~[spring-aop-6.2.5.jar!/:6.2.5]
	at org.springframework.aop.framework.ReflectiveMethodInvocation.proceed(ReflectiveMethodInvocation.java:184) ~[spring-aop-6.2.5.jar!/:6.2.5]
	at org.springframework.aop.framework.CglibAopProxy$DynamicAdvisedInterceptor.intercept(CglibAopProxy.java:727) ~[spring-aop-6.2.5.jar!/:6.2.5]
	at com.luohuo.flex.im.core.chat.service.impl.RoomAppServiceImpl$$SpringCGLIB$$0.getGroupPage(<generated>) ~[luohuo-im-biz-3.0.6.jar!/:3.0.6]
	at com.luohuo.flex.im.controller.chat.RoomController.getGroupPage(RoomController.java:225) ~[luohuo-im-controller-3.0.6.jar!/:3.0.6]
	at java.base/jdk.internal.reflect.DirectMethodHandleAccessor.invoke(DirectMethodHandleAccessor.java:103) ~[na:na]
	at java.base/java.lang.reflect.Method.invoke(Method.java:580) ~[na:na]
	at org.springframework.web.method.support.InvocableHandlerMethod.doInvoke(InvocableHandlerMethod.java:258) ~[spring-web-6.2.5.jar!/:6.2.5]
	at org.springframework.web.method.support.InvocableHandlerMethod.invokeForRequest(InvocableHandlerMethod.java:191) ~[spring-web-6.2.5.jar!/:6.2.5]
	at org.springframework.web.servlet.mvc.method.annotation.ServletInvocableHandlerMethod.invokeAndHandle(ServletInvocableHandlerMethod.java:118) ~[spring-webmvc-6.2.5.jar!/:6.2.5]
	at org.springframework.web.servlet.mvc.method.annotation.RequestMappingHandlerAdapter.invokeHandlerMethod(RequestMappingHandlerAdapter.java:986) ~[spring-webmvc-6.2.5.jar!/:6.2.5]
	at org.springframework.web.servlet.mvc.method.annotation.RequestMappingHandlerAdapter.handleInternal(RequestMappingHandlerAdapter.java:891) ~[spring-webmvc-6.2.5.jar!/:6.2.5]
	at org.springframework.web.servlet.mvc.method.AbstractHandlerMethodAdapter.handle(AbstractHandlerMethodAdapter.java:87) ~[spring-webmvc-6.2.5.jar!/:6.2.5]
	at org.springframework.web.servlet.DispatcherServlet.doDispatch(DispatcherServlet.java:1089) ~[spring-webmvc-6.2.5.jar!/:6.2.5]
	at org.springframework.web.servlet.DispatcherServlet.doService(DispatcherServlet.java:979) ~[spring-webmvc-6.2.5.jar!/:6.2.5]
	at org.springframework.web.servlet.FrameworkServlet.processRequest(FrameworkServlet.java:1014) ~[spring-webmvc-6.2.5.jar!/:6.2.5]
	at org.springframework.web.servlet.FrameworkServlet.doGet(FrameworkServlet.java:903) ~[spring-webmvc-6.2.5.jar!/:6.2.5]
	at jakarta.servlet.http.HttpServlet.service(HttpServlet.java:527) ~[jakarta.servlet-api-6.0.0.jar!/:6.0.0]
	at org.springframework.web.servlet.FrameworkServlet.service(FrameworkServlet.java:885) ~[spring-webmvc-6.2.5.jar!/:6.2.5]
	at jakarta.servlet.http.HttpServlet.service(HttpServlet.java:614) ~[jakarta.servlet-api-6.0.0.jar!/:6.0.0]
	at io.undertow.servlet.handlers.ServletHandler.handleRequest(ServletHandler.java:74) ~[undertow-servlet-2.3.18.Final.jar!/:2.3.18.Final]
	at io.undertow.servlet.handlers.FilterHandler$FilterChainImpl.doFilter(FilterHandler.java:129) ~[undertow-servlet-2.3.18.Final.jar!/:2.3.18.Final]
	at org.springframework.web.servlet.resource.ResourceUrlEncodingFilter.doFilter(ResourceUrlEncodingFilter.java:66) ~[spring-webmvc-6.2.5.jar!/:6.2.5]
	at io.undertow.servlet.core.ManagedFilter.doFilter(ManagedFilter.java:67) ~[undertow-servlet-2.3.18.Final.jar!/:2.3.18.Final]
	at io.undertow.servlet.handlers.FilterHandler$FilterChainImpl.doFilter(FilterHandler.java:131) ~[undertow-servlet-2.3.18.Final.jar!/:2.3.18.Final]
	at com.alibaba.druid.support.jakarta.WebStatFilter.doFilter(WebStatFilter.java:113) ~[druid-1.2.24.jar!/:na]
	at io.undertow.servlet.core.ManagedFilter.doFilter(ManagedFilter.java:67) ~[undertow-servlet-2.3.18.Final.jar!/:2.3.18.Final]
	at io.undertow.servlet.handlers.FilterHandler$FilterChainImpl.doFilter(FilterHandler.java:131) ~[undertow-servlet-2.3.18.Final.jar!/:2.3.18.Final]
	at com.luohuo.basic.xss.filter.XssFilter.doFilter(XssFilter.java:66) ~[luohuo-xss-starter-3.0.6.jar!/:3.0.6]
	at io.undertow.servlet.core.ManagedFilter.doFilter(ManagedFilter.java:67) ~[undertow-servlet-2.3.18.Final.jar!/:2.3.18.Final]
	at io.undertow.servlet.handlers.FilterHandler$FilterChainImpl.doFilter(FilterHandler.java:131) ~[undertow-servlet-2.3.18.Final.jar!/:2.3.18.Final]
	at cn.dev33.satoken.filter.SaFirewallCheckFilterForJakartaServlet.doFilter(SaFirewallCheckFilterForJakartaServlet.java:69) ~[sa-token-spring-boot3-starter-1.42.0.jar!/:na]
	at io.undertow.servlet.core.ManagedFilter.doFilter(ManagedFilter.java:67) ~[undertow-servlet-2.3.18.Final.jar!/:2.3.18.Final]
	at io.undertow.servlet.handlers.FilterHandler$FilterChainImpl.doFilter(FilterHandler.java:131) ~[undertow-servlet-2.3.18.Final.jar!/:2.3.18.Final]
	at cn.dev33.satoken.filter.SaTokenCorsFilterForJakartaServlet.doFilter(SaTokenCorsFilterForJakartaServlet.java:52) ~[sa-token-spring-boot3-starter-1.42.0.jar!/:na]
	at io.undertow.servlet.core.ManagedFilter.doFilter(ManagedFilter.java:67) ~[undertow-servlet-2.3.18.Final.jar!/:2.3.18.Final]
	at io.undertow.servlet.handlers.FilterHandler$FilterChainImpl.doFilter(FilterHandler.java:131) ~[undertow-servlet-2.3.18.Final.jar!/:2.3.18.Final]
	at cn.dev33.satoken.filter.SaTokenContextFilterForJakartaServlet.doFilter(SaTokenContextFilterForJakartaServlet.java:40) ~[sa-token-spring-boot3-starter-1.42.0.jar!/:na]
	at io.undertow.servlet.core.ManagedFilter.doFilter(ManagedFilter.java:67) ~[undertow-servlet-2.3.18.Final.jar!/:2.3.18.Final]
	at io.undertow.servlet.handlers.FilterHandler$FilterChainImpl.doFilter(FilterHandler.java:131) ~[undertow-servlet-2.3.18.Final.jar!/:2.3.18.Final]
	at com.luohuo.basic.tenant.core.web.TenantContextWebFilter.doFilterInternal(TenantContextWebFilter.java:29) ~[luohuo-tenant-3.0.6.jar!/:3.0.6]
	at org.springframework.web.filter.OncePerRequestFilter.doFilter(OncePerRequestFilter.java:116) ~[spring-web-6.2.5.jar!/:6.2.5]
	at io.undertow.servlet.core.ManagedFilter.doFilter(ManagedFilter.java:67) ~[undertow-servlet-2.3.18.Final.jar!/:2.3.18.Final]
	at io.undertow.servlet.handlers.FilterHandler$FilterChainImpl.doFilter(FilterHandler.java:131) ~[undertow-servlet-2.3.18.Final.jar!/:2.3.18.Final]
	at org.springframework.web.filter.RequestContextFilter.doFilterInternal(RequestContextFilter.java:100) ~[spring-web-6.2.5.jar!/:6.2.5]
	at org.springframework.web.filter.OncePerRequestFilter.doFilter(OncePerRequestFilter.java:116) ~[spring-web-6.2.5.jar!/:6.2.5]
	at io.undertow.servlet.core.ManagedFilter.doFilter(ManagedFilter.java:67) ~[undertow-servlet-2.3.18.Final.jar!/:2.3.18.Final]
	at io.undertow.servlet.handlers.FilterHandler$FilterChainImpl.doFilter(FilterHandler.java:131) ~[undertow-servlet-2.3.18.Final.jar!/:2.3.18.Final]
	at org.springframework.web.filter.FormContentFilter.doFilterInternal(FormContentFilter.java:93) ~[spring-web-6.2.5.jar!/:6.2.5]
	at org.springframework.web.filter.OncePerRequestFilter.doFilter(OncePerRequestFilter.java:116) ~[spring-web-6.2.5.jar!/:6.2.5]
	at io.undertow.servlet.core.ManagedFilter.doFilter(ManagedFilter.java:67) ~[undertow-servlet-2.3.18.Final.jar!/:2.3.18.Final]
	at io.undertow.servlet.handlers.FilterHandler$FilterChainImpl.doFilter(FilterHandler.java:131) ~[undertow-servlet-2.3.18.Final.jar!/:2.3.18.Final]
	at org.springframework.web.filter.ServerHttpObservationFilter.doFilterInternal(ServerHttpObservationFilter.java:114) ~[spring-web-6.2.5.jar!/:6.2.5]
	at org.springframework.web.filter.OncePerRequestFilter.doFilter(OncePerRequestFilter.java:116) ~[spring-web-6.2.5.jar!/:6.2.5]
	at io.undertow.servlet.core.ManagedFilter.doFilter(ManagedFilter.java:67) ~[undertow-servlet-2.3.18.Final.jar!/:2.3.18.Final]
	at io.undertow.servlet.handlers.FilterHandler$FilterChainImpl.doFilter(FilterHandler.java:131) ~[undertow-servlet-2.3.18.Final.jar!/:2.3.18.Final]
	at org.springframework.web.filter.CharacterEncodingFilter.doFilterInternal(CharacterEncodingFilter.java:201) ~[spring-web-6.2.5.jar!/:6.2.5]
	at org.springframework.web.filter.OncePerRequestFilter.doFilter(OncePerRequestFilter.java:116) ~[spring-web-6.2.5.jar!/:6.2.5]
	at io.undertow.servlet.core.ManagedFilter.doFilter(ManagedFilter.java:67) ~[undertow-servlet-2.3.18.Final.jar!/:2.3.18.Final]
	at io.undertow.servlet.handlers.FilterHandler$FilterChainImpl.doFilter(FilterHandler.java:131) ~[undertow-servlet-2.3.18.Final.jar!/:2.3.18.Final]
	at io.undertow.servlet.handlers.FilterHandler.handleRequest(FilterHandler.java:84) ~[undertow-servlet-2.3.18.Final.jar!/:2.3.18.Final]
	at io.undertow.servlet.handlers.security.ServletSecurityRoleHandler.handleRequest(ServletSecurityRoleHandler.java:62) ~[undertow-servlet-2.3.18.Final.jar!/:2.3.18.Final]
	at io.undertow.servlet.handlers.ServletChain$1.handleRequest(ServletChain.java:68) ~[undertow-servlet-2.3.18.Final.jar!/:2.3.18.Final]
	at io.undertow.servlet.handlers.ServletDispatchingHandler.handleRequest(ServletDispatchingHandler.java:36) ~[undertow-servlet-2.3.18.Final.jar!/:2.3.18.Final]
	at io.undertow.servlet.handlers.RedirectDirHandler.handleRequest(RedirectDirHandler.java:68) ~[undertow-servlet-2.3.18.Final.jar!/:2.3.18.Final]
	at io.undertow.servlet.handlers.security.SSLInformationAssociationHandler.handleRequest(SSLInformationAssociationHandler.java:117) ~[undertow-servlet-2.3.18.Final.jar!/:2.3.18.Final]
	at io.undertow.servlet.handlers.security.ServletAuthenticationCallHandler.handleRequest(ServletAuthenticationCallHandler.java:57) ~[undertow-servlet-2.3.18.Final.jar!/:2.3.18.Final]
	at io.undertow.server.handlers.PredicateHandler.handleRequest(PredicateHandler.java:43) ~[undertow-core-2.3.18.Final.jar!/:2.3.18.Final]
	at io.undertow.security.handlers.AbstractConfidentialityHandler.handleRequest(AbstractConfidentialityHandler.java:46) ~[undertow-core-2.3.18.Final.jar!/:2.3.18.Final]
	at io.undertow.servlet.handlers.security.ServletConfidentialityConstraintHandler.handleRequest(ServletConfidentialityConstraintHandler.java:64) ~[undertow-servlet-2.3.18.Final.jar!/:2.3.18.Final]
	at io.undertow.security.handlers.AuthenticationMechanismsHandler.handleRequest(AuthenticationMechanismsHandler.java:60) ~[undertow-core-2.3.18.Final.jar!/:2.3.18.Final]
	at io.undertow.servlet.handlers.security.CachedAuthenticatedSessionHandler.handleRequest(CachedAuthenticatedSessionHandler.java:77) ~[undertow-servlet-2.3.18.Final.jar!/:2.3.18.Final]
	at io.undertow.security.handlers.AbstractSecurityContextAssociationHandler.handleRequest(AbstractSecurityContextAssociationHandler.java:43) ~[undertow-core-2.3.18.Final.jar!/:2.3.18.Final]
	at io.undertow.server.handlers.PredicateHandler.handleRequest(PredicateHandler.java:43) ~[undertow-core-2.3.18.Final.jar!/:2.3.18.Final]
	at io.undertow.servlet.handlers.SendErrorPageHandler.handleRequest(SendErrorPageHandler.java:52) ~[undertow-servlet-2.3.18.Final.jar!/:2.3.18.Final]
	at io.undertow.server.handlers.PredicateHandler.handleRequest(PredicateHandler.java:43) ~[undertow-core-2.3.18.Final.jar!/:2.3.18.Final]
	at io.undertow.servlet.handlers.ServletInitialHandler.handleFirstRequest(ServletInitialHandler.java:276) ~[undertow-servlet-2.3.18.Final.jar!/:2.3.18.Final]
	at io.undertow.servlet.handlers.ServletInitialHandler$2.call(ServletInitialHandler.java:135) ~[undertow-servlet-2.3.18.Final.jar!/:2.3.18.Final]
	at io.undertow.servlet.handlers.ServletInitialHandler$2.call(ServletInitialHandler.java:132) ~[undertow-servlet-2.3.18.Final.jar!/:2.3.18.Final]
	at io.undertow.servlet.core.ServletRequestContextThreadSetupAction$1.call(ServletRequestContextThreadSetupAction.java:48) ~[undertow-servlet-2.3.18.Final.jar!/:2.3.18.Final]
	at io.undertow.servlet.core.ContextClassLoaderSetupAction$1.call(ContextClassLoaderSetupAction.java:43) ~[undertow-servlet-2.3.18.Final.jar!/:2.3.18.Final]
	at io.undertow.servlet.handlers.ServletInitialHandler.dispatchRequest(ServletInitialHandler.java:256) ~[undertow-servlet-2.3.18.Final.jar!/:2.3.18.Final]
	at io.undertow.servlet.handlers.ServletInitialHandler$1.handleRequest(ServletInitialHandler.java:101) ~[undertow-servlet-2.3.18.Final.jar!/:2.3.18.Final]
	at io.undertow.server.Connectors.executeRootHandler(Connectors.java:395) ~[undertow-core-2.3.18.Final.jar!/:2.3.18.Final]
	at io.undertow.server.HttpServerExchange$1.run(HttpServerExchange.java:861) ~[undertow-core-2.3.18.Final.jar!/:2.3.18.Final]
	at org.jboss.threads.ContextHandler$1.runWith(ContextHandler.java:18) ~[jboss-threads-3.5.0.Final.jar!/:3.5.0.Final]
	at org.jboss.threads.EnhancedQueueExecutor$Task.run(EnhancedQueueExecutor.java:2513) ~[jboss-threads-3.5.0.Final.jar!/:3.5.0.Final]
	at org.jboss.threads.EnhancedQueueExecutor$ThreadBody.run(EnhancedQueueExecutor.java:1538) ~[jboss-threads-3.5.0.Final.jar!/:3.5.0.Final]
	at org.xnio.XnioWorker$WorkerThreadFactory$1$1.run(XnioWorker.java:1282) ~[xnio-api-3.8.16.Final.jar!/:3.8.16.Final]
	at java.base/java.lang.Thread.run(Thread.java:1583) ~[na:na]
Caused by: org.apache.ibatis.exceptions.PersistenceException: 
### Error querying database.  Cause: java.lang.NullPointerException: ContextUtil 不存在租户编号！
### Cause: java.lang.NullPointerException: ContextUtil 不存在租户编号！
	at org.apache.ibatis.exceptions.ExceptionFactory.wrapException(ExceptionFactory.java:30) ~[mybatis-3.5.19.jar!/:3.5.19]
	at org.apache.ibatis.session.defaults.DefaultSqlSession.selectList(DefaultSqlSession.java:156) ~[mybatis-3.5.19.jar!/:3.5.19]
	at org.apache.ibatis.session.defaults.DefaultSqlSession.selectList(DefaultSqlSession.java:147) ~[mybatis-3.5.19.jar!/:3.5.19]
	at org.apache.ibatis.session.defaults.DefaultSqlSession.selectList(DefaultSqlSession.java:142) ~[mybatis-3.5.19.jar!/:3.5.19]
	at java.base/jdk.internal.reflect.DirectMethodHandleAccessor.invoke(DirectMethodHandleAccessor.java:103) ~[na:na]
	at java.base/java.lang.reflect.Method.invoke(Method.java:580) ~[na:na]
	at org.mybatis.spring.SqlSessionTemplate$SqlSessionInterceptor.invoke(SqlSessionTemplate.java:333) ~[mybatis-spring-3.0.4.jar!/:3.0.4]
	... 129 common frames omitted
Caused by: java.lang.NullPointerException: ContextUtil 不存在租户编号！
	at com.luohuo.basic.context.ContextUtil.getRequiredTenantId(ContextUtil.java:391) ~[luohuo-core-3.0.6.jar!/:3.0.6]
	at com.luohuo.basic.tenant.core.db.TenantDatabaseInterceptor.getTenantId(TenantDatabaseInterceptor.java:42) ~[luohuo-tenant-3.0.6.jar!/:3.0.6]
	at com.baomidou.mybatisplus.extension.plugins.inner.TenantLineInnerInterceptor.buildTableExpression(TenantLineInnerInterceptor.java:262) ~[mybatis-plus-jsqlparser-3.5.11.jar!/:3.5.11]
	at com.baomidou.mybatisplus.extension.plugins.inner.BaseMultiTableInnerInterceptor.lambda$builderExpression$3(BaseMultiTableInnerInterceptor.java:392) ~[mybatis-plus-jsqlparser-3.5.11.jar!/:3.5.11]
	at java.base/java.util.stream.ReferencePipeline$3$1.accept(ReferencePipeline.java:197) ~[na:na]
	at java.base/java.util.ArrayList$ArrayListSpliterator.forEachRemaining(ArrayList.java:1708) ~[na:na]
	at java.base/java.util.stream.AbstractPipeline.copyInto(AbstractPipeline.java:509) ~[na:na]
	at java.base/java.util.stream.AbstractPipeline.wrapAndCopyInto(AbstractPipeline.java:499) ~[na:na]
	at java.base/java.util.stream.ReduceOps$ReduceOp.evaluateSequential(ReduceOps.java:921) ~[na:na]
	at java.base/java.util.stream.AbstractPipeline.evaluate(AbstractPipeline.java:234) ~[na:na]
	at java.base/java.util.stream.ReferencePipeline.collect(ReferencePipeline.java:682) ~[na:na]
	at com.baomidou.mybatisplus.extension.plugins.inner.BaseMultiTableInnerInterceptor.builderExpression(BaseMultiTableInnerInterceptor.java:394) ~[mybatis-plus-jsqlparser-3.5.11.jar!/:3.5.11]
	at com.baomidou.mybatisplus.extension.plugins.inner.BaseMultiTableInnerInterceptor.processPlainSelect(BaseMultiTableInnerInterceptor.java:123) ~[mybatis-plus-jsqlparser-3.5.11.jar!/:3.5.11]
	at com.baomidou.mybatisplus.extension.plugins.inner.BaseMultiTableInnerInterceptor.processSelectBody(BaseMultiTableInnerInterceptor.java:64) ~[mybatis-plus-jsqlparser-3.5.11.jar!/:3.5.11]
	at com.baomidou.mybatisplus.extension.plugins.inner.TenantLineInnerInterceptor.processSelect(TenantLineInnerInterceptor.java:86) ~[mybatis-plus-jsqlparser-3.5.11.jar!/:3.5.11]
	at com.baomidou.mybatisplus.extension.parser.JsqlParserSupport.processParser(JsqlParserSupport.java:90) ~[mybatis-plus-jsqlparser-3.5.11.jar!/:3.5.11]
	at com.baomidou.mybatisplus.extension.parser.JsqlParserSupport.parserSingle(JsqlParserSupport.java:49) ~[mybatis-plus-jsqlparser-3.5.11.jar!/:3.5.11]
	at com.baomidou.mybatisplus.extension.plugins.inner.TenantLineInnerInterceptor.beforeQuery(TenantLineInnerInterceptor.java:66) ~[mybatis-plus-jsqlparser-3.5.11.jar!/:3.5.11]
	at com.baomidou.mybatisplus.extension.plugins.MybatisPlusInterceptor.intercept(MybatisPlusInterceptor.java:78) ~[mybatis-plus-extension-3.5.11.jar!/:3.5.11]
	at org.apache.ibatis.plugin.Plugin.invoke(Plugin.java:59) ~[mybatis-3.5.19.jar!/:3.5.19]
	at jdk.proxy2/jdk.proxy2.$Proxy225.query(Unknown Source) ~[na:na]
	at org.apache.ibatis.session.defaults.DefaultSqlSession.selectList(DefaultSqlSession.java:154) ~[mybatis-3.5.19.jar!/:3.5.19]
	... 134 common frames omitted

[luohuo-im-server:18778:] 2026-02-18 14:30:59.235[ WARN] 86366 [] [XNIO-2 task-2:14568856] [c.l.b.boot.handler.AbstractGlobalExceptionHandler.persistenceException:297] PersistenceException:

org.apache.ibatis.exceptions.PersistenceException: 
### Error querying database.  Cause: java.lang.NullPointerException: ContextUtil 不存在租户编号！
### Cause: java.lang.NullPointerException: ContextUtil 不存在租户编号！
	at org.apache.ibatis.exceptions.ExceptionFactory.wrapException(ExceptionFactory.java:30) ~[mybatis-3.5.19.jar!/:3.5.19]
	at org.apache.ibatis.session.defaults.DefaultSqlSession.selectList(DefaultSqlSession.java:156) ~[mybatis-3.5.19.jar!/:3.5.19]
	at org.apache.ibatis.session.defaults.DefaultSqlSession.selectList(DefaultSqlSession.java:147) ~[mybatis-3.5.19.jar!/:3.5.19]
	at org.apache.ibatis.session.defaults.DefaultSqlSession.selectList(DefaultSqlSession.java:142) ~[mybatis-3.5.19.jar!/:3.5.19]
	at java.base/jdk.internal.reflect.DirectMethodHandleAccessor.invoke(DirectMethodHandleAccessor.java:103) ~[na:na]
	at java.base/java.lang.reflect.Method.invoke(Method.java:580) ~[na:na]
	at org.mybatis.spring.SqlSessionTemplate$SqlSessionInterceptor.invoke(SqlSessionTemplate.java:333) ~[mybatis-spring-3.0.4.jar!/:3.0.4]
	at jdk.proxy2/jdk.proxy2.$Proxy168.selectList(Unknown Source) ~[na:na]
	at org.mybatis.spring.SqlSessionTemplate.selectList(SqlSessionTemplate.java:194) ~[mybatis-spring-3.0.4.jar!/:3.0.4]
	at com.baomidou.mybatisplus.core.override.MybatisMapperMethod.executeForMany(MybatisMapperMethod.java:164) ~[mybatis-plus-core-3.5.11.jar!/:3.5.11]
	at com.baomidou.mybatisplus.core.override.MybatisMapperMethod.execute(MybatisMapperMethod.java:77) ~[mybatis-plus-core-3.5.11.jar!/:3.5.11]
	at com.baomidou.mybatisplus.core.override.MybatisMapperProxy$PlainMethodInvoker.invoke(MybatisMapperProxy.java:155) ~[mybatis-plus-core-3.5.11.jar!/:3.5.11]
	at com.baomidou.mybatisplus.core.override.MybatisMapperProxy.invoke(MybatisMapperProxy.java:92) ~[mybatis-plus-core-3.5.11.jar!/:3.5.11]
	at jdk.proxy2/jdk.proxy2.$Proxy205.selectList(Unknown Source) ~[na:na]
	at com.baomidou.mybatisplus.core.mapper.BaseMapper.selectPage(BaseMapper.java:458) ~[mybatis-plus-core-3.5.11.jar!/:3.5.11]
	at java.base/java.lang.invoke.MethodHandle.invokeWithArguments(MethodHandle.java:733) ~[na:na]
	at com.baomidou.mybatisplus.core.override.MybatisMapperProxy$DefaultMethodInvoker.invoke(MybatisMapperProxy.java:181) ~[mybatis-plus-core-3.5.11.jar!/:3.5.11]
	at com.baomidou.mybatisplus.core.override.MybatisMapperProxy.invoke(MybatisMapperProxy.java:92) ~[mybatis-plus-core-3.5.11.jar!/:3.5.11]
	at jdk.proxy2/jdk.proxy2.$Proxy205.selectPage(Unknown Source) ~[na:na]
	at java.base/jdk.internal.reflect.DirectMethodHandleAccessor.invoke(DirectMethodHandleAccessor.java:103) ~[na:na]
	at java.base/java.lang.reflect.Method.invoke(Method.java:580) ~[na:na]
	at org.springframework.aop.support.AopUtils.invokeJoinpointUsingReflection(AopUtils.java:359) ~[spring-aop-6.2.5.jar!/:6.2.5]
	at org.springframework.aop.framework.ReflectiveMethodInvocation.invokeJoinpoint(ReflectiveMethodInvocation.java:196) ~[spring-aop-6.2.5.jar!/:6.2.5]
	at org.springframework.aop.framework.ReflectiveMethodInvocation.proceed(ReflectiveMethodInvocation.java:163) ~[spring-aop-6.2.5.jar!/:6.2.5]
	at org.springframework.dao.support.PersistenceExceptionTranslationInterceptor.invoke(PersistenceExceptionTranslationInterceptor.java:138) ~[spring-tx-6.2.5.jar!/:6.2.5]
	at org.springframework.aop.framework.ReflectiveMethodInvocation.proceed(ReflectiveMethodInvocation.java:184) ~[spring-aop-6.2.5.jar!/:6.2.5]
	at org.springframework.aop.framework.JdkDynamicAopProxy.invoke(JdkDynamicAopProxy.java:223) ~[spring-aop-6.2.5.jar!/:6.2.5]
	at jdk.proxy2/jdk.proxy2.$Proxy206.selectPage(Unknown Source) ~[na:na]
	at com.baomidou.mybatisplus.extension.repository.IRepository.page(IRepository.java:342) ~[mybatis-plus-extension-3.5.11.jar!/:3.5.11]
	at java.base/jdk.internal.reflect.DirectMethodHandleAccessor.invoke(DirectMethodHandleAccessor.java:103) ~[na:na]
	at java.base/java.lang.reflect.Method.invoke(Method.java:580) ~[na:na]
	at org.springframework.aop.support.AopUtils.invokeJoinpointUsingReflection(AopUtils.java:359) ~[spring-aop-6.2.5.jar!/:6.2.5]
	at org.springframework.aop.framework.CglibAopProxy$DynamicAdvisedInterceptor.intercept(CglibAopProxy.java:723) ~[spring-aop-6.2.5.jar!/:6.2.5]
	at com.luohuo.flex.im.core.chat.dao.RoomGroupDao$$SpringCGLIB$$0.page(<generated>) ~[luohuo-im-biz-3.0.6.jar!/:3.0.6]
	at com.luohuo.flex.im.core.chat.service.impl.RoomServiceImpl.getGroupPage(RoomServiceImpl.java:125) ~[luohuo-im-biz-3.0.6.jar!/:3.0.6]
	at java.base/jdk.internal.reflect.DirectMethodHandleAccessor.invoke(DirectMethodHandleAccessor.java:103) ~[na:na]
	at java.base/java.lang.reflect.Method.invoke(Method.java:580) ~[na:na]
	at org.springframework.aop.support.AopUtils.invokeJoinpointUsingReflection(AopUtils.java:359) ~[spring-aop-6.2.5.jar!/:6.2.5]
	at org.springframework.aop.framework.CglibAopProxy$DynamicAdvisedInterceptor.intercept(CglibAopProxy.java:723) ~[spring-aop-6.2.5.jar!/:6.2.5]
	at com.luohuo.flex.im.core.chat.service.impl.RoomServiceImpl$$SpringCGLIB$$0.getGroupPage(<generated>) ~[luohuo-im-biz-3.0.6.jar!/:3.0.6]
	at com.luohuo.flex.im.core.chat.service.impl.RoomAppServiceImpl.getGroupPage(RoomAppServiceImpl.java:336) ~[luohuo-im-biz-3.0.6.jar!/:3.0.6]
	at java.base/jdk.internal.reflect.DirectMethodHandleAccessor.invoke(DirectMethodHandleAccessor.java:103) ~[na:na]
	at java.base/java.lang.reflect.Method.invoke(Method.java:580) ~[na:na]
	at org.springframework.aop.support.AopUtils.invokeJoinpointUsingReflection(AopUtils.java:359) ~[spring-aop-6.2.5.jar!/:6.2.5]
	at org.springframework.aop.framework.ReflectiveMethodInvocation.invokeJoinpoint(ReflectiveMethodInvocation.java:196) ~[spring-aop-6.2.5.jar!/:6.2.5]
	at org.springframework.aop.framework.ReflectiveMethodInvocation.proceed(ReflectiveMethodInvocation.java:163) ~[spring-aop-6.2.5.jar!/:6.2.5]
	at org.springframework.aop.interceptor.ExposeInvocationInterceptor.invoke(ExposeInvocationInterceptor.java:97) ~[spring-aop-6.2.5.jar!/:6.2.5]
	at org.springframework.aop.framework.ReflectiveMethodInvocation.proceed(ReflectiveMethodInvocation.java:184) ~[spring-aop-6.2.5.jar!/:6.2.5]
	at org.springframework.aop.framework.CglibAopProxy$DynamicAdvisedInterceptor.intercept(CglibAopProxy.java:727) ~[spring-aop-6.2.5.jar!/:6.2.5]
	at com.luohuo.flex.im.core.chat.service.impl.RoomAppServiceImpl$$SpringCGLIB$$0.getGroupPage(<generated>) ~[luohuo-im-biz-3.0.6.jar!/:3.0.6]
	at com.luohuo.flex.im.controller.chat.RoomController.getGroupPage(RoomController.java:225) ~[luohuo-im-controller-3.0.6.jar!/:3.0.6]
	at java.base/jdk.internal.reflect.DirectMethodHandleAccessor.invoke(DirectMethodHandleAccessor.java:103) ~[na:na]
	at java.base/java.lang.reflect.Method.invoke(Method.java:580) ~[na:na]
	at org.springframework.web.method.support.InvocableHandlerMethod.doInvoke(InvocableHandlerMethod.java:258) ~[spring-web-6.2.5.jar!/:6.2.5]
	at org.springframework.web.method.support.InvocableHandlerMethod.invokeForRequest(InvocableHandlerMethod.java:191) ~[spring-web-6.2.5.jar!/:6.2.5]
	at org.springframework.web.servlet.mvc.method.annotation.ServletInvocableHandlerMethod.invokeAndHandle(ServletInvocableHandlerMethod.java:118) ~[spring-webmvc-6.2.5.jar!/:6.2.5]
	at org.springframework.web.servlet.mvc.method.annotation.RequestMappingHandlerAdapter.invokeHandlerMethod(RequestMappingHandlerAdapter.java:986) ~[spring-webmvc-6.2.5.jar!/:6.2.5]
	at org.springframework.web.servlet.mvc.method.annotation.RequestMappingHandlerAdapter.handleInternal(RequestMappingHandlerAdapter.java:891) ~[spring-webmvc-6.2.5.jar!/:6.2.5]
	at org.springframework.web.servlet.mvc.method.AbstractHandlerMethodAdapter.handle(AbstractHandlerMethodAdapter.java:87) ~[spring-webmvc-6.2.5.jar!/:6.2.5]
	at org.springframework.web.servlet.DispatcherServlet.doDispatch(DispatcherServlet.java:1089) ~[spring-webmvc-6.2.5.jar!/:6.2.5]
	at org.springframework.web.servlet.DispatcherServlet.doService(DispatcherServlet.java:979) ~[spring-webmvc-6.2.5.jar!/:6.2.5]
	at org.springframework.web.servlet.FrameworkServlet.processRequest(FrameworkServlet.java:1014) ~[spring-webmvc-6.2.5.jar!/:6.2.5]
	at org.springframework.web.servlet.FrameworkServlet.doGet(FrameworkServlet.java:903) ~[spring-webmvc-6.2.5.jar!/:6.2.5]
	at jakarta.servlet.http.HttpServlet.service(HttpServlet.java:527) ~[jakarta.servlet-api-6.0.0.jar!/:6.0.0]
	at org.springframework.web.servlet.FrameworkServlet.service(FrameworkServlet.java:885) ~[spring-webmvc-6.2.5.jar!/:6.2.5]
	at jakarta.servlet.http.HttpServlet.service(HttpServlet.java:614) ~[jakarta.servlet-api-6.0.0.jar!/:6.0.0]
	at io.undertow.servlet.handlers.ServletHandler.handleRequest(ServletHandler.java:74) ~[undertow-servlet-2.3.18.Final.jar!/:2.3.18.Final]
	at io.undertow.servlet.handlers.FilterHandler$FilterChainImpl.doFilter(FilterHandler.java:129) ~[undertow-servlet-2.3.18.Final.jar!/:2.3.18.Final]
	at org.springframework.web.servlet.resource.ResourceUrlEncodingFilter.doFilter(ResourceUrlEncodingFilter.java:66) ~[spring-webmvc-6.2.5.jar!/:6.2.5]
	at io.undertow.servlet.core.ManagedFilter.doFilter(ManagedFilter.java:67) ~[undertow-servlet-2.3.18.Final.jar!/:2.3.18.Final]
	at io.undertow.servlet.handlers.FilterHandler$FilterChainImpl.doFilter(FilterHandler.java:131) ~[undertow-servlet-2.3.18.Final.jar!/:2.3.18.Final]
	at com.alibaba.druid.support.jakarta.WebStatFilter.doFilter(WebStatFilter.java:113) ~[druid-1.2.24.jar!/:na]
	at io.undertow.servlet.core.ManagedFilter.doFilter(ManagedFilter.java:67) ~[undertow-servlet-2.3.18.Final.jar!/:2.3.18.Final]
	at io.undertow.servlet.handlers.FilterHandler$FilterChainImpl.doFilter(FilterHandler.java:131) ~[undertow-servlet-2.3.18.Final.jar!/:2.3.18.Final]
	at com.luohuo.basic.xss.filter.XssFilter.doFilter(XssFilter.java:66) ~[luohuo-xss-starter-3.0.6.jar!/:3.0.6]
	at io.undertow.servlet.core.ManagedFilter.doFilter(ManagedFilter.java:67) ~[undertow-servlet-2.3.18.Final.jar!/:2.3.18.Final]
	at io.undertow.servlet.handlers.FilterHandler$FilterChainImpl.doFilter(FilterHandler.java:131) ~[undertow-servlet-2.3.18.Final.jar!/:2.3.18.Final]
	at cn.dev33.satoken.filter.SaFirewallCheckFilterForJakartaServlet.doFilter(SaFirewallCheckFilterForJakartaServlet.java:69) ~[sa-token-spring-boot3-starter-1.42.0.jar!/:na]
	at io.undertow.servlet.core.ManagedFilter.doFilter(ManagedFilter.java:67) ~[undertow-servlet-2.3.18.Final.jar!/:2.3.18.Final]
	at io.undertow.servlet.handlers.FilterHandler$FilterChainImpl.doFilter(FilterHandler.java:131) ~[undertow-servlet-2.3.18.Final.jar!/:2.3.18.Final]
	at cn.dev33.satoken.filter.SaTokenCorsFilterForJakartaServlet.doFilter(SaTokenCorsFilterForJakartaServlet.java:52) ~[sa-token-spring-boot3-starter-1.42.0.jar!/:na]
	at io.undertow.servlet.core.ManagedFilter.doFilter(ManagedFilter.java:67) ~[undertow-servlet-2.3.18.Final.jar!/:2.3.18.Final]
	at io.undertow.servlet.handlers.FilterHandler$FilterChainImpl.doFilter(FilterHandler.java:131) ~[undertow-servlet-2.3.18.Final.jar!/:2.3.18.Final]
	at cn.dev33.satoken.filter.SaTokenContextFilterForJakartaServlet.doFilter(SaTokenContextFilterForJakartaServlet.java:40) ~[sa-token-spring-boot3-starter-1.42.0.jar!/:na]
	at io.undertow.servlet.core.ManagedFilter.doFilter(ManagedFilter.java:67) ~[undertow-servlet-2.3.18.Final.jar!/:2.3.18.Final]
	at io.undertow.servlet.handlers.FilterHandler$FilterChainImpl.doFilter(FilterHandler.java:131) ~[undertow-servlet-2.3.18.Final.jar!/:2.3.18.Final]
	at com.luohuo.basic.tenant.core.web.TenantContextWebFilter.doFilterInternal(TenantContextWebFilter.java:29) ~[luohuo-tenant-3.0.6.jar!/:3.0.6]
	at org.springframework.web.filter.OncePerRequestFilter.doFilter(OncePerRequestFilter.java:116) ~[spring-web-6.2.5.jar!/:6.2.5]
	at io.undertow.servlet.core.ManagedFilter.doFilter(ManagedFilter.java:67) ~[undertow-servlet-2.3.18.Final.jar!/:2.3.18.Final]
	at io.undertow.servlet.handlers.FilterHandler$FilterChainImpl.doFilter(FilterHandler.java:131) ~[undertow-servlet-2.3.18.Final.jar!/:2.3.18.Final]
	at org.springframework.web.filter.RequestContextFilter.doFilterInternal(RequestContextFilter.java:100) ~[spring-web-6.2.5.jar!/:6.2.5]
	at org.springframework.web.filter.OncePerRequestFilter.doFilter(OncePerRequestFilter.java:116) ~[spring-web-6.2.5.jar!/:6.2.5]
	at io.undertow.servlet.core.ManagedFilter.doFilter(ManagedFilter.java:67) ~[undertow-servlet-2.3.18.Final.jar!/:2.3.18.Final]
	at io.undertow.servlet.handlers.FilterHandler$FilterChainImpl.doFilter(FilterHandler.java:131) ~[undertow-servlet-2.3.18.Final.jar!/:2.3.18.Final]
	at org.springframework.web.filter.FormContentFilter.doFilterInternal(FormContentFilter.java:93) ~[spring-web-6.2.5.jar!/:6.2.5]
	at org.springframework.web.filter.OncePerRequestFilter.doFilter(OncePerRequestFilter.java:116) ~[spring-web-6.2.5.jar!/:6.2.5]
	at io.undertow.servlet.core.ManagedFilter.doFilter(ManagedFilter.java:67) ~[undertow-servlet-2.3.18.Final.jar!/:2.3.18.Final]
	at io.undertow.servlet.handlers.FilterHandler$FilterChainImpl.doFilter(FilterHandler.java:131) ~[undertow-servlet-2.3.18.Final.jar!/:2.3.18.Final]
	at org.springframework.web.filter.ServerHttpObservationFilter.doFilterInternal(ServerHttpObservationFilter.java:114) ~[spring-web-6.2.5.jar!/:6.2.5]
	at org.springframework.web.filter.OncePerRequestFilter.doFilter(OncePerRequestFilter.java:116) ~[spring-web-6.2.5.jar!/:6.2.5]
	at io.undertow.servlet.core.ManagedFilter.doFilter(ManagedFilter.java:67) ~[undertow-servlet-2.3.18.Final.jar!/:2.3.18.Final]
	at io.undertow.servlet.handlers.FilterHandler$FilterChainImpl.doFilter(FilterHandler.java:131) ~[undertow-servlet-2.3.18.Final.jar!/:2.3.18.Final]
	at org.springframework.web.filter.CharacterEncodingFilter.doFilterInternal(CharacterEncodingFilter.java:201) ~[spring-web-6.2.5.jar!/:6.2.5]
	at org.springframework.web.filter.OncePerRequestFilter.doFilter(OncePerRequestFilter.java:116) ~[spring-web-6.2.5.jar!/:6.2.5]
	at io.undertow.servlet.core.ManagedFilter.doFilter(ManagedFilter.java:67) ~[undertow-servlet-2.3.18.Final.jar!/:2.3.18.Final]
	at io.undertow.servlet.handlers.FilterHandler$FilterChainImpl.doFilter(FilterHandler.java:131) ~[undertow-servlet-2.3.18.Final.jar!/:2.3.18.Final]
	at io.undertow.servlet.handlers.FilterHandler.handleRequest(FilterHandler.java:84) ~[undertow-servlet-2.3.18.Final.jar!/:2.3.18.Final]
	at io.undertow.servlet.handlers.security.ServletSecurityRoleHandler.handleRequest(ServletSecurityRoleHandler.java:62) ~[undertow-servlet-2.3.18.Final.jar!/:2.3.18.Final]
	at io.undertow.servlet.handlers.ServletChain$1.handleRequest(ServletChain.java:68) ~[undertow-servlet-2.3.18.Final.jar!/:2.3.18.Final]
	at io.undertow.servlet.handlers.ServletDispatchingHandler.handleRequest(ServletDispatchingHandler.java:36) ~[undertow-servlet-2.3.18.Final.jar!/:2.3.18.Final]
	at io.undertow.servlet.handlers.RedirectDirHandler.handleRequest(RedirectDirHandler.java:68) ~[undertow-servlet-2.3.18.Final.jar!/:2.3.18.Final]
	at io.undertow.servlet.handlers.security.SSLInformationAssociationHandler.handleRequest(SSLInformationAssociationHandler.java:117) ~[undertow-servlet-2.3.18.Final.jar!/:2.3.18.Final]
	at io.undertow.servlet.handlers.security.ServletAuthenticationCallHandler.handleRequest(ServletAuthenticationCallHandler.java:57) ~[undertow-servlet-2.3.18.Final.jar!/:2.3.18.Final]
	at io.undertow.server.handlers.PredicateHandler.handleRequest(PredicateHandler.java:43) ~[undertow-core-2.3.18.Final.jar!/:2.3.18.Final]
	at io.undertow.security.handlers.AbstractConfidentialityHandler.handleRequest(AbstractConfidentialityHandler.java:46) ~[undertow-core-2.3.18.Final.jar!/:2.3.18.Final]
	at io.undertow.servlet.handlers.security.ServletConfidentialityConstraintHandler.handleRequest(ServletConfidentialityConstraintHandler.java:64) ~[undertow-servlet-2.3.18.Final.jar!/:2.3.18.Final]
	at io.undertow.security.handlers.AuthenticationMechanismsHandler.handleRequest(AuthenticationMechanismsHandler.java:60) ~[undertow-core-2.3.18.Final.jar!/:2.3.18.Final]
	at io.undertow.servlet.handlers.security.CachedAuthenticatedSessionHandler.handleRequest(CachedAuthenticatedSessionHandler.java:77) ~[undertow-servlet-2.3.18.Final.jar!/:2.3.18.Final]
	at io.undertow.security.handlers.AbstractSecurityContextAssociationHandler.handleRequest(AbstractSecurityContextAssociationHandler.java:43) ~[undertow-core-2.3.18.Final.jar!/:2.3.18.Final]
	at io.undertow.server.handlers.PredicateHandler.handleRequest(PredicateHandler.java:43) ~[undertow-core-2.3.18.Final.jar!/:2.3.18.Final]
	at io.undertow.servlet.handlers.SendErrorPageHandler.handleRequest(SendErrorPageHandler.java:52) ~[undertow-servlet-2.3.18.Final.jar!/:2.3.18.Final]
	at io.undertow.server.handlers.PredicateHandler.handleRequest(PredicateHandler.java:43) ~[undertow-core-2.3.18.Final.jar!/:2.3.18.Final]
	at io.undertow.servlet.handlers.ServletInitialHandler.handleFirstRequest(ServletInitialHandler.java:276) ~[undertow-servlet-2.3.18.Final.jar!/:2.3.18.Final]
	at io.undertow.servlet.handlers.ServletInitialHandler$2.call(ServletInitialHandler.java:135) ~[undertow-servlet-2.3.18.Final.jar!/:2.3.18.Final]
	at io.undertow.servlet.handlers.ServletInitialHandler$2.call(ServletInitialHandler.java:132) ~[undertow-servlet-2.3.18.Final.jar!/:2.3.18.Final]
	at io.undertow.servlet.core.ServletRequestContextThreadSetupAction$1.call(ServletRequestContextThreadSetupAction.java:48) ~[undertow-servlet-2.3.18.Final.jar!/:2.3.18.Final]
	at io.undertow.servlet.core.ContextClassLoaderSetupAction$1.call(ContextClassLoaderSetupAction.java:43) ~[undertow-servlet-2.3.18.Final.jar!/:2.3.18.Final]
	at io.undertow.servlet.handlers.ServletInitialHandler.dispatchRequest(ServletInitialHandler.java:256) ~[undertow-servlet-2.3.18.Final.jar!/:2.3.18.Final]
	at io.undertow.servlet.handlers.ServletInitialHandler$1.handleRequest(ServletInitialHandler.java:101) ~[undertow-servlet-2.3.18.Final.jar!/:2.3.18.Final]
	at io.undertow.server.Connectors.executeRootHandler(Connectors.java:395) ~[undertow-core-2.3.18.Final.jar!/:2.3.18.Final]
	at io.undertow.server.HttpServerExchange$1.run(HttpServerExchange.java:861) ~[undertow-core-2.3.18.Final.jar!/:2.3.18.Final]
	at org.jboss.threads.ContextHandler$1.runWith(ContextHandler.java:18) ~[jboss-threads-3.5.0.Final.jar!/:3.5.0.Final]
	at org.jboss.threads.EnhancedQueueExecutor$Task.run(EnhancedQueueExecutor.java:2513) ~[jboss-threads-3.5.0.Final.jar!/:3.5.0.Final]
	at org.jboss.threads.EnhancedQueueExecutor$ThreadBody.run(EnhancedQueueExecutor.java:1538) ~[jboss-threads-3.5.0.Final.jar!/:3.5.0.Final]
	at org.xnio.XnioWorker$WorkerThreadFactory$1$1.run(XnioWorker.java:1282) ~[xnio-api-3.8.16.Final.jar!/:3.8.16.Final]
	at java.base/java.lang.Thread.run(Thread.java:1583) ~[na:na]
Caused by: java.lang.NullPointerException: ContextUtil 不存在租户编号！
	at com.luohuo.basic.context.ContextUtil.getRequiredTenantId(ContextUtil.java:391) ~[luohuo-core-3.0.6.jar!/:3.0.6]
	at com.luohuo.basic.tenant.core.db.TenantDatabaseInterceptor.getTenantId(TenantDatabaseInterceptor.java:42) ~[luohuo-tenant-3.0.6.jar!/:3.0.6]
	at com.baomidou.mybatisplus.extension.plugins.inner.TenantLineInnerInterceptor.buildTableExpression(TenantLineInnerInterceptor.java:262) ~[mybatis-plus-jsqlparser-3.5.11.jar!/:3.5.11]
	at com.baomidou.mybatisplus.extension.plugins.inner.BaseMultiTableInnerInterceptor.lambda$builderExpression$3(BaseMultiTableInnerInterceptor.java:392) ~[mybatis-plus-jsqlparser-3.5.11.jar!/:3.5.11]
	at java.base/java.util.stream.ReferencePipeline$3$1.accept(ReferencePipeline.java:197) ~[na:na]
	at java.base/java.util.ArrayList$ArrayListSpliterator.forEachRemaining(ArrayList.java:1708) ~[na:na]
	at java.base/java.util.stream.AbstractPipeline.copyInto(AbstractPipeline.java:509) ~[na:na]
	at java.base/java.util.stream.AbstractPipeline.wrapAndCopyInto(AbstractPipeline.java:499) ~[na:na]
	at java.base/java.util.stream.ReduceOps$ReduceOp.evaluateSequential(ReduceOps.java:921) ~[na:na]
	at java.base/java.util.stream.AbstractPipeline.evaluate(AbstractPipeline.java:234) ~[na:na]
	at java.base/java.util.stream.ReferencePipeline.collect(ReferencePipeline.java:682) ~[na:na]
	at com.baomidou.mybatisplus.extension.plugins.inner.BaseMultiTableInnerInterceptor.builderExpression(BaseMultiTableInnerInterceptor.java:394) ~[mybatis-plus-jsqlparser-3.5.11.jar!/:3.5.11]
	at com.baomidou.mybatisplus.extension.plugins.inner.BaseMultiTableInnerInterceptor.processPlainSelect(BaseMultiTableInnerInterceptor.java:123) ~[mybatis-plus-jsqlparser-3.5.11.jar!/:3.5.11]
	at com.baomidou.mybatisplus.extension.plugins.inner.BaseMultiTableInnerInterceptor.processSelectBody(BaseMultiTableInnerInterceptor.java:64) ~[mybatis-plus-jsqlparser-3.5.11.jar!/:3.5.11]
	at com.baomidou.mybatisplus.extension.plugins.inner.TenantLineInnerInterceptor.processSelect(TenantLineInnerInterceptor.java:86) ~[mybatis-plus-jsqlparser-3.5.11.jar!/:3.5.11]
	at com.baomidou.mybatisplus.extension.parser.JsqlParserSupport.processParser(JsqlParserSupport.java:90) ~[mybatis-plus-jsqlparser-3.5.11.jar!/:3.5.11]
	at com.baomidou.mybatisplus.extension.parser.JsqlParserSupport.parserSingle(JsqlParserSupport.java:49) ~[mybatis-plus-jsqlparser-3.5.11.jar!/:3.5.11]
	at com.baomidou.mybatisplus.extension.plugins.inner.TenantLineInnerInterceptor.beforeQuery(TenantLineInnerInterceptor.java:66) ~[mybatis-plus-jsqlparser-3.5.11.jar!/:3.5.11]
	at com.baomidou.mybatisplus.extension.plugins.MybatisPlusInterceptor.intercept(MybatisPlusInterceptor.java:78) ~[mybatis-plus-extension-3.5.11.jar!/:3.5.11]
	at org.apache.ibatis.plugin.Plugin.invoke(Plugin.java:59) ~[mybatis-3.5.19.jar!/:3.5.19]
	at jdk.proxy2/jdk.proxy2.$Proxy225.query(Unknown Source) ~[na:na]
	at org.apache.ibatis.session.defaults.DefaultSqlSession.selectList(DefaultSqlSession.java:154) ~[mybatis-3.5.19.jar!/:3.5.19]
	... 134 common frames omitted

