[luohuo-im-server:0000:] 2026-02-18 04:09:32.143[ INFO] 530 [] [main:2403] [com.alibaba.nacos.client.logging.NacosLogging.initLoggingAdapter:52] Nacos Logging Adapter Builder: com.alibaba.nacos.logger.adapter.logback12.LogbackNacosLoggingAdapterBuilder
[luohuo-im-server:0000:] 2026-02-18 04:09:32.180[ INFO] 530 [] [main:2440] [com.alibaba.nacos.client.logging.NacosLogging.initLoggingAdapter:52] Nacos Logging Adapter Builder: com.alibaba.nacos.logger.adapter.logback14.LogbackNacosLoggingAdapterBuilder
[luohuo-im-server:0000:] 2026-02-18 04:09:32.182[ INFO] 530 [] [main:2442] [com.alibaba.nacos.client.logging.NacosLogging.initLoggingAdapter:55] Nacos Logging Adapter: com.alibaba.nacos.logger.adapter.logback14.LogbackNacosLoggingAdapter match ch.qos.logback.classic.Logger success.
[luohuo-im-server:0000:] 2026-02-18 04:09:32.199[ INFO] 530 [] [main:2459] [com.alibaba.nacos.client.logging.NacosLogging.initLoggingAdapter:52] Nacos Logging Adapter Builder: com.alibaba.nacos.logger.adapter.log4j2.Log4j2NacosLoggingAdapterBuilder
[luohuo-im-server:0000:] 2026-02-18 04:09:33.952[ INFO] 530 [] [main:4212] [c.a.n.p.auth.spi.client.ClientAuthPluginManager.init:56] [ClientAuthPluginManager] Load ClientAuthService com.alibaba.nacos.client.auth.impl.NacosClientAuthServiceImpl success.
[luohuo-im-server:0000:] 2026-02-18 04:09:33.953[ INFO] 530 [] [main:4213] [c.a.n.p.auth.spi.client.ClientAuthPluginManager.init:56] [ClientAuthPluginManager] Load ClientAuthService com.alibaba.nacos.client.auth.ram.RamClientAuthServiceImpl success.
[luohuo-im-server:0000:] 2026-02-18 04:09:36.278[ WARN] 530 [] [main:6538] [c.a.cloud.nacos.client.NacosPropertySourceBuilder.loadNacosData:97] Ignore the empty nacos configuration and get it based on dataId[common.yml] & group[DEFAULT_GROUP]
[luohuo-im-server:0000:] 2026-02-18 04:09:36.683[ WARN] 530 [] [main:6943] [c.a.cloud.nacos.client.NacosPropertySourceBuilder.loadNacosData:97] Ignore the empty nacos configuration and get it based on dataId[redis.yml] & group[DEFAULT_GROUP]
[luohuo-im-server:0000:] 2026-02-18 04:09:37.086[ WARN] 530 [] [main:7346] [c.a.cloud.nacos.client.NacosPropertySourceBuilder.loadNacosData:97] Ignore the empty nacos configuration and get it based on dataId[mysql.yml] & group[DEFAULT_GROUP]
[luohuo-im-server:0000:] 2026-02-18 04:09:37.490[ WARN] 530 [] [main:7750] [c.a.cloud.nacos.client.NacosPropertySourceBuilder.loadNacosData:97] Ignore the empty nacos configuration and get it based on dataId[rocketmq.yml] & group[DEFAULT_GROUP]
[luohuo-im-server:0000:] 2026-02-18 04:09:37.893[ WARN] 530 [] [main:8153] [c.a.cloud.nacos.client.NacosPropertySourceBuilder.loadNacosData:97] Ignore the empty nacos configuration and get it based on dataId[luohuo-im-server] & group[DEFAULT_GROUP]
[luohuo-im-server:0000:] 2026-02-18 04:09:38.297[ WARN] 530 [] [main:8557] [c.a.cloud.nacos.client.NacosPropertySourceBuilder.loadNacosData:97] Ignore the empty nacos configuration and get it based on dataId[luohuo-im-server.yml] & group[DEFAULT_GROUP]
[luohuo-im-server:0000:] 2026-02-18 04:09:38.701[ WARN] 530 [] [main:8961] [c.a.cloud.nacos.client.NacosPropertySourceBuilder.loadNacosData:97] Ignore the empty nacos configuration and get it based on dataId[luohuo-im-server-dev.yml] & group[DEFAULT_GROUP]
[luohuo-im-server:0000:] 2026-02-18 04:09:38.703[ INFO] 530 [] [main:8963] [o.s.c.b.c.PropertySourceBootstrapConfiguration.doInitialize:134] Located property source: [BootstrapPropertySource {name='bootstrapProperties-luohuo-im-server-dev.yml,DEFAULT_GROUP'}, BootstrapPropertySource {name='bootstrapProperties-luohuo-im-server.yml,DEFAULT_GROUP'}, BootstrapPropertySource {name='bootstrapProperties-luohuo-im-server,DEFAULT_GROUP'}, BootstrapPropertySource {name='bootstrapProperties-rocketmq.yml,DEFAULT_GROUP'}, BootstrapPropertySource {name='bootstrapProperties-mysql.yml,DEFAULT_GROUP'}, BootstrapPropertySource {name='bootstrapProperties-redis.yml,DEFAULT_GROUP'}, BootstrapPropertySource {name='bootstrapProperties-common.yml,DEFAULT_GROUP'}]
[luohuo-im-server:0000:] 2026-02-18 04:09:38.790[ INFO] 530 [] [main:9050] [com.luohuo.flex.ImServerApplication.logStartupProfileInfo:658] The following 1 profile is active: "dev"
[luohuo-im-server:0000:] 2026-02-18 04:09:41.212[ INFO] 530 [] [main:11472] [o.s.b.factory.support.DefaultListableBeanFactory.logBeanDefinitionOverriding:1273] Overriding bean definition for bean 'system-server.FeignClientSpecification' with an equivalent definition: replacing [Generic bean: class=org.springframework.cloud.openfeign.FeignClientSpecification; scope=; abstract=false; lazyInit=null; autowireMode=0; dependencyCheck=0; autowireCandidate=true; primary=false; fallback=false; factoryBeanName=null; factoryMethodName=null; initMethodNames=null; destroyMethodNames=null] with [Generic bean: class=org.springframework.cloud.openfeign.FeignClientSpecification; scope=; abstract=false; lazyInit=null; autowireMode=0; dependencyCheck=0; autowireCandidate=true; primary=false; fallback=false; factoryBeanName=null; factoryMethodName=null; initMethodNames=null; destroyMethodNames=null]
[luohuo-im-server:0000:] 2026-02-18 04:09:41.213[ INFO] 530 [] [main:11473] [o.s.b.factory.support.DefaultListableBeanFactory.logBeanDefinitionOverriding:1273] Overriding bean definition for bean 'com.luohuo.basic.tenant.TenantCommonApi' with an equivalent definition: replacing [Generic bean: class=org.springframework.cloud.openfeign.FeignClientFactoryBean; scope=; abstract=false; lazyInit=null; autowireMode=2; dependencyCheck=0; autowireCandidate=true; primary=true; fallback=false; factoryBeanName=null; factoryMethodName=null; initMethodNames=null; destroyMethodNames=null] with [Generic bean: class=org.springframework.cloud.openfeign.FeignClientFactoryBean; scope=; abstract=false; lazyInit=null; autowireMode=2; dependencyCheck=0; autowireCandidate=true; primary=true; fallback=false; factoryBeanName=null; factoryMethodName=null; initMethodNames=null; destroyMethodNames=null]
[luohuo-im-server:0000:] 2026-02-18 04:09:41.215[ INFO] 530 [] [main:11475] [o.s.b.factory.support.DefaultListableBeanFactory.logBeanDefinitionOverriding:1261] Overriding bean definition for bean '${luohuo.feign.base-server:luohuo-base-server}.FeignClientSpecification' with a different definition: replacing [Generic bean: class=org.springframework.cloud.openfeign.FeignClientSpecification; scope=; abstract=false; lazyInit=null; autowireMode=0; dependencyCheck=0; autowireCandidate=true; primary=false; fallback=false; factoryBeanName=null; factoryMethodName=null; initMethodNames=null; destroyMethodNames=null] with [Generic bean: class=org.springframework.cloud.openfeign.FeignClientSpecification; scope=; abstract=false; lazyInit=null; autowireMode=0; dependencyCheck=0; autowireCandidate=true; primary=false; fallback=false; factoryBeanName=null; factoryMethodName=null; initMethodNames=null; destroyMethodNames=null]
[luohuo-im-server:0000:] 2026-02-18 04:09:41.219[ INFO] 530 [] [main:11479] [o.s.b.factory.support.DefaultListableBeanFactory.logBeanDefinitionOverriding:1261] Overriding bean definition for bean '${luohuo.feign.oauth-server:luohuo-oauth-server}.FeignClientSpecification' with a different definition: replacing [Generic bean: class=org.springframework.cloud.openfeign.FeignClientSpecification; scope=; abstract=false; lazyInit=null; autowireMode=0; dependencyCheck=0; autowireCandidate=true; primary=false; fallback=false; factoryBeanName=null; factoryMethodName=null; initMethodNames=null; destroyMethodNames=null] with [Generic bean: class=org.springframework.cloud.openfeign.FeignClientSpecification; scope=; abstract=false; lazyInit=null; autowireMode=0; dependencyCheck=0; autowireCandidate=true; primary=false; fallback=false; factoryBeanName=null; factoryMethodName=null; initMethodNames=null; destroyMethodNames=null]
[luohuo-im-server:0000:] 2026-02-18 04:09:41.220[ INFO] 530 [] [main:11480] [o.s.b.factory.support.DefaultListableBeanFactory.logBeanDefinitionOverriding:1261] Overriding bean definition for bean '${luohuo.feign.oauth-server:luohuo-oauth-server}.FeignClientSpecification' with a different definition: replacing [Generic bean: class=org.springframework.cloud.openfeign.FeignClientSpecification; scope=; abstract=false; lazyInit=null; autowireMode=0; dependencyCheck=0; autowireCandidate=true; primary=false; fallback=false; factoryBeanName=null; factoryMethodName=null; initMethodNames=null; destroyMethodNames=null] with [Generic bean: class=org.springframework.cloud.openfeign.FeignClientSpecification; scope=; abstract=false; lazyInit=null; autowireMode=0; dependencyCheck=0; autowireCandidate=true; primary=false; fallback=false; factoryBeanName=null; factoryMethodName=null; initMethodNames=null; destroyMethodNames=null]
[luohuo-im-server:0000:] 2026-02-18 04:09:41.222[ INFO] 530 [] [main:11482] [o.s.b.factory.support.DefaultListableBeanFactory.logBeanDefinitionOverriding:1261] Overriding bean definition for bean '${luohuo.feign.oauth-server:luohuo-oauth-server}.FeignClientSpecification' with a different definition: replacing [Generic bean: class=org.springframework.cloud.openfeign.FeignClientSpecification; scope=; abstract=false; lazyInit=null; autowireMode=0; dependencyCheck=0; autowireCandidate=true; primary=false; fallback=false; factoryBeanName=null; factoryMethodName=null; initMethodNames=null; destroyMethodNames=null] with [Generic bean: class=org.springframework.cloud.openfeign.FeignClientSpecification; scope=; abstract=false; lazyInit=null; autowireMode=0; dependencyCheck=0; autowireCandidate=true; primary=false; fallback=false; factoryBeanName=null; factoryMethodName=null; initMethodNames=null; destroyMethodNames=null]
[luohuo-im-server:0000:] 2026-02-18 04:09:41.223[ INFO] 530 [] [main:11483] [o.s.b.factory.support.DefaultListableBeanFactory.logBeanDefinitionOverriding:1261] Overriding bean definition for bean '${luohuo.feign.oauth-server:luohuo-oauth-server}.FeignClientSpecification' with a different definition: replacing [Generic bean: class=org.springframework.cloud.openfeign.FeignClientSpecification; scope=; abstract=false; lazyInit=null; autowireMode=0; dependencyCheck=0; autowireCandidate=true; primary=false; fallback=false; factoryBeanName=null; factoryMethodName=null; initMethodNames=null; destroyMethodNames=null] with [Generic bean: class=org.springframework.cloud.openfeign.FeignClientSpecification; scope=; abstract=false; lazyInit=null; autowireMode=0; dependencyCheck=0; autowireCandidate=true; primary=false; fallback=false; factoryBeanName=null; factoryMethodName=null; initMethodNames=null; destroyMethodNames=null]
[luohuo-im-server:0000:] 2026-02-18 04:09:41.224[ INFO] 530 [] [main:11484] [o.s.b.factory.support.DefaultListableBeanFactory.logBeanDefinitionOverriding:1261] Overriding bean definition for bean '${luohuo.feign.oauth-server:luohuo-oauth-server}.FeignClientSpecification' with a different definition: replacing [Generic bean: class=org.springframework.cloud.openfeign.FeignClientSpecification; scope=; abstract=false; lazyInit=null; autowireMode=0; dependencyCheck=0; autowireCandidate=true; primary=false; fallback=false; factoryBeanName=null; factoryMethodName=null; initMethodNames=null; destroyMethodNames=null] with [Generic bean: class=org.springframework.cloud.openfeign.FeignClientSpecification; scope=; abstract=false; lazyInit=null; autowireMode=0; dependencyCheck=0; autowireCandidate=true; primary=false; fallback=false; factoryBeanName=null; factoryMethodName=null; initMethodNames=null; destroyMethodNames=null]
[luohuo-im-server:0000:] 2026-02-18 04:09:41.226[ INFO] 530 [] [main:11486] [o.s.b.factory.support.DefaultListableBeanFactory.logBeanDefinitionOverriding:1261] Overriding bean definition for bean '${luohuo.feign.base-server:luohuo-base-server}.FeignClientSpecification' with a different definition: replacing [Generic bean: class=org.springframework.cloud.openfeign.FeignClientSpecification; scope=; abstract=false; lazyInit=null; autowireMode=0; dependencyCheck=0; autowireCandidate=true; primary=false; fallback=false; factoryBeanName=null; factoryMethodName=null; initMethodNames=null; destroyMethodNames=null] with [Generic bean: class=org.springframework.cloud.openfeign.FeignClientSpecification; scope=; abstract=false; lazyInit=null; autowireMode=0; dependencyCheck=0; autowireCandidate=true; primary=false; fallback=false; factoryBeanName=null; factoryMethodName=null; initMethodNames=null; destroyMethodNames=null]
[luohuo-im-server:0000:] 2026-02-18 04:09:41.228[ INFO] 530 [] [main:11488] [o.s.b.factory.support.DefaultListableBeanFactory.logBeanDefinitionOverriding:1261] Overriding bean definition for bean '${luohuo.feign.base-server:luohuo-base-server}.FeignClientSpecification' with a different definition: replacing [Generic bean: class=org.springframework.cloud.openfeign.FeignClientSpecification; scope=; abstract=false; lazyInit=null; autowireMode=0; dependencyCheck=0; autowireCandidate=true; primary=false; fallback=false; factoryBeanName=null; factoryMethodName=null; initMethodNames=null; destroyMethodNames=null] with [Generic bean: class=org.springframework.cloud.openfeign.FeignClientSpecification; scope=; abstract=false; lazyInit=null; autowireMode=0; dependencyCheck=0; autowireCandidate=true; primary=false; fallback=false; factoryBeanName=null; factoryMethodName=null; initMethodNames=null; destroyMethodNames=null]
[luohuo-im-server:0000:] 2026-02-18 04:09:42.252[ INFO] 530 [] [main:12512] [o.s.d.r.config.RepositoryConfigurationDelegate.multipleStoresDetected:295] Multiple Spring Data modules found, entering strict repository configuration mode
[luohuo-im-server:0000:] 2026-02-18 04:09:42.256[ INFO] 530 [] [main:12516] [o.s.d.r.config.RepositoryConfigurationDelegate.registerRepositoriesIn:143] Bootstrapping Spring Data Redis repositories in DEFAULT mode.
[luohuo-im-server:0000:] 2026-02-18 04:09:42.353[ INFO] 530 [] [main:12613] [o.s.d.r.config.RepositoryConfigurationDelegate.registerRepositoriesIn:211] Finished Spring Data repository scanning in 71 ms. Found 0 Redis repository interfaces.
[luohuo-im-server:0000:] 2026-02-18 04:09:43.050[ INFO] 530 [] [main:13310] [o.springframework.cloud.context.scope.GenericScope.setSerializationId:282] BeanFactory id=2e18df30-5786-39eb-845e-28a7854872c8
[luohuo-im-server:0000:] 2026-02-18 04:09:43.241[ WARN] 530 [] [main:13501] [o.s.c.s.PostProcessorRegistrationDelegate$BeanPostProcessorChecker.postProcessAfterInitialization:429] Bean 'com.luohuo.basic.validator.config.ValidatorConfiguration' of type [com.luohuo.basic.validator.config.ValidatorConfiguration] is not eligible for getting processed by all BeanPostProcessors (for example: not eligible for auto-proxying). The currently created BeanPostProcessor [methodValidationPostProcessor] is declared through a non-static factory method on that class; consider declaring it as static instead.
[luohuo-im-server:0000:] 2026-02-18 04:09:43.314[ WARN] 530 [] [main:13574] [o.s.c.s.PostProcessorRegistrationDelegate$BeanPostProcessorChecker.postProcessAfterInitialization:437] Bean 'validator' of type [org.hibernate.validator.internal.engine.ValidatorImpl] is not eligible for getting processed by all BeanPostProcessors (for example: not eligible for auto-proxying). Is this bean getting eagerly injected/applied to a currently created BeanPostProcessor [methodValidationPostProcessor]? Check the corresponding BeanPostProcessor declaration and its dependencies/advisors. If this bean does not have to be post-processed, declare it with ROLE_INFRASTRUCTURE.
[luohuo-im-server:0000:] 2026-02-18 04:09:44.194[ WARN] 530 [] [main:14454] [o.s.c.s.PostProcessorRegistrationDelegate$BeanPostProcessorChecker.postProcessAfterInitialization:429] Bean 'tenantAutoConfiguration' of type [com.luohuo.basic.tenant.config.TenantAutoConfiguration] is not eligible for getting processed by all BeanPostProcessors (for example: not eligible for auto-proxying). The currently created BeanPostProcessor [tenantRocketMQInitializer] is declared through a non-static factory method on that class; consider declaring it as static instead.
[luohuo-im-server:0000:] 2026-02-18 04:09:44.384[ WARN] 530 [] [main:14644] [o.s.b.w.s.c.AnnotationConfigServletWebServerApplicationContext.refresh:635] Exception encountered during context initialization - cancelling refresh attempt: org.springframework.context.ApplicationContextException: Unable to start web server
[luohuo-im-server:0000:] 2026-02-18 04:09:44.419[ INFO] 530 [] [main:14679] [o.s.b.a.logging.ConditionEvaluationReportLogger.logMessage:82] 

Error starting ApplicationContext. To display the condition evaluation report re-run your application with 'debug' enabled.
[luohuo-im-server:0000:] 2026-02-18 04:09:44.474[ERROR] 530 [] [main:14734] [org.springframework.boot.SpringApplication.reportFailure:857] Application run failed

org.springframework.context.ApplicationContextException: Unable to start web server
	at org.springframework.boot.web.servlet.context.ServletWebServerApplicationContext.onRefresh(ServletWebServerApplicationContext.java:170) ~[spring-boot-3.4.4.jar!/:3.4.4]
	at org.springframework.context.support.AbstractApplicationContext.refresh(AbstractApplicationContext.java:621) ~[spring-context-6.2.5.jar!/:6.2.5]
	at org.springframework.boot.web.servlet.context.ServletWebServerApplicationContext.refresh(ServletWebServerApplicationContext.java:146) ~[spring-boot-3.4.4.jar!/:3.4.4]
	at org.springframework.boot.SpringApplication.refresh(SpringApplication.java:752) ~[spring-boot-3.4.4.jar!/:3.4.4]
	at org.springframework.boot.SpringApplication.refreshContext(SpringApplication.java:439) ~[spring-boot-3.4.4.jar!/:3.4.4]
	at org.springframework.boot.SpringApplication.run(SpringApplication.java:318) ~[spring-boot-3.4.4.jar!/:3.4.4]
	at org.springframework.boot.SpringApplication.run(SpringApplication.java:1361) ~[spring-boot-3.4.4.jar!/:3.4.4]
	at org.springframework.boot.SpringApplication.run(SpringApplication.java:1350) ~[spring-boot-3.4.4.jar!/:3.4.4]
	at com.luohuo.flex.common.ServerApplication.start(ServerApplication.java:20) ~[luohuo-common-3.0.6.jar!/:3.0.6]
	at com.luohuo.flex.ImServerApplication.main(ImServerApplication.java:42) ~[!/:3.0.6]
	at java.base/jdk.internal.reflect.DirectMethodHandleAccessor.invoke(DirectMethodHandleAccessor.java:103) ~[na:na]
	at java.base/java.lang.reflect.Method.invoke(Method.java:580) ~[na:na]
	at org.springframework.boot.loader.launch.Launcher.launch(Launcher.java:102) ~[luohuo-im-server.jar:3.0.6]
	at org.springframework.boot.loader.launch.Launcher.launch(Launcher.java:64) ~[luohuo-im-server.jar:3.0.6]
	at org.springframework.boot.loader.launch.JarLauncher.main(JarLauncher.java:40) ~[luohuo-im-server.jar:3.0.6]
Caused by: org.springframework.beans.factory.BeanCreationException: Error creating bean with name 'undertowServletWebServerFactory' defined in class path resource [org/springframework/boot/autoconfigure/web/servlet/ServletWebServerFactoryConfiguration$EmbeddedUndertow.class]: Error creating bean with name 'systemWebConfiguration': Injection of autowired dependencies failed
	at org.springframework.beans.factory.support.AbstractAutowireCapableBeanFactory.doCreateBean(AbstractAutowireCapableBeanFactory.java:608) ~[spring-beans-6.2.5.jar!/:6.2.5]
	at org.springframework.beans.factory.support.AbstractAutowireCapableBeanFactory.createBean(AbstractAutowireCapableBeanFactory.java:523) ~[spring-beans-6.2.5.jar!/:6.2.5]
	at org.springframework.beans.factory.support.AbstractBeanFactory.lambda$doGetBean$0(AbstractBeanFactory.java:339) ~[spring-beans-6.2.5.jar!/:6.2.5]
	at org.springframework.beans.factory.support.DefaultSingletonBeanRegistry.getSingleton(DefaultSingletonBeanRegistry.java:347) ~[spring-beans-6.2.5.jar!/:6.2.5]
	at org.springframework.beans.factory.support.AbstractBeanFactory.doGetBean(AbstractBeanFactory.java:337) ~[spring-beans-6.2.5.jar!/:6.2.5]
	at org.springframework.beans.factory.support.AbstractBeanFactory.getBean(AbstractBeanFactory.java:207) ~[spring-beans-6.2.5.jar!/:6.2.5]
	at org.springframework.boot.web.servlet.context.ServletWebServerApplicationContext.getWebServerFactory(ServletWebServerApplicationContext.java:228) ~[spring-boot-3.4.4.jar!/:3.4.4]
	at org.springframework.boot.web.servlet.context.ServletWebServerApplicationContext.createWebServer(ServletWebServerApplicationContext.java:191) ~[spring-boot-3.4.4.jar!/:3.4.4]
	at org.springframework.boot.web.servlet.context.ServletWebServerApplicationContext.onRefresh(ServletWebServerApplicationContext.java:167) ~[spring-boot-3.4.4.jar!/:3.4.4]
	... 14 common frames omitted
Caused by: org.springframework.beans.factory.BeanCreationException: Error creating bean with name 'systemWebConfiguration': Injection of autowired dependencies failed
	at org.springframework.beans.factory.annotation.AutowiredAnnotationBeanPostProcessor.postProcessProperties(AutowiredAnnotationBeanPostProcessor.java:515) ~[spring-beans-6.2.5.jar!/:6.2.5]
	at org.springframework.beans.factory.support.AbstractAutowireCapableBeanFactory.populateBean(AbstractAutowireCapableBeanFactory.java:1445) ~[spring-beans-6.2.5.jar!/:6.2.5]
	at org.springframework.beans.factory.support.AbstractAutowireCapableBeanFactory.doCreateBean(AbstractAutowireCapableBeanFactory.java:600) ~[spring-beans-6.2.5.jar!/:6.2.5]
	at org.springframework.beans.factory.support.AbstractAutowireCapableBeanFactory.createBean(AbstractAutowireCapableBeanFactory.java:523) ~[spring-beans-6.2.5.jar!/:6.2.5]
	at org.springframework.beans.factory.support.AbstractBeanFactory.lambda$doGetBean$0(AbstractBeanFactory.java:339) ~[spring-beans-6.2.5.jar!/:6.2.5]
	at org.springframework.beans.factory.support.DefaultSingletonBeanRegistry.getSingleton(DefaultSingletonBeanRegistry.java:347) ~[spring-beans-6.2.5.jar!/:6.2.5]
	at org.springframework.beans.factory.support.AbstractBeanFactory.doGetBean(AbstractBeanFactory.java:337) ~[spring-beans-6.2.5.jar!/:6.2.5]
	at org.springframework.beans.factory.support.AbstractBeanFactory.getBean(AbstractBeanFactory.java:202) ~[spring-beans-6.2.5.jar!/:6.2.5]
	at org.springframework.beans.factory.support.ConstructorResolver.instantiateUsingFactoryMethod(ConstructorResolver.java:413) ~[spring-beans-6.2.5.jar!/:6.2.5]
	at org.springframework.beans.factory.support.AbstractAutowireCapableBeanFactory.instantiateUsingFactoryMethod(AbstractAutowireCapableBeanFactory.java:1361) ~[spring-beans-6.2.5.jar!/:6.2.5]
	at org.springframework.beans.factory.support.AbstractAutowireCapableBeanFactory.createBeanInstance(AbstractAutowireCapableBeanFactory.java:1191) ~[spring-beans-6.2.5.jar!/:6.2.5]
	at org.springframework.beans.factory.support.AbstractAutowireCapableBeanFactory.doCreateBean(AbstractAutowireCapableBeanFactory.java:563) ~[spring-beans-6.2.5.jar!/:6.2.5]
	at org.springframework.beans.factory.support.AbstractAutowireCapableBeanFactory.createBean(AbstractAutowireCapableBeanFactory.java:523) ~[spring-beans-6.2.5.jar!/:6.2.5]
	at org.springframework.beans.factory.support.AbstractBeanFactory.lambda$doGetBean$0(AbstractBeanFactory.java:339) ~[spring-beans-6.2.5.jar!/:6.2.5]
	at org.springframework.beans.factory.support.DefaultSingletonBeanRegistry.getSingleton(DefaultSingletonBeanRegistry.java:347) ~[spring-beans-6.2.5.jar!/:6.2.5]
	at org.springframework.beans.factory.support.AbstractBeanFactory.doGetBean(AbstractBeanFactory.java:337) ~[spring-beans-6.2.5.jar!/:6.2.5]
	at org.springframework.beans.factory.support.AbstractBeanFactory.getBean(AbstractBeanFactory.java:202) ~[spring-beans-6.2.5.jar!/:6.2.5]
	at org.springframework.beans.factory.support.DefaultListableBeanFactory.getBeansOfType(DefaultListableBeanFactory.java:721) ~[spring-beans-6.2.5.jar!/:6.2.5]
	at org.springframework.boot.web.server.WebServerFactoryCustomizerBeanPostProcessor.getWebServerFactoryCustomizerBeans(WebServerFactoryCustomizerBeanPostProcessor.java:87) ~[spring-boot-3.4.4.jar!/:3.4.4]
	at org.springframework.boot.web.server.WebServerFactoryCustomizerBeanPostProcessor.getCustomizers(WebServerFactoryCustomizerBeanPostProcessor.java:78) ~[spring-boot-3.4.4.jar!/:3.4.4]
	at org.springframework.boot.web.server.WebServerFactoryCustomizerBeanPostProcessor.postProcessBeforeInitialization(WebServerFactoryCustomizerBeanPostProcessor.java:70) ~[spring-boot-3.4.4.jar!/:3.4.4]
	at org.springframework.boot.web.server.WebServerFactoryCustomizerBeanPostProcessor.postProcessBeforeInitialization(WebServerFactoryCustomizerBeanPostProcessor.java:58) ~[spring-boot-3.4.4.jar!/:3.4.4]
	at org.springframework.beans.factory.support.AbstractAutowireCapableBeanFactory.applyBeanPostProcessorsBeforeInitialization(AbstractAutowireCapableBeanFactory.java:423) ~[spring-beans-6.2.5.jar!/:6.2.5]
	at org.springframework.beans.factory.support.AbstractAutowireCapableBeanFactory.initializeBean(AbstractAutowireCapableBeanFactory.java:1804) ~[spring-beans-6.2.5.jar!/:6.2.5]
	at org.springframework.beans.factory.support.AbstractAutowireCapableBeanFactory.doCreateBean(AbstractAutowireCapableBeanFactory.java:601) ~[spring-beans-6.2.5.jar!/:6.2.5]
	... 22 common frames omitted
Caused by: org.springframework.util.PlaceholderResolutionException: Could not resolve placeholder 'luohuo.version' in value "${luohuo.version}"
	at org.springframework.util.PlaceholderResolutionException.withValue(PlaceholderResolutionException.java:81) ~[spring-core-6.2.5.jar!/:6.2.5]
	at org.springframework.util.PlaceholderParser$ParsedValue.resolve(PlaceholderParser.java:423) ~[spring-core-6.2.5.jar!/:6.2.5]
	at org.springframework.util.PlaceholderParser.replacePlaceholders(PlaceholderParser.java:128) ~[spring-core-6.2.5.jar!/:6.2.5]
	at org.springframework.util.PropertyPlaceholderHelper.parseStringValue(PropertyPlaceholderHelper.java:118) ~[spring-core-6.2.5.jar!/:6.2.5]
	at org.springframework.util.PropertyPlaceholderHelper.replacePlaceholders(PropertyPlaceholderHelper.java:114) ~[spring-core-6.2.5.jar!/:6.2.5]
	at org.springframework.core.env.AbstractPropertyResolver.doResolvePlaceholders(AbstractPropertyResolver.java:255) ~[spring-core-6.2.5.jar!/:6.2.5]
	at org.springframework.core.env.AbstractPropertyResolver.resolveRequiredPlaceholders(AbstractPropertyResolver.java:226) ~[spring-core-6.2.5.jar!/:6.2.5]
	at org.springframework.context.support.PropertySourcesPlaceholderConfigurer.lambda$processProperties$0(PropertySourcesPlaceholderConfigurer.java:201) ~[spring-context-6.2.5.jar!/:6.2.5]
	at org.springframework.beans.factory.support.AbstractBeanFactory.resolveEmbeddedValue(AbstractBeanFactory.java:971) ~[spring-beans-6.2.5.jar!/:6.2.5]
	at org.springframework.beans.factory.support.DefaultListableBeanFactory.doResolveDependency(DefaultListableBeanFactory.java:1577) ~[spring-beans-6.2.5.jar!/:6.2.5]
	at org.springframework.beans.factory.support.DefaultListableBeanFactory.resolveDependency(DefaultListableBeanFactory.java:1555) ~[spring-beans-6.2.5.jar!/:6.2.5]
	at org.springframework.beans.factory.annotation.AutowiredAnnotationBeanPostProcessor$AutowiredFieldElement.resolveFieldValue(AutowiredAnnotationBeanPostProcessor.java:785) ~[spring-beans-6.2.5.jar!/:6.2.5]
	at org.springframework.beans.factory.annotation.AutowiredAnnotationBeanPostProcessor$AutowiredFieldElement.inject(AutowiredAnnotationBeanPostProcessor.java:768) ~[spring-beans-6.2.5.jar!/:6.2.5]
	at org.springframework.beans.factory.annotation.InjectionMetadata.inject(InjectionMetadata.java:146) ~[spring-beans-6.2.5.jar!/:6.2.5]
	at org.springframework.beans.factory.annotation.AutowiredAnnotationBeanPostProcessor.postProcessProperties(AutowiredAnnotationBeanPostProcessor.java:509) ~[spring-beans-6.2.5.jar!/:6.2.5]
	... 46 common frames omitted

[luohuo-im-server:0000:] 2026-02-18 04:09:44.481[ INFO] 530 [] [Thread-2:14741] [c.alibaba.nacos.common.executor.ThreadPoolManager.lambda$static$0:54] [ThreadPoolManager] Start destroying ThreadPool
[luohuo-im-server:0000:] 2026-02-18 04:09:44.482[ INFO] 530 [] [Thread-24:14742] [com.alibaba.nacos.common.notify.NotifyCenter.shutdown:134] [NotifyCenter] Start destroying Publisher
[luohuo-im-server:0000:] 2026-02-18 04:09:44.482[ INFO] 530 [] [Thread-22:14742] [c.alibaba.nacos.common.http.HttpClientBeanHolder.shutdown:102] [HttpClientBeanHolder] Start destroying common HttpClient
[luohuo-im-server:0000:] 2026-02-18 04:09:44.482[ INFO] 530 [] [Thread-24:14742] [com.alibaba.nacos.common.notify.NotifyCenter.shutdown:151] [NotifyCenter] Completed destruction of Publisher
[luohuo-im-server:0000:] 2026-02-18 04:09:44.482[ INFO] 530 [] [Thread-2:14742] [c.alibaba.nacos.common.executor.ThreadPoolManager.lambda$static$0:56] [ThreadPoolManager] Completed destruction of ThreadPool
[luohuo-im-server:0000:] 2026-02-18 04:10:35.624[ INFO] 785 [] [main:2256] [com.alibaba.nacos.client.logging.NacosLogging.initLoggingAdapter:52] Nacos Logging Adapter Builder: com.alibaba.nacos.logger.adapter.logback12.LogbackNacosLoggingAdapterBuilder
[luohuo-im-server:0000:] 2026-02-18 04:10:35.638[ INFO] 785 [] [main:2270] [com.alibaba.nacos.client.logging.NacosLogging.initLoggingAdapter:52] Nacos Logging Adapter Builder: com.alibaba.nacos.logger.adapter.logback14.LogbackNacosLoggingAdapterBuilder
[luohuo-im-server:0000:] 2026-02-18 04:10:35.639[ INFO] 785 [] [main:2271] [com.alibaba.nacos.client.logging.NacosLogging.initLoggingAdapter:55] Nacos Logging Adapter: com.alibaba.nacos.logger.adapter.logback14.LogbackNacosLoggingAdapter match ch.qos.logback.classic.Logger success.
[luohuo-im-server:0000:] 2026-02-18 04:10:35.656[ INFO] 785 [] [main:2288] [com.alibaba.nacos.client.logging.NacosLogging.initLoggingAdapter:52] Nacos Logging Adapter Builder: com.alibaba.nacos.logger.adapter.log4j2.Log4j2NacosLoggingAdapterBuilder
[luohuo-im-server:0000:] 2026-02-18 04:10:37.305[ INFO] 785 [] [main:3937] [c.a.n.p.auth.spi.client.ClientAuthPluginManager.init:56] [ClientAuthPluginManager] Load ClientAuthService com.alibaba.nacos.client.auth.impl.NacosClientAuthServiceImpl success.
[luohuo-im-server:0000:] 2026-02-18 04:10:37.305[ INFO] 785 [] [main:3937] [c.a.n.p.auth.spi.client.ClientAuthPluginManager.init:56] [ClientAuthPluginManager] Load ClientAuthService com.alibaba.nacos.client.auth.ram.RamClientAuthServiceImpl success.
[luohuo-im-server:0000:] 2026-02-18 04:10:39.441[ WARN] 785 [] [main:6073] [c.a.cloud.nacos.client.NacosPropertySourceBuilder.loadNacosData:97] Ignore the empty nacos configuration and get it based on dataId[common.yml] & group[DEFAULT_GROUP]
[luohuo-im-server:0000:] 2026-02-18 04:10:39.846[ WARN] 785 [] [main:6478] [c.a.cloud.nacos.client.NacosPropertySourceBuilder.loadNacosData:97] Ignore the empty nacos configuration and get it based on dataId[redis.yml] & group[DEFAULT_GROUP]
[luohuo-im-server:0000:] 2026-02-18 04:10:40.249[ WARN] 785 [] [main:6881] [c.a.cloud.nacos.client.NacosPropertySourceBuilder.loadNacosData:97] Ignore the empty nacos configuration and get it based on dataId[mysql.yml] & group[DEFAULT_GROUP]
[luohuo-im-server:0000:] 2026-02-18 04:10:40.652[ WARN] 785 [] [main:7284] [c.a.cloud.nacos.client.NacosPropertySourceBuilder.loadNacosData:97] Ignore the empty nacos configuration and get it based on dataId[rocketmq.yml] & group[DEFAULT_GROUP]
[luohuo-im-server:0000:] 2026-02-18 04:10:41.056[ WARN] 785 [] [main:7688] [c.a.cloud.nacos.client.NacosPropertySourceBuilder.loadNacosData:97] Ignore the empty nacos configuration and get it based on dataId[luohuo-im-server] & group[DEFAULT_GROUP]
[luohuo-im-server:0000:] 2026-02-18 04:10:41.460[ WARN] 785 [] [main:8092] [c.a.cloud.nacos.client.NacosPropertySourceBuilder.loadNacosData:97] Ignore the empty nacos configuration and get it based on dataId[luohuo-im-server.yml] & group[DEFAULT_GROUP]
[luohuo-im-server:0000:] 2026-02-18 04:10:41.864[ WARN] 785 [] [main:8496] [c.a.cloud.nacos.client.NacosPropertySourceBuilder.loadNacosData:97] Ignore the empty nacos configuration and get it based on dataId[luohuo-im-server-dev.yml] & group[DEFAULT_GROUP]
[luohuo-im-server:0000:] 2026-02-18 04:10:41.866[ INFO] 785 [] [main:8498] [o.s.c.b.c.PropertySourceBootstrapConfiguration.doInitialize:134] Located property source: [BootstrapPropertySource {name='bootstrapProperties-luohuo-im-server-dev.yml,DEFAULT_GROUP'}, BootstrapPropertySource {name='bootstrapProperties-luohuo-im-server.yml,DEFAULT_GROUP'}, BootstrapPropertySource {name='bootstrapProperties-luohuo-im-server,DEFAULT_GROUP'}, BootstrapPropertySource {name='bootstrapProperties-rocketmq.yml,DEFAULT_GROUP'}, BootstrapPropertySource {name='bootstrapProperties-mysql.yml,DEFAULT_GROUP'}, BootstrapPropertySource {name='bootstrapProperties-redis.yml,DEFAULT_GROUP'}, BootstrapPropertySource {name='bootstrapProperties-common.yml,DEFAULT_GROUP'}]
[luohuo-im-server:0000:] 2026-02-18 04:10:41.975[ INFO] 785 [] [main:8607] [com.luohuo.flex.ImServerApplication.logStartupProfileInfo:658] The following 1 profile is active: "dev"
[luohuo-im-server:0000:] 2026-02-18 04:10:44.370[ INFO] 785 [] [main:11002] [o.s.b.factory.support.DefaultListableBeanFactory.logBeanDefinitionOverriding:1273] Overriding bean definition for bean 'system-server.FeignClientSpecification' with an equivalent definition: replacing [Generic bean: class=org.springframework.cloud.openfeign.FeignClientSpecification; scope=; abstract=false; lazyInit=null; autowireMode=0; dependencyCheck=0; autowireCandidate=true; primary=false; fallback=false; factoryBeanName=null; factoryMethodName=null; initMethodNames=null; destroyMethodNames=null] with [Generic bean: class=org.springframework.cloud.openfeign.FeignClientSpecification; scope=; abstract=false; lazyInit=null; autowireMode=0; dependencyCheck=0; autowireCandidate=true; primary=false; fallback=false; factoryBeanName=null; factoryMethodName=null; initMethodNames=null; destroyMethodNames=null]
[luohuo-im-server:0000:] 2026-02-18 04:10:44.371[ INFO] 785 [] [main:11003] [o.s.b.factory.support.DefaultListableBeanFactory.logBeanDefinitionOverriding:1273] Overriding bean definition for bean 'com.luohuo.basic.tenant.TenantCommonApi' with an equivalent definition: replacing [Generic bean: class=org.springframework.cloud.openfeign.FeignClientFactoryBean; scope=; abstract=false; lazyInit=null; autowireMode=2; dependencyCheck=0; autowireCandidate=true; primary=true; fallback=false; factoryBeanName=null; factoryMethodName=null; initMethodNames=null; destroyMethodNames=null] with [Generic bean: class=org.springframework.cloud.openfeign.FeignClientFactoryBean; scope=; abstract=false; lazyInit=null; autowireMode=2; dependencyCheck=0; autowireCandidate=true; primary=true; fallback=false; factoryBeanName=null; factoryMethodName=null; initMethodNames=null; destroyMethodNames=null]
[luohuo-im-server:0000:] 2026-02-18 04:10:44.373[ INFO] 785 [] [main:11005] [o.s.b.factory.support.DefaultListableBeanFactory.logBeanDefinitionOverriding:1261] Overriding bean definition for bean '${luohuo.feign.base-server:luohuo-base-server}.FeignClientSpecification' with a different definition: replacing [Generic bean: class=org.springframework.cloud.openfeign.FeignClientSpecification; scope=; abstract=false; lazyInit=null; autowireMode=0; dependencyCheck=0; autowireCandidate=true; primary=false; fallback=false; factoryBeanName=null; factoryMethodName=null; initMethodNames=null; destroyMethodNames=null] with [Generic bean: class=org.springframework.cloud.openfeign.FeignClientSpecification; scope=; abstract=false; lazyInit=null; autowireMode=0; dependencyCheck=0; autowireCandidate=true; primary=false; fallback=false; factoryBeanName=null; factoryMethodName=null; initMethodNames=null; destroyMethodNames=null]
[luohuo-im-server:0000:] 2026-02-18 04:10:44.377[ INFO] 785 [] [main:11009] [o.s.b.factory.support.DefaultListableBeanFactory.logBeanDefinitionOverriding:1261] Overriding bean definition for bean '${luohuo.feign.oauth-server:luohuo-oauth-server}.FeignClientSpecification' with a different definition: replacing [Generic bean: class=org.springframework.cloud.openfeign.FeignClientSpecification; scope=; abstract=false; lazyInit=null; autowireMode=0; dependencyCheck=0; autowireCandidate=true; primary=false; fallback=false; factoryBeanName=null; factoryMethodName=null; initMethodNames=null; destroyMethodNames=null] with [Generic bean: class=org.springframework.cloud.openfeign.FeignClientSpecification; scope=; abstract=false; lazyInit=null; autowireMode=0; dependencyCheck=0; autowireCandidate=true; primary=false; fallback=false; factoryBeanName=null; factoryMethodName=null; initMethodNames=null; destroyMethodNames=null]
[luohuo-im-server:0000:] 2026-02-18 04:10:44.378[ INFO] 785 [] [main:11010] [o.s.b.factory.support.DefaultListableBeanFactory.logBeanDefinitionOverriding:1261] Overriding bean definition for bean '${luohuo.feign.oauth-server:luohuo-oauth-server}.FeignClientSpecification' with a different definition: replacing [Generic bean: class=org.springframework.cloud.openfeign.FeignClientSpecification; scope=; abstract=false; lazyInit=null; autowireMode=0; dependencyCheck=0; autowireCandidate=true; primary=false; fallback=false; factoryBeanName=null; factoryMethodName=null; initMethodNames=null; destroyMethodNames=null] with [Generic bean: class=org.springframework.cloud.openfeign.FeignClientSpecification; scope=; abstract=false; lazyInit=null; autowireMode=0; dependencyCheck=0; autowireCandidate=true; primary=false; fallback=false; factoryBeanName=null; factoryMethodName=null; initMethodNames=null; destroyMethodNames=null]
[luohuo-im-server:0000:] 2026-02-18 04:10:44.380[ INFO] 785 [] [main:11012] [o.s.b.factory.support.DefaultListableBeanFactory.logBeanDefinitionOverriding:1261] Overriding bean definition for bean '${luohuo.feign.oauth-server:luohuo-oauth-server}.FeignClientSpecification' with a different definition: replacing [Generic bean: class=org.springframework.cloud.openfeign.FeignClientSpecification; scope=; abstract=false; lazyInit=null; autowireMode=0; dependencyCheck=0; autowireCandidate=true; primary=false; fallback=false; factoryBeanName=null; factoryMethodName=null; initMethodNames=null; destroyMethodNames=null] with [Generic bean: class=org.springframework.cloud.openfeign.FeignClientSpecification; scope=; abstract=false; lazyInit=null; autowireMode=0; dependencyCheck=0; autowireCandidate=true; primary=false; fallback=false; factoryBeanName=null; factoryMethodName=null; initMethodNames=null; destroyMethodNames=null]
[luohuo-im-server:0000:] 2026-02-18 04:10:44.382[ INFO] 785 [] [main:11014] [o.s.b.factory.support.DefaultListableBeanFactory.logBeanDefinitionOverriding:1261] Overriding bean definition for bean '${luohuo.feign.oauth-server:luohuo-oauth-server}.FeignClientSpecification' with a different definition: replacing [Generic bean: class=org.springframework.cloud.openfeign.FeignClientSpecification; scope=; abstract=false; lazyInit=null; autowireMode=0; dependencyCheck=0; autowireCandidate=true; primary=false; fallback=false; factoryBeanName=null; factoryMethodName=null; initMethodNames=null; destroyMethodNames=null] with [Generic bean: class=org.springframework.cloud.openfeign.FeignClientSpecification; scope=; abstract=false; lazyInit=null; autowireMode=0; dependencyCheck=0; autowireCandidate=true; primary=false; fallback=false; factoryBeanName=null; factoryMethodName=null; initMethodNames=null; destroyMethodNames=null]
[luohuo-im-server:0000:] 2026-02-18 04:10:44.383[ INFO] 785 [] [main:11015] [o.s.b.factory.support.DefaultListableBeanFactory.logBeanDefinitionOverriding:1261] Overriding bean definition for bean '${luohuo.feign.oauth-server:luohuo-oauth-server}.FeignClientSpecification' with a different definition: replacing [Generic bean: class=org.springframework.cloud.openfeign.FeignClientSpecification; scope=; abstract=false; lazyInit=null; autowireMode=0; dependencyCheck=0; autowireCandidate=true; primary=false; fallback=false; factoryBeanName=null; factoryMethodName=null; initMethodNames=null; destroyMethodNames=null] with [Generic bean: class=org.springframework.cloud.openfeign.FeignClientSpecification; scope=; abstract=false; lazyInit=null; autowireMode=0; dependencyCheck=0; autowireCandidate=true; primary=false; fallback=false; factoryBeanName=null; factoryMethodName=null; initMethodNames=null; destroyMethodNames=null]
[luohuo-im-server:0000:] 2026-02-18 04:10:44.384[ INFO] 785 [] [main:11016] [o.s.b.factory.support.DefaultListableBeanFactory.logBeanDefinitionOverriding:1261] Overriding bean definition for bean '${luohuo.feign.base-server:luohuo-base-server}.FeignClientSpecification' with a different definition: replacing [Generic bean: class=org.springframework.cloud.openfeign.FeignClientSpecification; scope=; abstract=false; lazyInit=null; autowireMode=0; dependencyCheck=0; autowireCandidate=true; primary=false; fallback=false; factoryBeanName=null; factoryMethodName=null; initMethodNames=null; destroyMethodNames=null] with [Generic bean: class=org.springframework.cloud.openfeign.FeignClientSpecification; scope=; abstract=false; lazyInit=null; autowireMode=0; dependencyCheck=0; autowireCandidate=true; primary=false; fallback=false; factoryBeanName=null; factoryMethodName=null; initMethodNames=null; destroyMethodNames=null]
[luohuo-im-server:0000:] 2026-02-18 04:10:44.387[ INFO] 785 [] [main:11019] [o.s.b.factory.support.DefaultListableBeanFactory.logBeanDefinitionOverriding:1261] Overriding bean definition for bean '${luohuo.feign.base-server:luohuo-base-server}.FeignClientSpecification' with a different definition: replacing [Generic bean: class=org.springframework.cloud.openfeign.FeignClientSpecification; scope=; abstract=false; lazyInit=null; autowireMode=0; dependencyCheck=0; autowireCandidate=true; primary=false; fallback=false; factoryBeanName=null; factoryMethodName=null; initMethodNames=null; destroyMethodNames=null] with [Generic bean: class=org.springframework.cloud.openfeign.FeignClientSpecification; scope=; abstract=false; lazyInit=null; autowireMode=0; dependencyCheck=0; autowireCandidate=true; primary=false; fallback=false; factoryBeanName=null; factoryMethodName=null; initMethodNames=null; destroyMethodNames=null]
[luohuo-im-server:0000:] 2026-02-18 04:10:45.375[ INFO] 785 [] [main:12007] [o.s.d.r.config.RepositoryConfigurationDelegate.multipleStoresDetected:295] Multiple Spring Data modules found, entering strict repository configuration mode
[luohuo-im-server:0000:] 2026-02-18 04:10:45.379[ INFO] 785 [] [main:12011] [o.s.d.r.config.RepositoryConfigurationDelegate.registerRepositoriesIn:143] Bootstrapping Spring Data Redis repositories in DEFAULT mode.
[luohuo-im-server:0000:] 2026-02-18 04:10:45.473[ INFO] 785 [] [main:12105] [o.s.d.r.config.RepositoryConfigurationDelegate.registerRepositoriesIn:211] Finished Spring Data repository scanning in 68 ms. Found 0 Redis repository interfaces.
[luohuo-im-server:0000:] 2026-02-18 04:10:46.186[ INFO] 785 [] [main:12818] [o.springframework.cloud.context.scope.GenericScope.setSerializationId:282] BeanFactory id=2e18df30-5786-39eb-845e-28a7854872c8
[luohuo-im-server:0000:] 2026-02-18 04:10:46.369[ WARN] 785 [] [main:13001] [o.s.c.s.PostProcessorRegistrationDelegate$BeanPostProcessorChecker.postProcessAfterInitialization:429] Bean 'com.luohuo.basic.validator.config.ValidatorConfiguration' of type [com.luohuo.basic.validator.config.ValidatorConfiguration] is not eligible for getting processed by all BeanPostProcessors (for example: not eligible for auto-proxying). The currently created BeanPostProcessor [methodValidationPostProcessor] is declared through a non-static factory method on that class; consider declaring it as static instead.
[luohuo-im-server:0000:] 2026-02-18 04:10:46.439[ WARN] 785 [] [main:13071] [o.s.c.s.PostProcessorRegistrationDelegate$BeanPostProcessorChecker.postProcessAfterInitialization:437] Bean 'validator' of type [org.hibernate.validator.internal.engine.ValidatorImpl] is not eligible for getting processed by all BeanPostProcessors (for example: not eligible for auto-proxying). Is this bean getting eagerly injected/applied to a currently created BeanPostProcessor [methodValidationPostProcessor]? Check the corresponding BeanPostProcessor declaration and its dependencies/advisors. If this bean does not have to be post-processed, declare it with ROLE_INFRASTRUCTURE.
[luohuo-im-server:0000:] 2026-02-18 04:10:47.270[ WARN] 785 [] [main:13902] [o.s.c.s.PostProcessorRegistrationDelegate$BeanPostProcessorChecker.postProcessAfterInitialization:429] Bean 'tenantAutoConfiguration' of type [com.luohuo.basic.tenant.config.TenantAutoConfiguration] is not eligible for getting processed by all BeanPostProcessors (for example: not eligible for auto-proxying). The currently created BeanPostProcessor [tenantRocketMQInitializer] is declared through a non-static factory method on that class; consider declaring it as static instead.
[luohuo-im-server:0000:] 2026-02-18 04:10:47.981[ INFO] 785 [] [main:14613] [org.xnio.<clinit>:95] XNIO version 3.8.16.Final
[luohuo-im-server:0000:] 2026-02-18 04:10:47.999[ INFO] 785 [] [main:14631] [org.xnio.nio.<clinit>:58] XNIO NIO Implementation Version 3.8.16.Final
[luohuo-im-server:0000:] 2026-02-18 04:10:48.278[ INFO] 785 [] [main:14910] [org.jboss.threads.<clinit>:55] JBoss Threads version 3.5.0.Final
[luohuo-im-server:0000:] 2026-02-18 04:10:48.390[ INFO] 785 [] [main:15022] [io.undertow.servlet.log:372] Initializing Spring embedded WebApplicationContext
[luohuo-im-server:0000:] 2026-02-18 04:10:48.391[ INFO] 785 [] [main:15023] [o.s.b.w.s.c.ServletWebServerApplicationContext.prepareWebApplicationContext:301] Root WebApplicationContext: initialization completed in 6379 ms
[luohuo-im-server:0000:] 2026-02-18 04:10:48.562[ INFO] 785 [] [main:15194] [c.a.d.s.b.a.DruidDataSourceAutoConfigure.dataSource:68] Init DruidDataSource
[luohuo-im-server:0000:] 2026-02-18 04:10:48.650[ WARN] 785 [] [main:15282] [o.s.b.w.s.c.AnnotationConfigServletWebServerApplicationContext.refresh:635] Exception encountered during context initialization - cancelling refresh attempt: org.springframework.context.ApplicationContextException: Unable to start web server
[luohuo-im-server:0000:] 2026-02-18 04:10:48.685[ INFO] 785 [] [main:15317] [o.s.b.a.logging.ConditionEvaluationReportLogger.logMessage:82] 

Error starting ApplicationContext. To display the condition evaluation report re-run your application with 'debug' enabled.
[luohuo-im-server:0000:] 2026-02-18 04:10:48.737[ERROR] 785 [] [main:15369] [o.s.b.diagnostics.LoggingFailureAnalysisReporter.report:40] 

***************************
APPLICATION FAILED TO START
***************************

Description:

Failed to configure a DataSource: 'url' attribute is not specified and no embedded datasource could be configured.

Reason: Failed to determine a suitable driver class


Action:

Consider the following:
	If you want an embedded database (H2, HSQL or Derby), please put it on the classpath.
	If you have database settings to be loaded from a particular profile you may need to activate it (the profiles dev are currently active).

[luohuo-im-server:0000:] 2026-02-18 04:10:48.740[ INFO] 785 [] [Thread-24:15372] [com.alibaba.nacos.common.notify.NotifyCenter.shutdown:134] [NotifyCenter] Start destroying Publisher
[luohuo-im-server:0000:] 2026-02-18 04:10:48.740[ INFO] 785 [] [Thread-24:15372] [com.alibaba.nacos.common.notify.NotifyCenter.shutdown:151] [NotifyCenter] Completed destruction of Publisher
[luohuo-im-server:0000:] 2026-02-18 04:10:48.740[ INFO] 785 [] [Thread-2:15372] [c.alibaba.nacos.common.executor.ThreadPoolManager.lambda$static$0:54] [ThreadPoolManager] Start destroying ThreadPool
[luohuo-im-server:0000:] 2026-02-18 04:10:48.741[ INFO] 785 [] [Thread-22:15373] [c.alibaba.nacos.common.http.HttpClientBeanHolder.shutdown:102] [HttpClientBeanHolder] Start destroying common HttpClient
[luohuo-im-server:0000:] 2026-02-18 04:10:48.741[ INFO] 785 [] [Thread-2:15373] [c.alibaba.nacos.common.executor.ThreadPoolManager.lambda$static$0:56] [ThreadPoolManager] Completed destruction of ThreadPool
[luohuo-im-server:0000:] 2026-02-18 04:13:15.732[ INFO] 1353 [] [main:2217] [com.alibaba.nacos.client.logging.NacosLogging.initLoggingAdapter:52] Nacos Logging Adapter Builder: com.alibaba.nacos.logger.adapter.logback12.LogbackNacosLoggingAdapterBuilder
[luohuo-im-server:0000:] 2026-02-18 04:13:15.747[ INFO] 1353 [] [main:2232] [com.alibaba.nacos.client.logging.NacosLogging.initLoggingAdapter:52] Nacos Logging Adapter Builder: com.alibaba.nacos.logger.adapter.logback14.LogbackNacosLoggingAdapterBuilder
[luohuo-im-server:0000:] 2026-02-18 04:13:15.748[ INFO] 1353 [] [main:2233] [com.alibaba.nacos.client.logging.NacosLogging.initLoggingAdapter:55] Nacos Logging Adapter: com.alibaba.nacos.logger.adapter.logback14.LogbackNacosLoggingAdapter match ch.qos.logback.classic.Logger success.
[luohuo-im-server:0000:] 2026-02-18 04:13:15.765[ INFO] 1353 [] [main:2250] [com.alibaba.nacos.client.logging.NacosLogging.initLoggingAdapter:52] Nacos Logging Adapter Builder: com.alibaba.nacos.logger.adapter.log4j2.Log4j2NacosLoggingAdapterBuilder
[luohuo-im-server:0000:] 2026-02-18 04:13:17.472[ INFO] 1353 [] [main:3957] [c.a.n.p.auth.spi.client.ClientAuthPluginManager.init:56] [ClientAuthPluginManager] Load ClientAuthService com.alibaba.nacos.client.auth.impl.NacosClientAuthServiceImpl success.
[luohuo-im-server:0000:] 2026-02-18 04:13:17.472[ INFO] 1353 [] [main:3957] [c.a.n.p.auth.spi.client.ClientAuthPluginManager.init:56] [ClientAuthPluginManager] Load ClientAuthService com.alibaba.nacos.client.auth.ram.RamClientAuthServiceImpl success.
[luohuo-im-server:0000:] 2026-02-18 04:13:19.564[ INFO] 1353 [] [main:6049] [c.a.n.common.ability.AbstractAbilityControlManager.initAbilityTable:61] Ready to get current node abilities...
[luohuo-im-server:0000:] 2026-02-18 04:13:19.572[ INFO] 1353 [] [main:6057] [c.a.n.common.ability.AbstractAbilityControlManager.initAbilityTable:89] Ready to initialize current node abilities, support modes: [SDK_CLIENT]
[luohuo-im-server:0000:] 2026-02-18 04:13:19.575[ INFO] 1353 [] [main:6060] [c.a.n.common.ability.AbstractAbilityControlManager.initAbilityTable:94] Initialize current abilities finish...
[luohuo-im-server:0000:] 2026-02-18 04:13:19.576[ INFO] 1353 [] [main:6061] [c.a.n.c.ability.discover.NacosAbilityManagerHolder.initAbilityControlManager:85] [AbilityControlManager] Successfully initialize AbilityControlManager
[luohuo-im-server:0000:] 2026-02-18 04:13:19.964[ WARN] 1353 [] [main:6449] [c.a.cloud.nacos.client.NacosPropertySourceBuilder.loadNacosData:97] Ignore the empty nacos configuration and get it based on dataId[luohuo-im-server] & group[DEFAULT_GROUP]
[luohuo-im-server:0000:] 2026-02-18 04:13:19.985[ WARN] 1353 [] [main:6470] [c.a.cloud.nacos.client.NacosPropertySourceBuilder.loadNacosData:97] Ignore the empty nacos configuration and get it based on dataId[luohuo-im-server-dev.yml] & group[DEFAULT_GROUP]
[luohuo-im-server:0000:] 2026-02-18 04:13:19.987[ INFO] 1353 [] [main:6472] [o.s.c.b.c.PropertySourceBootstrapConfiguration.doInitialize:134] Located property source: [BootstrapPropertySource {name='bootstrapProperties-luohuo-im-server-dev.yml,DEFAULT_GROUP'}, BootstrapPropertySource {name='bootstrapProperties-luohuo-im-server.yml,DEFAULT_GROUP'}, BootstrapPropertySource {name='bootstrapProperties-luohuo-im-server,DEFAULT_GROUP'}, BootstrapPropertySource {name='bootstrapProperties-rocketmq.yml,DEFAULT_GROUP'}, BootstrapPropertySource {name='bootstrapProperties-mysql.yml,DEFAULT_GROUP'}, BootstrapPropertySource {name='bootstrapProperties-redis.yml,DEFAULT_GROUP'}, BootstrapPropertySource {name='bootstrapProperties-common.yml,DEFAULT_GROUP'}]
[luohuo-im-server:18778:] 2026-02-18 04:13:20.128[ INFO] 1353 [] [main:6613] [com.luohuo.flex.ImServerApplication.logStartupProfileInfo:658] The following 1 profile is active: "dev"
[luohuo-im-server:18778:] 2026-02-18 04:13:22.659[ INFO] 1353 [] [main:9144] [o.s.b.factory.support.DefaultListableBeanFactory.logBeanDefinitionOverriding:1273] Overriding bean definition for bean 'system-server.FeignClientSpecification' with an equivalent definition: replacing [Generic bean: class=org.springframework.cloud.openfeign.FeignClientSpecification; scope=; abstract=false; lazyInit=null; autowireMode=0; dependencyCheck=0; autowireCandidate=true; primary=false; fallback=false; factoryBeanName=null; factoryMethodName=null; initMethodNames=null; destroyMethodNames=null] with [Generic bean: class=org.springframework.cloud.openfeign.FeignClientSpecification; scope=; abstract=false; lazyInit=null; autowireMode=0; dependencyCheck=0; autowireCandidate=true; primary=false; fallback=false; factoryBeanName=null; factoryMethodName=null; initMethodNames=null; destroyMethodNames=null]
[luohuo-im-server:18778:] 2026-02-18 04:13:22.661[ INFO] 1353 [] [main:9146] [o.s.b.factory.support.DefaultListableBeanFactory.logBeanDefinitionOverriding:1273] Overriding bean definition for bean 'com.luohuo.basic.tenant.TenantCommonApi' with an equivalent definition: replacing [Generic bean: class=org.springframework.cloud.openfeign.FeignClientFactoryBean; scope=; abstract=false; lazyInit=null; autowireMode=2; dependencyCheck=0; autowireCandidate=true; primary=true; fallback=false; factoryBeanName=null; factoryMethodName=null; initMethodNames=null; destroyMethodNames=null] with [Generic bean: class=org.springframework.cloud.openfeign.FeignClientFactoryBean; scope=; abstract=false; lazyInit=null; autowireMode=2; dependencyCheck=0; autowireCandidate=true; primary=true; fallback=false; factoryBeanName=null; factoryMethodName=null; initMethodNames=null; destroyMethodNames=null]
[luohuo-im-server:18778:] 2026-02-18 04:13:22.664[ INFO] 1353 [] [main:9149] [o.s.b.factory.support.DefaultListableBeanFactory.logBeanDefinitionOverriding:1261] Overriding bean definition for bean '${luohuo.feign.base-server:luohuo-base-server}.FeignClientSpecification' with a different definition: replacing [Generic bean: class=org.springframework.cloud.openfeign.FeignClientSpecification; scope=; abstract=false; lazyInit=null; autowireMode=0; dependencyCheck=0; autowireCandidate=true; primary=false; fallback=false; factoryBeanName=null; factoryMethodName=null; initMethodNames=null; destroyMethodNames=null] with [Generic bean: class=org.springframework.cloud.openfeign.FeignClientSpecification; scope=; abstract=false; lazyInit=null; autowireMode=0; dependencyCheck=0; autowireCandidate=true; primary=false; fallback=false; factoryBeanName=null; factoryMethodName=null; initMethodNames=null; destroyMethodNames=null]
[luohuo-im-server:18778:] 2026-02-18 04:13:22.668[ INFO] 1353 [] [main:9153] [o.s.b.factory.support.DefaultListableBeanFactory.logBeanDefinitionOverriding:1261] Overriding bean definition for bean '${luohuo.feign.oauth-server:luohuo-oauth-server}.FeignClientSpecification' with a different definition: replacing [Generic bean: class=org.springframework.cloud.openfeign.FeignClientSpecification; scope=; abstract=false; lazyInit=null; autowireMode=0; dependencyCheck=0; autowireCandidate=true; primary=false; fallback=false; factoryBeanName=null; factoryMethodName=null; initMethodNames=null; destroyMethodNames=null] with [Generic bean: class=org.springframework.cloud.openfeign.FeignClientSpecification; scope=; abstract=false; lazyInit=null; autowireMode=0; dependencyCheck=0; autowireCandidate=true; primary=false; fallback=false; factoryBeanName=null; factoryMethodName=null; initMethodNames=null; destroyMethodNames=null]
[luohuo-im-server:18778:] 2026-02-18 04:13:22.669[ INFO] 1353 [] [main:9154] [o.s.b.factory.support.DefaultListableBeanFactory.logBeanDefinitionOverriding:1261] Overriding bean definition for bean '${luohuo.feign.oauth-server:luohuo-oauth-server}.FeignClientSpecification' with a different definition: replacing [Generic bean: class=org.springframework.cloud.openfeign.FeignClientSpecification; scope=; abstract=false; lazyInit=null; autowireMode=0; dependencyCheck=0; autowireCandidate=true; primary=false; fallback=false; factoryBeanName=null; factoryMethodName=null; initMethodNames=null; destroyMethodNames=null] with [Generic bean: class=org.springframework.cloud.openfeign.FeignClientSpecification; scope=; abstract=false; lazyInit=null; autowireMode=0; dependencyCheck=0; autowireCandidate=true; primary=false; fallback=false; factoryBeanName=null; factoryMethodName=null; initMethodNames=null; destroyMethodNames=null]
[luohuo-im-server:18778:] 2026-02-18 04:13:22.671[ INFO] 1353 [] [main:9156] [o.s.b.factory.support.DefaultListableBeanFactory.logBeanDefinitionOverriding:1261] Overriding bean definition for bean '${luohuo.feign.oauth-server:luohuo-oauth-server}.FeignClientSpecification' with a different definition: replacing [Generic bean: class=org.springframework.cloud.openfeign.FeignClientSpecification; scope=; abstract=false; lazyInit=null; autowireMode=0; dependencyCheck=0; autowireCandidate=true; primary=false; fallback=false; factoryBeanName=null; factoryMethodName=null; initMethodNames=null; destroyMethodNames=null] with [Generic bean: class=org.springframework.cloud.openfeign.FeignClientSpecification; scope=; abstract=false; lazyInit=null; autowireMode=0; dependencyCheck=0; autowireCandidate=true; primary=false; fallback=false; factoryBeanName=null; factoryMethodName=null; initMethodNames=null; destroyMethodNames=null]
[luohuo-im-server:18778:] 2026-02-18 04:13:22.673[ INFO] 1353 [] [main:9158] [o.s.b.factory.support.DefaultListableBeanFactory.logBeanDefinitionOverriding:1261] Overriding bean definition for bean '${luohuo.feign.oauth-server:luohuo-oauth-server}.FeignClientSpecification' with a different definition: replacing [Generic bean: class=org.springframework.cloud.openfeign.FeignClientSpecification; scope=; abstract=false; lazyInit=null; autowireMode=0; dependencyCheck=0; autowireCandidate=true; primary=false; fallback=false; factoryBeanName=null; factoryMethodName=null; initMethodNames=null; destroyMethodNames=null] with [Generic bean: class=org.springframework.cloud.openfeign.FeignClientSpecification; scope=; abstract=false; lazyInit=null; autowireMode=0; dependencyCheck=0; autowireCandidate=true; primary=false; fallback=false; factoryBeanName=null; factoryMethodName=null; initMethodNames=null; destroyMethodNames=null]
[luohuo-im-server:18778:] 2026-02-18 04:13:22.674[ INFO] 1353 [] [main:9159] [o.s.b.factory.support.DefaultListableBeanFactory.logBeanDefinitionOverriding:1261] Overriding bean definition for bean '${luohuo.feign.oauth-server:luohuo-oauth-server}.FeignClientSpecification' with a different definition: replacing [Generic bean: class=org.springframework.cloud.openfeign.FeignClientSpecification; scope=; abstract=false; lazyInit=null; autowireMode=0; dependencyCheck=0; autowireCandidate=true; primary=false; fallback=false; factoryBeanName=null; factoryMethodName=null; initMethodNames=null; destroyMethodNames=null] with [Generic bean: class=org.springframework.cloud.openfeign.FeignClientSpecification; scope=; abstract=false; lazyInit=null; autowireMode=0; dependencyCheck=0; autowireCandidate=true; primary=false; fallback=false; factoryBeanName=null; factoryMethodName=null; initMethodNames=null; destroyMethodNames=null]
[luohuo-im-server:18778:] 2026-02-18 04:13:22.676[ INFO] 1353 [] [main:9161] [o.s.b.factory.support.DefaultListableBeanFactory.logBeanDefinitionOverriding:1261] Overriding bean definition for bean '${luohuo.feign.base-server:luohuo-base-server}.FeignClientSpecification' with a different definition: replacing [Generic bean: class=org.springframework.cloud.openfeign.FeignClientSpecification; scope=; abstract=false; lazyInit=null; autowireMode=0; dependencyCheck=0; autowireCandidate=true; primary=false; fallback=false; factoryBeanName=null; factoryMethodName=null; initMethodNames=null; destroyMethodNames=null] with [Generic bean: class=org.springframework.cloud.openfeign.FeignClientSpecification; scope=; abstract=false; lazyInit=null; autowireMode=0; dependencyCheck=0; autowireCandidate=true; primary=false; fallback=false; factoryBeanName=null; factoryMethodName=null; initMethodNames=null; destroyMethodNames=null]
[luohuo-im-server:18778:] 2026-02-18 04:13:22.679[ INFO] 1353 [] [main:9164] [o.s.b.factory.support.DefaultListableBeanFactory.logBeanDefinitionOverriding:1261] Overriding bean definition for bean '${luohuo.feign.base-server:luohuo-base-server}.FeignClientSpecification' with a different definition: replacing [Generic bean: class=org.springframework.cloud.openfeign.FeignClientSpecification; scope=; abstract=false; lazyInit=null; autowireMode=0; dependencyCheck=0; autowireCandidate=true; primary=false; fallback=false; factoryBeanName=null; factoryMethodName=null; initMethodNames=null; destroyMethodNames=null] with [Generic bean: class=org.springframework.cloud.openfeign.FeignClientSpecification; scope=; abstract=false; lazyInit=null; autowireMode=0; dependencyCheck=0; autowireCandidate=true; primary=false; fallback=false; factoryBeanName=null; factoryMethodName=null; initMethodNames=null; destroyMethodNames=null]
[luohuo-im-server:18778:] 2026-02-18 04:13:23.084[ INFO] 1353 [] [main:9569] [o.s.b.factory.support.DefaultListableBeanFactory.logBeanDefinitionOverriding:1261] Overriding bean definition for bean 'knife4jOpenApiCustomizer' with a different definition: replacing [Root bean: class=null; scope=; abstract=false; lazyInit=null; autowireMode=3; dependencyCheck=0; autowireCandidate=true; primary=false; fallback=false; factoryBeanName=com.github.xiaoymin.knife4j.spring.configuration.Knife4jAutoConfiguration; factoryMethodName=knife4jOpenApiCustomizer; initMethodNames=null; destroyMethodNames=[(inferred)]; defined in class path resource [com/github/xiaoymin/knife4j/spring/configuration/Knife4jAutoConfiguration.class]] with [Root bean: class=null; scope=; abstract=false; lazyInit=null; autowireMode=3; dependencyCheck=0; autowireCandidate=true; primary=false; fallback=false; factoryBeanName=com.luohuo.basic.swagger2.SwaggerAutoConfiguration; factoryMethodName=knife4jOpenApiCustomizer; initMethodNames=null; destroyMethodNames=[(inferred)]; defined in class path resource [com/luohuo/basic/swagger2/SwaggerAutoConfiguration.class]]
[luohuo-im-server:18778:] 2026-02-18 04:13:23.870[ INFO] 1353 [] [main:10355] [o.s.d.r.config.RepositoryConfigurationDelegate.multipleStoresDetected:295] Multiple Spring Data modules found, entering strict repository configuration mode
[luohuo-im-server:18778:] 2026-02-18 04:13:23.875[ INFO] 1353 [] [main:10360] [o.s.d.r.config.RepositoryConfigurationDelegate.registerRepositoriesIn:143] Bootstrapping Spring Data Redis repositories in DEFAULT mode.
[luohuo-im-server:18778:] 2026-02-18 04:13:23.971[ INFO] 1353 [] [main:10456] [o.s.d.r.config.RepositoryConfigurationDelegate.registerRepositoriesIn:211] Finished Spring Data repository scanning in 70 ms. Found 0 Redis repository interfaces.
[luohuo-im-server:18778:] 2026-02-18 04:13:24.729[ INFO] 1353 [] [main:11214] [o.springframework.cloud.context.scope.GenericScope.setSerializationId:282] BeanFactory id=e8bf1fe7-f143-3d87-9374-6fe79086584d
[luohuo-im-server:18778:] 2026-02-18 04:13:24.955[ WARN] 1353 [] [main:11440] [o.s.c.s.PostProcessorRegistrationDelegate$BeanPostProcessorChecker.postProcessAfterInitialization:429] Bean 'com.luohuo.basic.validator.config.ValidatorConfiguration' of type [com.luohuo.basic.validator.config.ValidatorConfiguration] is not eligible for getting processed by all BeanPostProcessors (for example: not eligible for auto-proxying). The currently created BeanPostProcessor [methodValidationPostProcessor] is declared through a non-static factory method on that class; consider declaring it as static instead.
[luohuo-im-server:18778:] 2026-02-18 04:13:25.028[ WARN] 1353 [] [main:11513] [o.s.c.s.PostProcessorRegistrationDelegate$BeanPostProcessorChecker.postProcessAfterInitialization:437] Bean 'validator' of type [org.hibernate.validator.internal.engine.ValidatorImpl] is not eligible for getting processed by all BeanPostProcessors (for example: not eligible for auto-proxying). Is this bean getting eagerly injected/applied to a currently created BeanPostProcessor [methodValidationPostProcessor]? Check the corresponding BeanPostProcessor declaration and its dependencies/advisors. If this bean does not have to be post-processed, declare it with ROLE_INFRASTRUCTURE.
[luohuo-im-server:18778:] 2026-02-18 04:13:25.901[ WARN] 1353 [] [main:12386] [o.s.c.s.PostProcessorRegistrationDelegate$BeanPostProcessorChecker.postProcessAfterInitialization:429] Bean 'tenantAutoConfiguration' of type [com.luohuo.basic.tenant.config.TenantAutoConfiguration] is not eligible for getting processed by all BeanPostProcessors (for example: not eligible for auto-proxying). The currently created BeanPostProcessor [tenantRocketMQInitializer] is declared through a non-static factory method on that class; consider declaring it as static instead.
[luohuo-im-server:18778:] 2026-02-18 04:13:25.940[ WARN] 1353 [] [main:12425] [o.s.c.s.PostProcessorRegistrationDelegate$BeanPostProcessorChecker.postProcessAfterInitialization:437] Bean 'org.apache.rocketmq.spring.autoconfigure.ListenerContainerConfiguration' of type [org.apache.rocketmq.spring.autoconfigure.ListenerContainerConfiguration$$SpringCGLIB$$0] is not eligible for getting processed by all BeanPostProcessors (for example: not eligible for auto-proxying). Is this bean getting eagerly injected/applied to a currently created BeanPostProcessor [org.apache.rocketmq.spring.annotation.RocketMQMessageListenerBeanPostProcessor]? Check the corresponding BeanPostProcessor declaration and its dependencies/advisors. If this bean does not have to be post-processed, declare it with ROLE_INFRASTRUCTURE.
[luohuo-im-server:18778:] 2026-02-18 04:13:25.948[ WARN] 1353 [] [main:12433] [o.s.c.s.PostProcessorRegistrationDelegate$BeanPostProcessorChecker.postProcessAfterInitialization:437] Bean 'org.apache.rocketmq.spring.autoconfigure.MessageConverterConfiguration' of type [org.apache.rocketmq.spring.autoconfigure.MessageConverterConfiguration$$SpringCGLIB$$0] is not eligible for getting processed by all BeanPostProcessors (for example: not eligible for auto-proxying). Is this bean getting eagerly injected/applied to a currently created BeanPostProcessor [org.apache.rocketmq.spring.annotation.RocketMQMessageListenerBeanPostProcessor]? Check the corresponding BeanPostProcessor declaration and its dependencies/advisors. If this bean does not have to be post-processed, declare it with ROLE_INFRASTRUCTURE.
[luohuo-im-server:18778:] 2026-02-18 04:13:26.167[ WARN] 1353 [] [main:12652] [o.s.c.s.PostProcessorRegistrationDelegate$BeanPostProcessorChecker.postProcessAfterInitialization:437] Bean 'createRocketMQMessageConverter' of type [org.apache.rocketmq.spring.support.RocketMQMessageConverter] is not eligible for getting processed by all BeanPostProcessors (for example: not eligible for auto-proxying). Is this bean getting eagerly injected/applied to a currently created BeanPostProcessor [org.apache.rocketmq.spring.annotation.RocketMQMessageListenerBeanPostProcessor]? Check the corresponding BeanPostProcessor declaration and its dependencies/advisors. If this bean does not have to be post-processed, declare it with ROLE_INFRASTRUCTURE.
[luohuo-im-server:18778:] 2026-02-18 04:13:26.181[ WARN] 1353 [] [main:12666] [o.s.c.s.PostProcessorRegistrationDelegate$BeanPostProcessorChecker.postProcessAfterInitialization:437] Bean 'org.springframework.cloud.commons.config.CommonsConfigAutoConfiguration' of type [org.springframework.cloud.commons.config.CommonsConfigAutoConfiguration] is not eligible for getting processed by all BeanPostProcessors (for example: not eligible for auto-proxying). Is this bean getting eagerly injected/applied to a currently created BeanPostProcessor [org.apache.rocketmq.spring.annotation.RocketMQMessageListenerBeanPostProcessor]? Check the corresponding BeanPostProcessor declaration and its dependencies/advisors. If this bean does not have to be post-processed, declare it with ROLE_INFRASTRUCTURE.
[luohuo-im-server:18778:] 2026-02-18 04:13:26.187[ WARN] 1353 [] [main:12672] [o.s.c.s.PostProcessorRegistrationDelegate$BeanPostProcessorChecker.postProcessAfterInitialization:437] Bean 'org.springframework.cloud.client.loadbalancer.LoadBalancerDefaultMappingsProviderAutoConfiguration' of type [org.springframework.cloud.client.loadbalancer.LoadBalancerDefaultMappingsProviderAutoConfiguration] is not eligible for getting processed by all BeanPostProcessors (for example: not eligible for auto-proxying). Is this bean getting eagerly injected/applied to a currently created BeanPostProcessor [org.apache.rocketmq.spring.annotation.RocketMQMessageListenerBeanPostProcessor]? Check the corresponding BeanPostProcessor declaration and its dependencies/advisors. If this bean does not have to be post-processed, declare it with ROLE_INFRASTRUCTURE.
[luohuo-im-server:18778:] 2026-02-18 04:13:26.191[ WARN] 1353 [] [main:12676] [o.s.c.s.PostProcessorRegistrationDelegate$BeanPostProcessorChecker.postProcessAfterInitialization:437] Bean 'loadBalancerClientsDefaultsMappingsProvider' of type [org.springframework.cloud.client.loadbalancer.LoadBalancerDefaultMappingsProviderAutoConfiguration$$Lambda/0x0000738b9f8a3398] is not eligible for getting processed by all BeanPostProcessors (for example: not eligible for auto-proxying). Is this bean getting eagerly injected/applied to a currently created BeanPostProcessor [org.apache.rocketmq.spring.annotation.RocketMQMessageListenerBeanPostProcessor]? Check the corresponding BeanPostProcessor declaration and its dependencies/advisors. If this bean does not have to be post-processed, declare it with ROLE_INFRASTRUCTURE.
[luohuo-im-server:18778:] 2026-02-18 04:13:26.221[ WARN] 1353 [] [main:12706] [o.s.c.s.PostProcessorRegistrationDelegate$BeanPostProcessorChecker.postProcessAfterInitialization:437] Bean 'defaultsBindHandlerAdvisor' of type [org.springframework.cloud.commons.config.DefaultsBindHandlerAdvisor] is not eligible for getting processed by all BeanPostProcessors (for example: not eligible for auto-proxying). Is this bean getting eagerly injected/applied to a currently created BeanPostProcessor [org.apache.rocketmq.spring.annotation.RocketMQMessageListenerBeanPostProcessor]? Check the corresponding BeanPostProcessor declaration and its dependencies/advisors. If this bean does not have to be post-processed, declare it with ROLE_INFRASTRUCTURE.
[luohuo-im-server:18778:] 2026-02-18 04:13:26.242[ WARN] 1353 [] [main:12727] [o.s.c.s.PostProcessorRegistrationDelegate$BeanPostProcessorChecker.postProcessAfterInitialization:437] Bean 'rocketmq-org.apache.rocketmq.spring.autoconfigure.RocketMQProperties' of type [org.apache.rocketmq.spring.autoconfigure.RocketMQProperties] is not eligible for getting processed by all BeanPostProcessors (for example: not eligible for auto-proxying). Is this bean getting eagerly injected/applied to a currently created BeanPostProcessor [org.apache.rocketmq.spring.annotation.RocketMQMessageListenerBeanPostProcessor]? Check the corresponding BeanPostProcessor declaration and its dependencies/advisors. If this bean does not have to be post-processed, declare it with ROLE_INFRASTRUCTURE.
[luohuo-im-server:18778:] 2026-02-18 04:13:26.253[ WARN] 1353 [] [main:12738] [o.s.c.s.PostProcessorRegistrationDelegate$BeanPostProcessorChecker.postProcessAfterInitialization:437] Bean 'rocketMQMessageListenerContainerRegistrar' of type [org.apache.rocketmq.spring.support.RocketMQMessageListenerContainerRegistrar] is not eligible for getting processed by all BeanPostProcessors (for example: not eligible for auto-proxying). Is this bean getting eagerly injected/applied to a currently created BeanPostProcessor [org.apache.rocketmq.spring.annotation.RocketMQMessageListenerBeanPostProcessor]? Check the corresponding BeanPostProcessor declaration and its dependencies/advisors. If this bean does not have to be post-processed, declare it with ROLE_INFRASTRUCTURE.
[luohuo-im-server:18778:] 2026-02-18 04:13:26.844[ INFO] 1353 [] [main:13329] [org.xnio.<clinit>:95] XNIO version 3.8.16.Final
[luohuo-im-server:18778:] 2026-02-18 04:13:26.862[ INFO] 1353 [] [main:13347] [org.xnio.nio.<clinit>:58] XNIO NIO Implementation Version 3.8.16.Final
[luohuo-im-server:18778:] 2026-02-18 04:13:27.027[ INFO] 1353 [] [main:13512] [org.jboss.threads.<clinit>:55] JBoss Threads version 3.5.0.Final
[luohuo-im-server:18778:] 2026-02-18 04:13:27.134[ INFO] 1353 [] [main:13619] [io.undertow.servlet.log:372] Initializing Spring embedded WebApplicationContext
[luohuo-im-server:18778:] 2026-02-18 04:13:27.135[ INFO] 1353 [] [main:13620] [o.s.b.w.s.c.ServletWebServerApplicationContext.prepareWebApplicationContext:301] Root WebApplicationContext: initialization completed in 6967 ms
[luohuo-im-server:18778:] 2026-02-18 04:13:27.344[ INFO] 1353 [] [main:13829] [c.a.d.s.b.a.DruidDataSourceAutoConfigure.dataSource:68] Init DruidDataSource
[luohuo-im-server:18778:] 2026-02-18 04:13:29.441[ INFO] 1353 [] [main:15926] [p6spy.logSQL:60] 租户参数：tenantId: null
用户参数：uid: null
消耗时间：36 ms, 执行时间 2026-02-18 04:13:29
数据源: jdbc:p6spy:mysql://10.38.10.10:3306/hula?serverTimezone=Asia/Shanghai&characterEncoding=utf8&useUnicode=true&useSSL=false&autoReconnect=true&zeroDateTimeBehavior=convertToNull&allowMultiQueries=true&nullCatalogMeansCurrent=true&allowPublicKeyRetrieval=true
执行的SQL：SELECT 'x'

[luohuo-im-server:18778:] 2026-02-18 04:13:29.847[ INFO] 1353 [] [main:16332] [p6spy.logSQL:60] 租户参数：tenantId: null
用户参数：uid: null
消耗时间：19 ms, 执行时间 2026-02-18 04:13:29
数据源: jdbc:p6spy:mysql://10.38.10.10:3306/hula?serverTimezone=Asia/Shanghai&characterEncoding=utf8&useUnicode=true&useSSL=false&autoReconnect=true&zeroDateTimeBehavior=convertToNull&allowMultiQueries=true&nullCatalogMeansCurrent=true&allowPublicKeyRetrieval=true
执行的SQL：SELECT 'x'

[luohuo-im-server:18778:] 2026-02-18 04:13:30.774[ INFO] 1353 [] [main:17259] [p6spy.logSQL:60] 租户参数：tenantId: null
用户参数：uid: null
消耗时间：276 ms, 执行时间 2026-02-18 04:13:30
数据源: jdbc:p6spy:mysql://10.38.10.10:3306/hula?serverTimezone=Asia/Shanghai&characterEncoding=utf8&useUnicode=true&useSSL=false&autoReconnect=true&zeroDateTimeBehavior=convertToNull&allowMultiQueries=true&nullCatalogMeansCurrent=true&allowPublicKeyRetrieval=true
执行的SQL：SELECT 'x'

[luohuo-im-server:18778:] 2026-02-18 04:13:31.172[ INFO] 1353 [] [main:17657] [p6spy.logSQL:60] 租户参数：tenantId: null
用户参数：uid: null
消耗时间：18 ms, 执行时间 2026-02-18 04:13:31
数据源: jdbc:p6spy:mysql://10.38.10.10:3306/hula?serverTimezone=Asia/Shanghai&characterEncoding=utf8&useUnicode=true&useSSL=false&autoReconnect=true&zeroDateTimeBehavior=convertToNull&allowMultiQueries=true&nullCatalogMeansCurrent=true&allowPublicKeyRetrieval=true
执行的SQL：SELECT 'x'

[luohuo-im-server:18778:] 2026-02-18 04:13:31.640[ INFO] 1353 [] [main:18125] [p6spy.logSQL:60] 租户参数：tenantId: null
用户参数：uid: null
消耗时间：19 ms, 执行时间 2026-02-18 04:13:31
数据源: jdbc:p6spy:mysql://10.38.10.10:3306/hula?serverTimezone=Asia/Shanghai&characterEncoding=utf8&useUnicode=true&useSSL=false&autoReconnect=true&zeroDateTimeBehavior=convertToNull&allowMultiQueries=true&nullCatalogMeansCurrent=true&allowPublicKeyRetrieval=true
执行的SQL：SELECT 'x'

[luohuo-im-server:18778:] 2026-02-18 04:13:32.112[ INFO] 1353 [] [main:18597] [p6spy.logSQL:60] 租户参数：tenantId: null
用户参数：uid: null
消耗时间：19 ms, 执行时间 2026-02-18 04:13:32
数据源: jdbc:p6spy:mysql://10.38.10.10:3306/hula?serverTimezone=Asia/Shanghai&characterEncoding=utf8&useUnicode=true&useSSL=false&autoReconnect=true&zeroDateTimeBehavior=convertToNull&allowMultiQueries=true&nullCatalogMeansCurrent=true&allowPublicKeyRetrieval=true
执行的SQL：SELECT 'x'

[luohuo-im-server:18778:] 2026-02-18 04:13:33.109[ INFO] 1353 [] [main:19594] [p6spy.logSQL:60] 租户参数：tenantId: null
用户参数：uid: null
消耗时间：19 ms, 执行时间 2026-02-18 04:13:33
数据源: jdbc:p6spy:mysql://10.38.10.10:3306/hula?serverTimezone=Asia/Shanghai&characterEncoding=utf8&useUnicode=true&useSSL=false&autoReconnect=true&zeroDateTimeBehavior=convertToNull&allowMultiQueries=true&nullCatalogMeansCurrent=true&allowPublicKeyRetrieval=true
执行的SQL：SELECT 'x'

[luohuo-im-server:18778:] 2026-02-18 04:13:35.219[ INFO] 1353 [] [main:21704] [p6spy.logSQL:60] 租户参数：tenantId: null
用户参数：uid: null
消耗时间：19 ms, 执行时间 2026-02-18 04:13:35
数据源: jdbc:p6spy:mysql://10.38.10.10:3306/hula?serverTimezone=Asia/Shanghai&characterEncoding=utf8&useUnicode=true&useSSL=false&autoReconnect=true&zeroDateTimeBehavior=convertToNull&allowMultiQueries=true&nullCatalogMeansCurrent=true&allowPublicKeyRetrieval=true
执行的SQL：SELECT 'x'

[luohuo-im-server:18778:] 2026-02-18 04:13:36.057[ INFO] 1353 [] [main:22542] [p6spy.logSQL:60] 租户参数：tenantId: null
用户参数：uid: null
消耗时间：256 ms, 执行时间 2026-02-18 04:13:36
数据源: jdbc:p6spy:mysql://10.38.10.10:3306/hula?serverTimezone=Asia/Shanghai&characterEncoding=utf8&useUnicode=true&useSSL=false&autoReconnect=true&zeroDateTimeBehavior=convertToNull&allowMultiQueries=true&nullCatalogMeansCurrent=true&allowPublicKeyRetrieval=true
执行的SQL：SELECT 'x'

[luohuo-im-server:18778:] 2026-02-18 04:13:37.295[ INFO] 1353 [] [main:23780] [p6spy.logSQL:60] 租户参数：tenantId: null
用户参数：uid: null
消耗时间：279 ms, 执行时间 2026-02-18 04:13:37
数据源: jdbc:p6spy:mysql://10.38.10.10:3306/hula?serverTimezone=Asia/Shanghai&characterEncoding=utf8&useUnicode=true&useSSL=false&autoReconnect=true&zeroDateTimeBehavior=convertToNull&allowMultiQueries=true&nullCatalogMeansCurrent=true&allowPublicKeyRetrieval=true
执行的SQL：SELECT 'x'

[luohuo-im-server:18778:] 2026-02-18 04:13:37.733[ INFO] 1353 [] [main:24218] [com.alibaba.druid.pool.DruidDataSource.init:673] {dataSource-1} inited
[luohuo-im-server:18778:] 2026-02-18 04:13:42.291[ INFO] 1353 [] [main:28776] [org.redisson.Version.logVersion:43] Redisson 3.50.0
[luohuo-im-server:18778:] 2026-02-18 04:13:43.586[ INFO] 1353 [] [redisson-netty-1-7:30071] [org.redisson.connection.ConnectionsHolder.lambda$initConnections$1:132] 1 connections initialized for 10.38.11.101/10.38.11.101:30225
[luohuo-im-server:18778:] 2026-02-18 04:13:47.953[ INFO] 1353 [] [redisson-netty-1-19:34438] [org.redisson.connection.ConnectionsHolder.lambda$initConnections$1:132] 24 connections initialized for 10.38.11.101/10.38.11.101:30225
[luohuo-im-server:18778:] 2026-02-18 04:13:48.776[ INFO] 1353 [] [main:35261] [c.l.flex.satoken.config.MySaTokenContextRegister.<init>:37] 加载：com.luohuo.flex.satoken.config.MySaTokenContextRegister$InnerConfig
[luohuo-im-server:18778:] 2026-02-18 04:13:49.317[ INFO] 1353 [] [main:35802] [c.alibaba.cloud.sentinel.SentinelWebMvcConfigurer.addInterceptors:52] [Sentinel Starter] register SentinelWebInterceptor with urlPatterns: [/**].
[luohuo-im-server:18778:] 2026-02-18 04:13:50.678[ INFO] 1353 [] [main:37163] [o.a.r.s.autoconfigure.RocketMQAutoConfiguration.defaultMQProducer:122] a producer (chatGroup) init on namesrv 172.26.128.42:9876
[luohuo-im-server:18778:] 2026-02-18 04:13:51.148[ INFO] 1353 [] [main:37633] [c.l.flex.common.config.CommonAutoConfiguration.init:43] 检查到配置文件中：luohuo.system.cachePrefix=luohuo
[luohuo-im-server:18778:] 2026-02-18 04:13:52.417[ INFO] 1353 [] [main:38902] [c.baidu.fsg.uid.worker.DisposableWorkerIdAssigner.assignWorkerId:64] Add worker node:WorkerNodeEntity[created=Wed Feb 18 04:13:51 UTC 2026,hostName=172.18.0.4,id=1197,launchDate=Wed Feb 18 04:13:51 UTC 2026,modified=Wed Feb 18 04:13:51 UTC 2026,port=1771388031802-17283,type=2]
[luohuo-im-server:18778:] 2026-02-18 04:13:52.465[ INFO] 1353 [] [main:38950] [com.baidu.fsg.uid.impl.DefaultUidGenerator.afterPropertiesSet:115] Initialized bits(1, 41, 13, 9) for workerID:1197
[luohuo-im-server:18778:] 2026-02-18 04:13:52.856[ WARN] 1353 [] [main:39341] [o.s.b.w.s.c.AnnotationConfigServletWebServerApplicationContext.refresh:635] Exception encountered during context initialization - cancelling refresh attempt: org.springframework.beans.factory.BeanCreationException: Error creating bean with name 'applyController': Injection of resource dependencies failed
[luohuo-im-server:18778:] 2026-02-18 04:13:52.983[ INFO] 1353 [] [main:39468] [com.alibaba.druid.pool.DruidDataSource.close:1880] {dataSource-1} closing ...
[luohuo-im-server:18778:] 2026-02-18 04:13:52.992[ INFO] 1353 [] [main:39477] [com.alibaba.druid.pool.DruidDataSource.close:1953] {dataSource-1} closed
[luohuo-im-server:18778:] 2026-02-18 04:13:53.035[ INFO] 1353 [] [main:39520] [o.s.b.a.logging.ConditionEvaluationReportLogger.logMessage:82] 

Error starting ApplicationContext. To display the condition evaluation report re-run your application with 'debug' enabled.
[luohuo-im-server:18778:] 2026-02-18 04:13:53.096[ERROR] 1353 [] [main:39581] [o.s.b.diagnostics.LoggingFailureAnalysisReporter.report:40] 

***************************
APPLICATION FAILED TO START
***************************

Description:

Parameter 0 of constructor in com.luohuo.flex.im.core.chat.service.ai.audit.AiAuditLogService required a bean of type 'com.luohuo.flex.im.core.chat.dao.ai.AiAuditLogDao' that could not be found.


Action:

Consider defining a bean of type 'com.luohuo.flex.im.core.chat.dao.ai.AiAuditLogDao' in your configuration.

[luohuo-im-server:18778:] 2026-02-18 04:18:14.828[ INFO] 1353 [] [Thread-22:301313] [c.alibaba.nacos.common.http.HttpClientBeanHolder.shutdown:102] [HttpClientBeanHolder] Start destroying common HttpClient
[luohuo-im-server:18778:] 2026-02-18 04:18:14.829[ INFO] 1353 [] [Thread-2:301314] [c.alibaba.nacos.common.executor.ThreadPoolManager.lambda$static$0:54] [ThreadPoolManager] Start destroying ThreadPool
[luohuo-im-server:18778:] 2026-02-18 04:18:14.829[ INFO] 1353 [] [Thread-24:301314] [com.alibaba.nacos.common.notify.NotifyCenter.shutdown:134] [NotifyCenter] Start destroying Publisher
[luohuo-im-server:18778:] 2026-02-18 04:18:14.829[ INFO] 1353 [] [Thread-24:301314] [com.alibaba.nacos.common.notify.NotifyCenter.shutdown:151] [NotifyCenter] Completed destruction of Publisher
[luohuo-im-server:18778:] 2026-02-18 04:18:14.830[ INFO] 1353 [] [Thread-2:301315] [c.alibaba.nacos.common.executor.ThreadPoolManager.lambda$static$0:56] [ThreadPoolManager] Completed destruction of ThreadPool
[luohuo-im-server:0000:] 2026-02-18 04:18:37.409[ INFO] 2352 [] [main:2421] [com.alibaba.nacos.client.logging.NacosLogging.initLoggingAdapter:52] Nacos Logging Adapter Builder: com.alibaba.nacos.logger.adapter.logback12.LogbackNacosLoggingAdapterBuilder
[luohuo-im-server:0000:] 2026-02-18 04:18:37.423[ INFO] 2352 [] [main:2435] [com.alibaba.nacos.client.logging.NacosLogging.initLoggingAdapter:52] Nacos Logging Adapter Builder: com.alibaba.nacos.logger.adapter.logback14.LogbackNacosLoggingAdapterBuilder
[luohuo-im-server:0000:] 2026-02-18 04:18:37.424[ INFO] 2352 [] [main:2436] [com.alibaba.nacos.client.logging.NacosLogging.initLoggingAdapter:55] Nacos Logging Adapter: com.alibaba.nacos.logger.adapter.logback14.LogbackNacosLoggingAdapter match ch.qos.logback.classic.Logger success.
[luohuo-im-server:0000:] 2026-02-18 04:18:37.440[ INFO] 2352 [] [main:2452] [com.alibaba.nacos.client.logging.NacosLogging.initLoggingAdapter:52] Nacos Logging Adapter Builder: com.alibaba.nacos.logger.adapter.log4j2.Log4j2NacosLoggingAdapterBuilder
[luohuo-im-server:0000:] 2026-02-18 04:18:39.111[ INFO] 2352 [] [main:4123] [c.a.n.p.auth.spi.client.ClientAuthPluginManager.init:56] [ClientAuthPluginManager] Load ClientAuthService com.alibaba.nacos.client.auth.impl.NacosClientAuthServiceImpl success.
[luohuo-im-server:0000:] 2026-02-18 04:18:39.111[ INFO] 2352 [] [main:4123] [c.a.n.p.auth.spi.client.ClientAuthPluginManager.init:56] [ClientAuthPluginManager] Load ClientAuthService com.alibaba.nacos.client.auth.ram.RamClientAuthServiceImpl success.
[luohuo-im-server:0000:] 2026-02-18 04:18:41.060[ INFO] 2352 [] [main:6072] [c.a.n.common.ability.AbstractAbilityControlManager.initAbilityTable:61] Ready to get current node abilities...
[luohuo-im-server:0000:] 2026-02-18 04:18:41.065[ INFO] 2352 [] [main:6077] [c.a.n.common.ability.AbstractAbilityControlManager.initAbilityTable:89] Ready to initialize current node abilities, support modes: [SDK_CLIENT]
[luohuo-im-server:0000:] 2026-02-18 04:18:41.066[ INFO] 2352 [] [main:6078] [c.a.n.common.ability.AbstractAbilityControlManager.initAbilityTable:94] Initialize current abilities finish...
[luohuo-im-server:0000:] 2026-02-18 04:18:41.067[ INFO] 2352 [] [main:6079] [c.a.n.c.ability.discover.NacosAbilityManagerHolder.initAbilityControlManager:85] [AbilityControlManager] Successfully initialize AbilityControlManager
[luohuo-im-server:0000:] 2026-02-18 04:18:41.331[ WARN] 2352 [] [main:6343] [c.a.cloud.nacos.client.NacosPropertySourceBuilder.loadNacosData:97] Ignore the empty nacos configuration and get it based on dataId[luohuo-im-server] & group[DEFAULT_GROUP]
[luohuo-im-server:0000:] 2026-02-18 04:18:41.350[ WARN] 2352 [] [main:6362] [c.a.cloud.nacos.client.NacosPropertySourceBuilder.loadNacosData:97] Ignore the empty nacos configuration and get it based on dataId[luohuo-im-server-dev.yml] & group[DEFAULT_GROUP]
[luohuo-im-server:0000:] 2026-02-18 04:18:41.352[ INFO] 2352 [] [main:6364] [o.s.c.b.c.PropertySourceBootstrapConfiguration.doInitialize:134] Located property source: [BootstrapPropertySource {name='bootstrapProperties-luohuo-im-server-dev.yml,DEFAULT_GROUP'}, BootstrapPropertySource {name='bootstrapProperties-luohuo-im-server.yml,DEFAULT_GROUP'}, BootstrapPropertySource {name='bootstrapProperties-luohuo-im-server,DEFAULT_GROUP'}, BootstrapPropertySource {name='bootstrapProperties-rocketmq.yml,DEFAULT_GROUP'}, BootstrapPropertySource {name='bootstrapProperties-mysql.yml,DEFAULT_GROUP'}, BootstrapPropertySource {name='bootstrapProperties-redis.yml,DEFAULT_GROUP'}, BootstrapPropertySource {name='bootstrapProperties-common.yml,DEFAULT_GROUP'}]
[luohuo-im-server:18778:] 2026-02-18 04:18:41.477[ INFO] 2352 [] [main:6489] [com.luohuo.flex.ImServerApplication.logStartupProfileInfo:658] The following 1 profile is active: "dev"
[luohuo-im-server:18778:] 2026-02-18 04:18:44.058[ INFO] 2352 [] [main:9070] [o.s.b.factory.support.DefaultListableBeanFactory.logBeanDefinitionOverriding:1273] Overriding bean definition for bean 'system-server.FeignClientSpecification' with an equivalent definition: replacing [Generic bean: class=org.springframework.cloud.openfeign.FeignClientSpecification; scope=; abstract=false; lazyInit=null; autowireMode=0; dependencyCheck=0; autowireCandidate=true; primary=false; fallback=false; factoryBeanName=null; factoryMethodName=null; initMethodNames=null; destroyMethodNames=null] with [Generic bean: class=org.springframework.cloud.openfeign.FeignClientSpecification; scope=; abstract=false; lazyInit=null; autowireMode=0; dependencyCheck=0; autowireCandidate=true; primary=false; fallback=false; factoryBeanName=null; factoryMethodName=null; initMethodNames=null; destroyMethodNames=null]
[luohuo-im-server:18778:] 2026-02-18 04:18:44.060[ INFO] 2352 [] [main:9072] [o.s.b.factory.support.DefaultListableBeanFactory.logBeanDefinitionOverriding:1273] Overriding bean definition for bean 'com.luohuo.basic.tenant.TenantCommonApi' with an equivalent definition: replacing [Generic bean: class=org.springframework.cloud.openfeign.FeignClientFactoryBean; scope=; abstract=false; lazyInit=null; autowireMode=2; dependencyCheck=0; autowireCandidate=true; primary=true; fallback=false; factoryBeanName=null; factoryMethodName=null; initMethodNames=null; destroyMethodNames=null] with [Generic bean: class=org.springframework.cloud.openfeign.FeignClientFactoryBean; scope=; abstract=false; lazyInit=null; autowireMode=2; dependencyCheck=0; autowireCandidate=true; primary=true; fallback=false; factoryBeanName=null; factoryMethodName=null; initMethodNames=null; destroyMethodNames=null]
[luohuo-im-server:18778:] 2026-02-18 04:18:44.063[ INFO] 2352 [] [main:9075] [o.s.b.factory.support.DefaultListableBeanFactory.logBeanDefinitionOverriding:1261] Overriding bean definition for bean '${luohuo.feign.base-server:luohuo-base-server}.FeignClientSpecification' with a different definition: replacing [Generic bean: class=org.springframework.cloud.openfeign.FeignClientSpecification; scope=; abstract=false; lazyInit=null; autowireMode=0; dependencyCheck=0; autowireCandidate=true; primary=false; fallback=false; factoryBeanName=null; factoryMethodName=null; initMethodNames=null; destroyMethodNames=null] with [Generic bean: class=org.springframework.cloud.openfeign.FeignClientSpecification; scope=; abstract=false; lazyInit=null; autowireMode=0; dependencyCheck=0; autowireCandidate=true; primary=false; fallback=false; factoryBeanName=null; factoryMethodName=null; initMethodNames=null; destroyMethodNames=null]
[luohuo-im-server:18778:] 2026-02-18 04:18:44.067[ INFO] 2352 [] [main:9079] [o.s.b.factory.support.DefaultListableBeanFactory.logBeanDefinitionOverriding:1261] Overriding bean definition for bean '${luohuo.feign.oauth-server:luohuo-oauth-server}.FeignClientSpecification' with a different definition: replacing [Generic bean: class=org.springframework.cloud.openfeign.FeignClientSpecification; scope=; abstract=false; lazyInit=null; autowireMode=0; dependencyCheck=0; autowireCandidate=true; primary=false; fallback=false; factoryBeanName=null; factoryMethodName=null; initMethodNames=null; destroyMethodNames=null] with [Generic bean: class=org.springframework.cloud.openfeign.FeignClientSpecification; scope=; abstract=false; lazyInit=null; autowireMode=0; dependencyCheck=0; autowireCandidate=true; primary=false; fallback=false; factoryBeanName=null; factoryMethodName=null; initMethodNames=null; destroyMethodNames=null]
[luohuo-im-server:18778:] 2026-02-18 04:18:44.069[ INFO] 2352 [] [main:9081] [o.s.b.factory.support.DefaultListableBeanFactory.logBeanDefinitionOverriding:1261] Overriding bean definition for bean '${luohuo.feign.oauth-server:luohuo-oauth-server}.FeignClientSpecification' with a different definition: replacing [Generic bean: class=org.springframework.cloud.openfeign.FeignClientSpecification; scope=; abstract=false; lazyInit=null; autowireMode=0; dependencyCheck=0; autowireCandidate=true; primary=false; fallback=false; factoryBeanName=null; factoryMethodName=null; initMethodNames=null; destroyMethodNames=null] with [Generic bean: class=org.springframework.cloud.openfeign.FeignClientSpecification; scope=; abstract=false; lazyInit=null; autowireMode=0; dependencyCheck=0; autowireCandidate=true; primary=false; fallback=false; factoryBeanName=null; factoryMethodName=null; initMethodNames=null; destroyMethodNames=null]
[luohuo-im-server:18778:] 2026-02-18 04:18:44.071[ INFO] 2352 [] [main:9083] [o.s.b.factory.support.DefaultListableBeanFactory.logBeanDefinitionOverriding:1261] Overriding bean definition for bean '${luohuo.feign.oauth-server:luohuo-oauth-server}.FeignClientSpecification' with a different definition: replacing [Generic bean: class=org.springframework.cloud.openfeign.FeignClientSpecification; scope=; abstract=false; lazyInit=null; autowireMode=0; dependencyCheck=0; autowireCandidate=true; primary=false; fallback=false; factoryBeanName=null; factoryMethodName=null; initMethodNames=null; destroyMethodNames=null] with [Generic bean: class=org.springframework.cloud.openfeign.FeignClientSpecification; scope=; abstract=false; lazyInit=null; autowireMode=0; dependencyCheck=0; autowireCandidate=true; primary=false; fallback=false; factoryBeanName=null; factoryMethodName=null; initMethodNames=null; destroyMethodNames=null]
[luohuo-im-server:18778:] 2026-02-18 04:18:44.072[ INFO] 2352 [] [main:9084] [o.s.b.factory.support.DefaultListableBeanFactory.logBeanDefinitionOverriding:1261] Overriding bean definition for bean '${luohuo.feign.oauth-server:luohuo-oauth-server}.FeignClientSpecification' with a different definition: replacing [Generic bean: class=org.springframework.cloud.openfeign.FeignClientSpecification; scope=; abstract=false; lazyInit=null; autowireMode=0; dependencyCheck=0; autowireCandidate=true; primary=false; fallback=false; factoryBeanName=null; factoryMethodName=null; initMethodNames=null; destroyMethodNames=null] with [Generic bean: class=org.springframework.cloud.openfeign.FeignClientSpecification; scope=; abstract=false; lazyInit=null; autowireMode=0; dependencyCheck=0; autowireCandidate=true; primary=false; fallback=false; factoryBeanName=null; factoryMethodName=null; initMethodNames=null; destroyMethodNames=null]
[luohuo-im-server:18778:] 2026-02-18 04:18:44.074[ INFO] 2352 [] [main:9086] [o.s.b.factory.support.DefaultListableBeanFactory.logBeanDefinitionOverriding:1261] Overriding bean definition for bean '${luohuo.feign.oauth-server:luohuo-oauth-server}.FeignClientSpecification' with a different definition: replacing [Generic bean: class=org.springframework.cloud.openfeign.FeignClientSpecification; scope=; abstract=false; lazyInit=null; autowireMode=0; dependencyCheck=0; autowireCandidate=true; primary=false; fallback=false; factoryBeanName=null; factoryMethodName=null; initMethodNames=null; destroyMethodNames=null] with [Generic bean: class=org.springframework.cloud.openfeign.FeignClientSpecification; scope=; abstract=false; lazyInit=null; autowireMode=0; dependencyCheck=0; autowireCandidate=true; primary=false; fallback=false; factoryBeanName=null; factoryMethodName=null; initMethodNames=null; destroyMethodNames=null]
[luohuo-im-server:18778:] 2026-02-18 04:18:44.076[ INFO] 2352 [] [main:9088] [o.s.b.factory.support.DefaultListableBeanFactory.logBeanDefinitionOverriding:1261] Overriding bean definition for bean '${luohuo.feign.base-server:luohuo-base-server}.FeignClientSpecification' with a different definition: replacing [Generic bean: class=org.springframework.cloud.openfeign.FeignClientSpecification; scope=; abstract=false; lazyInit=null; autowireMode=0; dependencyCheck=0; autowireCandidate=true; primary=false; fallback=false; factoryBeanName=null; factoryMethodName=null; initMethodNames=null; destroyMethodNames=null] with [Generic bean: class=org.springframework.cloud.openfeign.FeignClientSpecification; scope=; abstract=false; lazyInit=null; autowireMode=0; dependencyCheck=0; autowireCandidate=true; primary=false; fallback=false; factoryBeanName=null; factoryMethodName=null; initMethodNames=null; destroyMethodNames=null]
[luohuo-im-server:18778:] 2026-02-18 04:18:44.079[ INFO] 2352 [] [main:9091] [o.s.b.factory.support.DefaultListableBeanFactory.logBeanDefinitionOverriding:1261] Overriding bean definition for bean '${luohuo.feign.base-server:luohuo-base-server}.FeignClientSpecification' with a different definition: replacing [Generic bean: class=org.springframework.cloud.openfeign.FeignClientSpecification; scope=; abstract=false; lazyInit=null; autowireMode=0; dependencyCheck=0; autowireCandidate=true; primary=false; fallback=false; factoryBeanName=null; factoryMethodName=null; initMethodNames=null; destroyMethodNames=null] with [Generic bean: class=org.springframework.cloud.openfeign.FeignClientSpecification; scope=; abstract=false; lazyInit=null; autowireMode=0; dependencyCheck=0; autowireCandidate=true; primary=false; fallback=false; factoryBeanName=null; factoryMethodName=null; initMethodNames=null; destroyMethodNames=null]
[luohuo-im-server:18778:] 2026-02-18 04:18:44.494[ INFO] 2352 [] [main:9506] [o.s.b.factory.support.DefaultListableBeanFactory.logBeanDefinitionOverriding:1261] Overriding bean definition for bean 'knife4jOpenApiCustomizer' with a different definition: replacing [Root bean: class=null; scope=; abstract=false; lazyInit=null; autowireMode=3; dependencyCheck=0; autowireCandidate=true; primary=false; fallback=false; factoryBeanName=com.github.xiaoymin.knife4j.spring.configuration.Knife4jAutoConfiguration; factoryMethodName=knife4jOpenApiCustomizer; initMethodNames=null; destroyMethodNames=[(inferred)]; defined in class path resource [com/github/xiaoymin/knife4j/spring/configuration/Knife4jAutoConfiguration.class]] with [Root bean: class=null; scope=; abstract=false; lazyInit=null; autowireMode=3; dependencyCheck=0; autowireCandidate=true; primary=false; fallback=false; factoryBeanName=com.luohuo.basic.swagger2.SwaggerAutoConfiguration; factoryMethodName=knife4jOpenApiCustomizer; initMethodNames=null; destroyMethodNames=[(inferred)]; defined in class path resource [com/luohuo/basic/swagger2/SwaggerAutoConfiguration.class]]
[luohuo-im-server:18778:] 2026-02-18 04:18:45.299[ INFO] 2352 [] [main:10311] [o.s.d.r.config.RepositoryConfigurationDelegate.multipleStoresDetected:295] Multiple Spring Data modules found, entering strict repository configuration mode
[luohuo-im-server:18778:] 2026-02-18 04:18:45.304[ INFO] 2352 [] [main:10316] [o.s.d.r.config.RepositoryConfigurationDelegate.registerRepositoriesIn:143] Bootstrapping Spring Data Redis repositories in DEFAULT mode.
[luohuo-im-server:18778:] 2026-02-18 04:18:45.406[ INFO] 2352 [] [main:10418] [o.s.d.r.config.RepositoryConfigurationDelegate.registerRepositoriesIn:211] Finished Spring Data repository scanning in 74 ms. Found 0 Redis repository interfaces.
[luohuo-im-server:18778:] 2026-02-18 04:18:46.203[ INFO] 2352 [] [main:11215] [o.springframework.cloud.context.scope.GenericScope.setSerializationId:282] BeanFactory id=4af3c072-22ba-3d28-a9dd-a397775ee065
[luohuo-im-server:18778:] 2026-02-18 04:18:46.440[ WARN] 2352 [] [main:11452] [o.s.c.s.PostProcessorRegistrationDelegate$BeanPostProcessorChecker.postProcessAfterInitialization:429] Bean 'com.luohuo.basic.validator.config.ValidatorConfiguration' of type [com.luohuo.basic.validator.config.ValidatorConfiguration] is not eligible for getting processed by all BeanPostProcessors (for example: not eligible for auto-proxying). The currently created BeanPostProcessor [methodValidationPostProcessor] is declared through a non-static factory method on that class; consider declaring it as static instead.
[luohuo-im-server:18778:] 2026-02-18 04:18:46.507[ WARN] 2352 [] [main:11519] [o.s.c.s.PostProcessorRegistrationDelegate$BeanPostProcessorChecker.postProcessAfterInitialization:437] Bean 'validator' of type [org.hibernate.validator.internal.engine.ValidatorImpl] is not eligible for getting processed by all BeanPostProcessors (for example: not eligible for auto-proxying). Is this bean getting eagerly injected/applied to a currently created BeanPostProcessor [methodValidationPostProcessor]? Check the corresponding BeanPostProcessor declaration and its dependencies/advisors. If this bean does not have to be post-processed, declare it with ROLE_INFRASTRUCTURE.
[luohuo-im-server:18778:] 2026-02-18 04:18:47.424[ WARN] 2352 [] [main:12436] [o.s.c.s.PostProcessorRegistrationDelegate$BeanPostProcessorChecker.postProcessAfterInitialization:429] Bean 'tenantAutoConfiguration' of type [com.luohuo.basic.tenant.config.TenantAutoConfiguration] is not eligible for getting processed by all BeanPostProcessors (for example: not eligible for auto-proxying). The currently created BeanPostProcessor [tenantRocketMQInitializer] is declared through a non-static factory method on that class; consider declaring it as static instead.
[luohuo-im-server:18778:] 2026-02-18 04:18:47.466[ WARN] 2352 [] [main:12478] [o.s.c.s.PostProcessorRegistrationDelegate$BeanPostProcessorChecker.postProcessAfterInitialization:437] Bean 'org.apache.rocketmq.spring.autoconfigure.ListenerContainerConfiguration' of type [org.apache.rocketmq.spring.autoconfigure.ListenerContainerConfiguration$$SpringCGLIB$$0] is not eligible for getting processed by all BeanPostProcessors (for example: not eligible for auto-proxying). Is this bean getting eagerly injected/applied to a currently created BeanPostProcessor [org.apache.rocketmq.spring.annotation.RocketMQMessageListenerBeanPostProcessor]? Check the corresponding BeanPostProcessor declaration and its dependencies/advisors. If this bean does not have to be post-processed, declare it with ROLE_INFRASTRUCTURE.
[luohuo-im-server:18778:] 2026-02-18 04:18:47.473[ WARN] 2352 [] [main:12485] [o.s.c.s.PostProcessorRegistrationDelegate$BeanPostProcessorChecker.postProcessAfterInitialization:437] Bean 'org.apache.rocketmq.spring.autoconfigure.MessageConverterConfiguration' of type [org.apache.rocketmq.spring.autoconfigure.MessageConverterConfiguration$$SpringCGLIB$$0] is not eligible for getting processed by all BeanPostProcessors (for example: not eligible for auto-proxying). Is this bean getting eagerly injected/applied to a currently created BeanPostProcessor [org.apache.rocketmq.spring.annotation.RocketMQMessageListenerBeanPostProcessor]? Check the corresponding BeanPostProcessor declaration and its dependencies/advisors. If this bean does not have to be post-processed, declare it with ROLE_INFRASTRUCTURE.
[luohuo-im-server:18778:] 2026-02-18 04:18:47.655[ WARN] 2352 [] [main:12667] [o.s.c.s.PostProcessorRegistrationDelegate$BeanPostProcessorChecker.postProcessAfterInitialization:437] Bean 'createRocketMQMessageConverter' of type [org.apache.rocketmq.spring.support.RocketMQMessageConverter] is not eligible for getting processed by all BeanPostProcessors (for example: not eligible for auto-proxying). Is this bean getting eagerly injected/applied to a currently created BeanPostProcessor [org.apache.rocketmq.spring.annotation.RocketMQMessageListenerBeanPostProcessor]? Check the corresponding BeanPostProcessor declaration and its dependencies/advisors. If this bean does not have to be post-processed, declare it with ROLE_INFRASTRUCTURE.
[luohuo-im-server:18778:] 2026-02-18 04:18:47.670[ WARN] 2352 [] [main:12682] [o.s.c.s.PostProcessorRegistrationDelegate$BeanPostProcessorChecker.postProcessAfterInitialization:437] Bean 'org.springframework.cloud.commons.config.CommonsConfigAutoConfiguration' of type [org.springframework.cloud.commons.config.CommonsConfigAutoConfiguration] is not eligible for getting processed by all BeanPostProcessors (for example: not eligible for auto-proxying). Is this bean getting eagerly injected/applied to a currently created BeanPostProcessor [org.apache.rocketmq.spring.annotation.RocketMQMessageListenerBeanPostProcessor]? Check the corresponding BeanPostProcessor declaration and its dependencies/advisors. If this bean does not have to be post-processed, declare it with ROLE_INFRASTRUCTURE.
[luohuo-im-server:18778:] 2026-02-18 04:18:47.675[ WARN] 2352 [] [main:12687] [o.s.c.s.PostProcessorRegistrationDelegate$BeanPostProcessorChecker.postProcessAfterInitialization:437] Bean 'org.springframework.cloud.client.loadbalancer.LoadBalancerDefaultMappingsProviderAutoConfiguration' of type [org.springframework.cloud.client.loadbalancer.LoadBalancerDefaultMappingsProviderAutoConfiguration] is not eligible for getting processed by all BeanPostProcessors (for example: not eligible for auto-proxying). Is this bean getting eagerly injected/applied to a currently created BeanPostProcessor [org.apache.rocketmq.spring.annotation.RocketMQMessageListenerBeanPostProcessor]? Check the corresponding BeanPostProcessor declaration and its dependencies/advisors. If this bean does not have to be post-processed, declare it with ROLE_INFRASTRUCTURE.
[luohuo-im-server:18778:] 2026-02-18 04:18:47.679[ WARN] 2352 [] [main:12691] [o.s.c.s.PostProcessorRegistrationDelegate$BeanPostProcessorChecker.postProcessAfterInitialization:437] Bean 'loadBalancerClientsDefaultsMappingsProvider' of type [org.springframework.cloud.client.loadbalancer.LoadBalancerDefaultMappingsProviderAutoConfiguration$$Lambda/0x00007e50a38a5170] is not eligible for getting processed by all BeanPostProcessors (for example: not eligible for auto-proxying). Is this bean getting eagerly injected/applied to a currently created BeanPostProcessor [org.apache.rocketmq.spring.annotation.RocketMQMessageListenerBeanPostProcessor]? Check the corresponding BeanPostProcessor declaration and its dependencies/advisors. If this bean does not have to be post-processed, declare it with ROLE_INFRASTRUCTURE.
[luohuo-im-server:18778:] 2026-02-18 04:18:47.709[ WARN] 2352 [] [main:12721] [o.s.c.s.PostProcessorRegistrationDelegate$BeanPostProcessorChecker.postProcessAfterInitialization:437] Bean 'defaultsBindHandlerAdvisor' of type [org.springframework.cloud.commons.config.DefaultsBindHandlerAdvisor] is not eligible for getting processed by all BeanPostProcessors (for example: not eligible for auto-proxying). Is this bean getting eagerly injected/applied to a currently created BeanPostProcessor [org.apache.rocketmq.spring.annotation.RocketMQMessageListenerBeanPostProcessor]? Check the corresponding BeanPostProcessor declaration and its dependencies/advisors. If this bean does not have to be post-processed, declare it with ROLE_INFRASTRUCTURE.
[luohuo-im-server:18778:] 2026-02-18 04:18:47.730[ WARN] 2352 [] [main:12742] [o.s.c.s.PostProcessorRegistrationDelegate$BeanPostProcessorChecker.postProcessAfterInitialization:437] Bean 'rocketmq-org.apache.rocketmq.spring.autoconfigure.RocketMQProperties' of type [org.apache.rocketmq.spring.autoconfigure.RocketMQProperties] is not eligible for getting processed by all BeanPostProcessors (for example: not eligible for auto-proxying). Is this bean getting eagerly injected/applied to a currently created BeanPostProcessor [org.apache.rocketmq.spring.annotation.RocketMQMessageListenerBeanPostProcessor]? Check the corresponding BeanPostProcessor declaration and its dependencies/advisors. If this bean does not have to be post-processed, declare it with ROLE_INFRASTRUCTURE.
[luohuo-im-server:18778:] 2026-02-18 04:18:47.741[ WARN] 2352 [] [main:12753] [o.s.c.s.PostProcessorRegistrationDelegate$BeanPostProcessorChecker.postProcessAfterInitialization:437] Bean 'rocketMQMessageListenerContainerRegistrar' of type [org.apache.rocketmq.spring.support.RocketMQMessageListenerContainerRegistrar] is not eligible for getting processed by all BeanPostProcessors (for example: not eligible for auto-proxying). Is this bean getting eagerly injected/applied to a currently created BeanPostProcessor [org.apache.rocketmq.spring.annotation.RocketMQMessageListenerBeanPostProcessor]? Check the corresponding BeanPostProcessor declaration and its dependencies/advisors. If this bean does not have to be post-processed, declare it with ROLE_INFRASTRUCTURE.
[luohuo-im-server:18778:] 2026-02-18 04:18:48.364[ INFO] 2352 [] [main:13376] [org.xnio.<clinit>:95] XNIO version 3.8.16.Final
[luohuo-im-server:18778:] 2026-02-18 04:18:48.383[ INFO] 2352 [] [main:13395] [org.xnio.nio.<clinit>:58] XNIO NIO Implementation Version 3.8.16.Final
[luohuo-im-server:18778:] 2026-02-18 04:18:48.576[ INFO] 2352 [] [main:13588] [org.jboss.threads.<clinit>:55] JBoss Threads version 3.5.0.Final
[luohuo-im-server:18778:] 2026-02-18 04:18:48.685[ INFO] 2352 [] [main:13697] [io.undertow.servlet.log:372] Initializing Spring embedded WebApplicationContext
[luohuo-im-server:18778:] 2026-02-18 04:18:48.686[ INFO] 2352 [] [main:13698] [o.s.b.w.s.c.ServletWebServerApplicationContext.prepareWebApplicationContext:301] Root WebApplicationContext: initialization completed in 7162 ms
[luohuo-im-server:18778:] 2026-02-18 04:18:48.966[ INFO] 2352 [] [main:13978] [c.a.d.s.b.a.DruidDataSourceAutoConfigure.dataSource:68] Init DruidDataSource
[luohuo-im-server:18778:] 2026-02-18 04:18:50.798[ INFO] 2352 [] [main:15810] [p6spy.logSQL:60] 租户参数：tenantId: null
用户参数：uid: null
消耗时间：54 ms, 执行时间 2026-02-18 04:18:50
数据源: jdbc:p6spy:mysql://10.38.10.10:3306/hula?serverTimezone=Asia/Shanghai&characterEncoding=utf8&useUnicode=true&useSSL=false&autoReconnect=true&zeroDateTimeBehavior=convertToNull&allowMultiQueries=true&nullCatalogMeansCurrent=true&allowPublicKeyRetrieval=true
执行的SQL：SELECT 'x'

[luohuo-im-server:18778:] 2026-02-18 04:18:51.659[ INFO] 2352 [] [main:16671] [p6spy.logSQL:60] 租户参数：tenantId: null
用户参数：uid: null
消耗时间：260 ms, 执行时间 2026-02-18 04:18:51
数据源: jdbc:p6spy:mysql://10.38.10.10:3306/hula?serverTimezone=Asia/Shanghai&characterEncoding=utf8&useUnicode=true&useSSL=false&autoReconnect=true&zeroDateTimeBehavior=convertToNull&allowMultiQueries=true&nullCatalogMeansCurrent=true&allowPublicKeyRetrieval=true
执行的SQL：SELECT 'x'

[luohuo-im-server:18778:] 2026-02-18 04:18:52.608[ INFO] 2352 [] [main:17620] [p6spy.logSQL:60] 租户参数：tenantId: null
用户参数：uid: null
消耗时间：19 ms, 执行时间 2026-02-18 04:18:52
数据源: jdbc:p6spy:mysql://10.38.10.10:3306/hula?serverTimezone=Asia/Shanghai&characterEncoding=utf8&useUnicode=true&useSSL=false&autoReconnect=true&zeroDateTimeBehavior=convertToNull&allowMultiQueries=true&nullCatalogMeansCurrent=true&allowPublicKeyRetrieval=true
执行的SQL：SELECT 'x'

[luohuo-im-server:18778:] 2026-02-18 04:18:53.215[ INFO] 2352 [] [main:18227] [p6spy.logSQL:60] 租户参数：tenantId: null
用户参数：uid: null
消耗时间：19 ms, 执行时间 2026-02-18 04:18:53
数据源: jdbc:p6spy:mysql://10.38.10.10:3306/hula?serverTimezone=Asia/Shanghai&characterEncoding=utf8&useUnicode=true&useSSL=false&autoReconnect=true&zeroDateTimeBehavior=convertToNull&allowMultiQueries=true&nullCatalogMeansCurrent=true&allowPublicKeyRetrieval=true
执行的SQL：SELECT 'x'

[luohuo-im-server:18778:] 2026-02-18 04:18:53.567[ INFO] 2352 [] [main:18579] [p6spy.logSQL:60] 租户参数：tenantId: null
用户参数：uid: null
消耗时间：19 ms, 执行时间 2026-02-18 04:18:53
数据源: jdbc:p6spy:mysql://10.38.10.10:3306/hula?serverTimezone=Asia/Shanghai&characterEncoding=utf8&useUnicode=true&useSSL=false&autoReconnect=true&zeroDateTimeBehavior=convertToNull&allowMultiQueries=true&nullCatalogMeansCurrent=true&allowPublicKeyRetrieval=true
执行的SQL：SELECT 'x'

[luohuo-im-server:18778:] 2026-02-18 04:18:54.174[ INFO] 2352 [] [main:19186] [p6spy.logSQL:60] 租户参数：tenantId: null
用户参数：uid: null
消耗时间：44 ms, 执行时间 2026-02-18 04:18:54
数据源: jdbc:p6spy:mysql://10.38.10.10:3306/hula?serverTimezone=Asia/Shanghai&characterEncoding=utf8&useUnicode=true&useSSL=false&autoReconnect=true&zeroDateTimeBehavior=convertToNull&allowMultiQueries=true&nullCatalogMeansCurrent=true&allowPublicKeyRetrieval=true
执行的SQL：SELECT 'x'

[luohuo-im-server:18778:] 2026-02-18 04:18:54.737[ INFO] 2352 [] [main:19749] [p6spy.logSQL:60] 租户参数：tenantId: null
用户参数：uid: null
消耗时间：19 ms, 执行时间 2026-02-18 04:18:54
数据源: jdbc:p6spy:mysql://10.38.10.10:3306/hula?serverTimezone=Asia/Shanghai&characterEncoding=utf8&useUnicode=true&useSSL=false&autoReconnect=true&zeroDateTimeBehavior=convertToNull&allowMultiQueries=true&nullCatalogMeansCurrent=true&allowPublicKeyRetrieval=true
执行的SQL：SELECT 'x'

[luohuo-im-server:18778:] 2026-02-18 04:18:55.077[ INFO] 2352 [] [main:20089] [p6spy.logSQL:60] 租户参数：tenantId: null
用户参数：uid: null
消耗时间：19 ms, 执行时间 2026-02-18 04:18:55
数据源: jdbc:p6spy:mysql://10.38.10.10:3306/hula?serverTimezone=Asia/Shanghai&characterEncoding=utf8&useUnicode=true&useSSL=false&autoReconnect=true&zeroDateTimeBehavior=convertToNull&allowMultiQueries=true&nullCatalogMeansCurrent=true&allowPublicKeyRetrieval=true
执行的SQL：SELECT 'x'

[luohuo-im-server:18778:] 2026-02-18 04:18:55.748[ INFO] 2352 [] [main:20760] [p6spy.logSQL:60] 租户参数：tenantId: null
用户参数：uid: null
消耗时间：21 ms, 执行时间 2026-02-18 04:18:55
数据源: jdbc:p6spy:mysql://10.38.10.10:3306/hula?serverTimezone=Asia/Shanghai&characterEncoding=utf8&useUnicode=true&useSSL=false&autoReconnect=true&zeroDateTimeBehavior=convertToNull&allowMultiQueries=true&nullCatalogMeansCurrent=true&allowPublicKeyRetrieval=true
执行的SQL：SELECT 'x'

[luohuo-im-server:18778:] 2026-02-18 04:18:56.569[ INFO] 2352 [] [main:21581] [p6spy.logSQL:60] 租户参数：tenantId: null
用户参数：uid: null
消耗时间：19 ms, 执行时间 2026-02-18 04:18:56
数据源: jdbc:p6spy:mysql://10.38.10.10:3306/hula?serverTimezone=Asia/Shanghai&characterEncoding=utf8&useUnicode=true&useSSL=false&autoReconnect=true&zeroDateTimeBehavior=convertToNull&allowMultiQueries=true&nullCatalogMeansCurrent=true&allowPublicKeyRetrieval=true
执行的SQL：SELECT 'x'

[luohuo-im-server:18778:] 2026-02-18 04:18:56.617[ INFO] 2352 [] [main:21629] [com.alibaba.druid.pool.DruidDataSource.init:673] {dataSource-1} inited
[luohuo-im-server:18778:] 2026-02-18 04:19:00.630[ INFO] 2352 [] [main:25642] [org.redisson.Version.logVersion:43] Redisson 3.50.0
[luohuo-im-server:18778:] 2026-02-18 04:19:01.541[ INFO] 2352 [] [redisson-netty-1-6:26553] [org.redisson.connection.ConnectionsHolder.lambda$initConnections$1:132] 1 connections initialized for 10.38.11.101/10.38.11.101:30225
[luohuo-im-server:18778:] 2026-02-18 04:19:06.293[ INFO] 2352 [] [redisson-netty-1-19:31305] [org.redisson.connection.ConnectionsHolder.lambda$initConnections$1:132] 24 connections initialized for 10.38.11.101/10.38.11.101:30225
[luohuo-im-server:18778:] 2026-02-18 04:19:07.015[ INFO] 2352 [] [main:32027] [c.l.flex.satoken.config.MySaTokenContextRegister.<init>:37] 加载：com.luohuo.flex.satoken.config.MySaTokenContextRegister$InnerConfig
[luohuo-im-server:18778:] 2026-02-18 04:19:07.460[ INFO] 2352 [] [main:32472] [c.alibaba.cloud.sentinel.SentinelWebMvcConfigurer.addInterceptors:52] [Sentinel Starter] register SentinelWebInterceptor with urlPatterns: [/**].
[luohuo-im-server:18778:] 2026-02-18 04:19:08.881[ INFO] 2352 [] [main:33893] [o.a.r.s.autoconfigure.RocketMQAutoConfiguration.defaultMQProducer:122] a producer (chatGroup) init on namesrv 172.26.128.42:9876
[luohuo-im-server:18778:] 2026-02-18 04:19:09.375[ INFO] 2352 [] [main:34387] [c.l.flex.common.config.CommonAutoConfiguration.init:43] 检查到配置文件中：luohuo.system.cachePrefix=luohuo
[luohuo-im-server:18778:] 2026-02-18 04:19:10.680[ INFO] 2352 [] [main:35692] [c.baidu.fsg.uid.worker.DisposableWorkerIdAssigner.assignWorkerId:64] Add worker node:WorkerNodeEntity[created=Wed Feb 18 04:19:10 UTC 2026,hostName=172.18.0.4,id=1198,launchDate=Wed Feb 18 04:19:10 UTC 2026,modified=Wed Feb 18 04:19:10 UTC 2026,port=1771388350041-70714,type=2]
[luohuo-im-server:18778:] 2026-02-18 04:19:10.722[ INFO] 2352 [] [main:35734] [com.baidu.fsg.uid.impl.DefaultUidGenerator.afterPropertiesSet:115] Initialized bits(1, 41, 13, 9) for workerID:1198
[luohuo-im-server:18778:] 2026-02-18 04:19:11.353[ INFO] 2352 [] [main:36365] [c.a.n.p.auth.spi.client.ClientAuthPluginManager.init:56] [ClientAuthPluginManager] Load ClientAuthService com.alibaba.nacos.client.auth.impl.NacosClientAuthServiceImpl success.
[luohuo-im-server:18778:] 2026-02-18 04:19:11.353[ INFO] 2352 [] [main:36365] [c.a.n.p.auth.spi.client.ClientAuthPluginManager.init:56] [ClientAuthPluginManager] Load ClientAuthService com.alibaba.nacos.client.auth.ram.RamClientAuthServiceImpl success.
[luohuo-im-server:18778:] 2026-02-18 04:19:11.408[ INFO] 2352 [] [main:36420] [c.l.flex.im.core.user.service.impl.PushService.init:87] 初始化推送线程池, size=32
[luohuo-im-server:18778:] 2026-02-18 04:19:11.546[ INFO] 2352 [] [main:36558] [p6spy.logSQL:60] 租户参数：tenantId: null
用户参数：uid: null
消耗时间：21 ms, 执行时间 2026-02-18 04:19:11
数据源: jdbc:p6spy:mysql://10.38.10.10:3306/hula?serverTimezone=Asia/Shanghai&characterEncoding=utf8&useUnicode=true&useSSL=false&autoReconnect=true&zeroDateTimeBehavior=convertToNull&allowMultiQueries=true&nullCatalogMeansCurrent=true&allowPublicKeyRetrieval=true
执行的SQL：SELECT COUNT( * ) AS total FROM im_user WHERE is_del=false

[luohuo-im-server:18778:] 2026-02-18 04:19:11.916[ INFO] 2352 [] [main:36928] [p6spy.logSQL:60] 租户参数：tenantId: null
用户参数：uid: null
消耗时间：97 ms, 执行时间 2026-02-18 04:19:11
数据源: jdbc:p6spy:mysql://10.38.10.10:3306/hula?serverTimezone=Asia/Shanghai&characterEncoding=utf8&useUnicode=true&useSSL=false&autoReconnect=true&zeroDateTimeBehavior=convertToNull&allowMultiQueries=true&nullCatalogMeansCurrent=true&allowPublicKeyRetrieval=true
执行的SQL：SELECT id,user_id,account,email,name,avatar,sex,open_id,gitee_id,github_id,gitcode_id,resume,user_state_id,last_opt_time,item_id,state,avatar_update_time,context,user_type,tenant_id,ip_info,update_time,update_by,create_time,create_by,is_del FROM im_user WHERE is_del=false

[luohuo-im-server:18778:] 2026-02-18 04:19:11.978[ INFO] 2352 [] [main:36990] [p6spy.logSQL:60] 租户参数：tenantId: null
用户参数：uid: null
消耗时间：32 ms, 执行时间 2026-02-18 04:19:11
数据源: jdbc:p6spy:mysql://10.38.10.10:3306/hula?serverTimezone=Asia/Shanghai&characterEncoding=utf8&useUnicode=true&useSSL=false&autoReconnect=true&zeroDateTimeBehavior=convertToNull&allowMultiQueries=true&nullCatalogMeansCurrent=true&allowPublicKeyRetrieval=true
执行的SQL：SELECT friend_uid FROM im_user_friend WHERE is_del=false AND (uid = 10937855681024)

[luohuo-im-server:18778:] 2026-02-18 04:19:11.996[ INFO] 2352 [] [ForkJoinPool.commonPool-worker-1:37008] [p6spy.logSQL:60] 租户参数：tenantId: null
用户参数：uid: null
消耗时间：50 ms, 执行时间 2026-02-18 04:19:11
数据源: jdbc:p6spy:mysql://10.38.10.10:3306/hula?serverTimezone=Asia/Shanghai&characterEncoding=utf8&useUnicode=true&useSSL=false&autoReconnect=true&zeroDateTimeBehavior=convertToNull&allowMultiQueries=true&nullCatalogMeansCurrent=true&allowPublicKeyRetrieval=true
执行的SQL：SELECT friend_uid FROM im_user_friend WHERE is_del=false AND (uid = 1)

[luohuo-im-server:18778:] 2026-02-18 04:19:12.708[ INFO] 2352 [] [main:37720] [p6spy.logSQL:60] 租户参数：tenantId: null
用户参数：uid: null
消耗时间：253 ms, 执行时间 2026-02-18 04:19:12
数据源: jdbc:p6spy:mysql://10.38.10.10:3306/hula?serverTimezone=Asia/Shanghai&characterEncoding=utf8&useUnicode=true&useSSL=false&autoReconnect=true&zeroDateTimeBehavior=convertToNull&allowMultiQueries=true&nullCatalogMeansCurrent=true&allowPublicKeyRetrieval=true
执行的SQL：SELECT id,room_id,name,account,avatar,ext_json,allow_scan_enter,update_time,update_by,create_time,create_by,is_del FROM im_room_group WHERE is_del=false

[luohuo-im-server:18778:] 2026-02-18 04:19:12.748[ INFO] 2352 [] [main:37760] [p6spy.logSQL:60] 租户参数：tenantId: null
用户参数：uid: null
消耗时间：27 ms, 执行时间 2026-02-18 04:19:12
数据源: jdbc:p6spy:mysql://10.38.10.10:3306/hula?serverTimezone=Asia/Shanghai&characterEncoding=utf8&useUnicode=true&useSSL=false&autoReconnect=true&zeroDateTimeBehavior=convertToNull&allowMultiQueries=true&nullCatalogMeansCurrent=true&allowPublicKeyRetrieval=true
执行的SQL：SELECT id,room_id,name,account,avatar,ext_json,allow_scan_enter,update_time,update_by,create_time,create_by,is_del FROM im_room_group WHERE is_del=false AND (room_id = 1)

[luohuo-im-server:18778:] 2026-02-18 04:19:13.011[ INFO] 2352 [] [main:38023] [p6spy.logSQL:60] 租户参数：tenantId: null
用户参数：uid: null
消耗时间：257 ms, 执行时间 2026-02-18 04:19:13
数据源: jdbc:p6spy:mysql://10.38.10.10:3306/hula?serverTimezone=Asia/Shanghai&characterEncoding=utf8&useUnicode=true&useSSL=false&autoReconnect=true&zeroDateTimeBehavior=convertToNull&allowMultiQueries=true&nullCatalogMeansCurrent=true&allowPublicKeyRetrieval=true
执行的SQL：SELECT uid FROM im_group_member WHERE is_del=false AND (group_id = 1)

[luohuo-im-server:18778:] 2026-02-18 04:19:14.038[ INFO] 2352 [] [main:39050] [p6spy.logSQL:60] 租户参数：tenantId: null
用户参数：uid: null
消耗时间：77 ms, 执行时间 2026-02-18 04:19:14
数据源: jdbc:p6spy:mysql://10.38.10.10:3306/hula?serverTimezone=Asia/Shanghai&characterEncoding=utf8&useUnicode=true&useSSL=false&autoReconnect=true&zeroDateTimeBehavior=convertToNull&allowMultiQueries=true&nullCatalogMeansCurrent=true&allowPublicKeyRetrieval=true
执行的SQL：SELECT id,room_id,uid1,uid2,room_key,de_friend1,de_friend2,update_time,update_by,create_time,create_by,is_del FROM im_room_friend WHERE is_del=false

[luohuo-im-server:18778:] 2026-02-18 04:19:14.135[ INFO] 2352 [] [main:39147] [p6spy.logSQL:60] 租户参数：tenantId: null
用户参数：uid: null
消耗时间：86 ms, 执行时间 2026-02-18 04:19:14
数据源: jdbc:p6spy:mysql://10.38.10.10:3306/hula?serverTimezone=Asia/Shanghai&characterEncoding=utf8&useUnicode=true&useSSL=false&autoReconnect=true&zeroDateTimeBehavior=convertToNull&allowMultiQueries=true&nullCatalogMeansCurrent=true&allowPublicKeyRetrieval=true
执行的SQL：SELECT id,room_id,uid,friend_uid,remark,hide_my_posts,hide_their_posts,is_temp,temp_status,temp_msg_count,update_time,update_by,create_time,create_by,is_del FROM im_user_friend WHERE is_del=false AND (room_id IN (11229133317122))

[luohuo-im-server:18778:] 2026-02-18 04:19:15.476[ INFO] 2352 [] [main:40488] [p6spy.logSQL:60] 租户参数：tenantId: null
用户参数：uid: null
消耗时间：108 ms, 执行时间 2026-02-18 04:19:15
数据源: jdbc:p6spy:mysql://10.38.10.10:3306/hula?serverTimezone=Asia/Shanghai&characterEncoding=utf8&useUnicode=true&useSSL=false&autoReconnect=true&zeroDateTimeBehavior=convertToNull&allowMultiQueries=true&nullCatalogMeansCurrent=true&allowPublicKeyRetrieval=true
执行的SQL：SELECT id,user_id,account,email,name,avatar,sex,open_id,gitee_id,github_id,gitcode_id,resume,user_state_id,last_opt_time,item_id,state,avatar_update_time,context,user_type,tenant_id,ip_info,update_time,update_by,create_time,create_by,is_del FROM im_user WHERE is_del=false

[luohuo-im-server:18778:] 2026-02-18 04:19:16.028[ INFO] 2352 [] [ForkJoinPool.commonPool-worker-1:41040] [p6spy.logSQL:60] 租户参数：tenantId: null
用户参数：uid: null
消耗时间：541 ms, 执行时间 2026-02-18 04:19:16
数据源: jdbc:p6spy:mysql://10.38.10.10:3306/hula?serverTimezone=Asia/Shanghai&characterEncoding=utf8&useUnicode=true&useSSL=false&autoReconnect=true&zeroDateTimeBehavior=convertToNull&allowMultiQueries=true&nullCatalogMeansCurrent=true&allowPublicKeyRetrieval=true
执行的SQL：SELECT id,group_id,uid,role_id,remark,my_name,de_friend,update_time,update_by,create_time,create_by,is_del FROM im_group_member WHERE is_del=false AND (uid = 1 AND de_friend = 0)

[luohuo-im-server:18778:] 2026-02-18 04:19:16.028[ INFO] 2352 [] [main:41040] [p6spy.logSQL:60] 租户参数：tenantId: null
用户参数：uid: null
消耗时间：541 ms, 执行时间 2026-02-18 04:19:16
数据源: jdbc:p6spy:mysql://10.38.10.10:3306/hula?serverTimezone=Asia/Shanghai&characterEncoding=utf8&useUnicode=true&useSSL=false&autoReconnect=true&zeroDateTimeBehavior=convertToNull&allowMultiQueries=true&nullCatalogMeansCurrent=true&allowPublicKeyRetrieval=true
执行的SQL：SELECT id,group_id,uid,role_id,remark,my_name,de_friend,update_time,update_by,create_time,create_by,is_del FROM im_group_member WHERE is_del=false AND (uid = 10937855681024 AND de_friend = 0)

[luohuo-im-server:18778:] 2026-02-18 04:19:16.073[ INFO] 2352 [] [main:41085] [p6spy.logSQL:60] 租户参数：tenantId: null
用户参数：uid: null
消耗时间：37 ms, 执行时间 2026-02-18 04:19:16
数据源: jdbc:p6spy:mysql://10.38.10.10:3306/hula?serverTimezone=Asia/Shanghai&characterEncoding=utf8&useUnicode=true&useSSL=false&autoReconnect=true&zeroDateTimeBehavior=convertToNull&allowMultiQueries=true&nullCatalogMeansCurrent=true&allowPublicKeyRetrieval=true
执行的SQL：SELECT id,room_id,name,account,avatar,ext_json,allow_scan_enter,update_time,update_by,create_time,create_by,is_del FROM im_room_group WHERE is_del=false AND (id IN (1))

[luohuo-im-server:18778:] 2026-02-18 04:19:16.091[ INFO] 2352 [] [ForkJoinPool.commonPool-worker-1:41103] [p6spy.logSQL:60] 租户参数：tenantId: null
用户参数：uid: null
消耗时间：55 ms, 执行时间 2026-02-18 04:19:16
数据源: jdbc:p6spy:mysql://10.38.10.10:3306/hula?serverTimezone=Asia/Shanghai&characterEncoding=utf8&useUnicode=true&useSSL=false&autoReconnect=true&zeroDateTimeBehavior=convertToNull&allowMultiQueries=true&nullCatalogMeansCurrent=true&allowPublicKeyRetrieval=true
执行的SQL：SELECT id,room_id,name,account,avatar,ext_json,allow_scan_enter,update_time,update_by,create_time,create_by,is_del FROM im_room_group WHERE is_del=false AND (id IN (1))

[luohuo-im-server:18778:] 2026-02-18 04:19:17.075[ INFO] 2352 [] [main:42087] [o.s.cloud.openfeign.FeignClientFactoryBean.getTarget:472] For 'luohuo-base-server' URL not provided. Will try picking an instance via load-balancing.
[luohuo-im-server:18778:] 2026-02-18 04:19:17.303[ WARN] 2352 [] [main:42315] [com.luohuo.basic.cache.RedisAutoConfigure.cacheOps:118] 检查到缓存采用了 Redis模式
[luohuo-im-server:18778:] 2026-02-18 04:19:18.776[ INFO] 2352 [] [main:43788] [org.owasp.validator.html.Policy.getInstance:294] Attempting to load AntiSamy policy from an input stream.
[luohuo-im-server:18778:] 2026-02-18 04:19:19.082[ WARN] 2352 [] [main:44094] [org.owasp.validator.html.Policy.<init>:56] The directive "noopenerAndNoreferrerAnchors" is not enabled by default. It is recommended to enable it to prevent reverse tabnabbing attacks.
[luohuo-im-server:18778:] 2026-02-18 04:19:21.353[ WARN] 2352 [] [main:46365] [c.b.mybatisplus.core.metadata.TableInfoHelper.initTableFields:364] Can not find table primary key in Class: "com.luohuo.flex.im.sensitive.domain.SensitiveWord".
[luohuo-im-server:18778:] 2026-02-18 04:19:21.354[ WARN] 2352 [] [main:46366] [c.luohuo.basic.database.injector.LuohuoSqlInjector.getMethodList:56] class com.luohuo.flex.im.sensitive.domain.SensitiveWord ,Not found @TableId annotation, Cannot use Mybatis-Plus 'xxById' Method.
[luohuo-im-server:18778:] 2026-02-18 04:19:21.472[ INFO] 2352 [] [main:46484] [p6spy.logSQL:60] 租户参数：tenantId: null
用户参数：uid: null
消耗时间：21 ms, 执行时间 2026-02-18 04:19:21
数据源: jdbc:p6spy:mysql://10.38.10.10:3306/hula?serverTimezone=Asia/Shanghai&characterEncoding=utf8&useUnicode=true&useSSL=false&autoReconnect=true&zeroDateTimeBehavior=convertToNull&allowMultiQueries=true&nullCatalogMeansCurrent=true&allowPublicKeyRetrieval=true
执行的SQL：SELECT word FROM im_sensitive_word

[luohuo-im-server:18778:] 2026-02-18 04:19:21.476[ INFO] 2352 [] [main:46488] [c.luohuo.flex.im.common.config.SensitiveWordConfig.sensitiveWordBs:29] 敏感词初始化加载数量: 5
[luohuo-im-server:18778:] 2026-02-18 04:19:21.558[ INFO] 2352 [] [main:46570] [p6spy.logSQL:60] 租户参数：tenantId: null
用户参数：uid: null
消耗时间：80 ms, 执行时间 2026-02-18 04:19:21
数据源: jdbc:p6spy:mysql://10.38.10.10:3306/hula?serverTimezone=Asia/Shanghai&characterEncoding=utf8&useUnicode=true&useSSL=false&autoReconnect=true&zeroDateTimeBehavior=convertToNull&allowMultiQueries=true&nullCatalogMeansCurrent=true&allowPublicKeyRetrieval=true
执行的SQL：SELECT word FROM im_sensitive_word

[luohuo-im-server:18778:] 2026-02-18 04:19:22.467[ WARN] 2352 [] [main:47479] [o.s.b.w.s.c.AnnotationConfigServletWebServerApplicationContext.refresh:635] Exception encountered during context initialization - cancelling refresh attempt: org.springframework.beans.factory.BeanCreationException: Error creating bean with name 'messageSendListener': Injection of resource dependencies failed
[luohuo-im-server:18778:] 2026-02-18 04:19:22.469[ WARN] 2352 [] [main:47481] [o.s.c.a.AnnotationConfigApplicationContext.doClose:1166] Exception thrown from ApplicationListener handling ContextClosedEvent

org.springframework.beans.factory.BeanCreationNotAllowedException: Error creating bean with name 'meterRegistryCloser': Singleton bean creation not allowed while singletons of this factory are in destruction (Do not request a bean from a BeanFactory in a destroy method implementation!)
	at org.springframework.beans.factory.support.DefaultSingletonBeanRegistry.getSingleton(DefaultSingletonBeanRegistry.java:292) ~[spring-beans-6.2.5.jar!/:6.2.5]
	at org.springframework.beans.factory.support.AbstractBeanFactory.doGetBean(AbstractBeanFactory.java:337) ~[spring-beans-6.2.5.jar!/:6.2.5]
	at org.springframework.beans.factory.support.AbstractBeanFactory.getBean(AbstractBeanFactory.java:207) ~[spring-beans-6.2.5.jar!/:6.2.5]
	at org.springframework.context.event.AbstractApplicationEventMulticaster.retrieveApplicationListeners(AbstractApplicationEventMulticaster.java:267) ~[spring-context-6.2.5.jar!/:6.2.5]
	at org.springframework.context.event.AbstractApplicationEventMulticaster.getApplicationListeners(AbstractApplicationEventMulticaster.java:223) ~[spring-context-6.2.5.jar!/:6.2.5]
	at org.springframework.context.event.SimpleApplicationEventMulticaster.multicastEvent(SimpleApplicationEventMulticaster.java:145) ~[spring-context-6.2.5.jar!/:6.2.5]
	at org.springframework.context.support.AbstractApplicationContext.publishEvent(AbstractApplicationContext.java:454) ~[spring-context-6.2.5.jar!/:6.2.5]
	at org.springframework.context.support.AbstractApplicationContext.publishEvent(AbstractApplicationContext.java:460) ~[spring-context-6.2.5.jar!/:6.2.5]
	at org.springframework.context.support.AbstractApplicationContext.publishEvent(AbstractApplicationContext.java:387) ~[spring-context-6.2.5.jar!/:6.2.5]
	at org.springframework.context.support.AbstractApplicationContext.doClose(AbstractApplicationContext.java:1163) ~[spring-context-6.2.5.jar!/:6.2.5]
	at org.springframework.context.support.AbstractApplicationContext.close(AbstractApplicationContext.java:1126) ~[spring-context-6.2.5.jar!/:6.2.5]
	at org.springframework.cloud.context.named.NamedContextFactory.destroy(NamedContextFactory.java:114) ~[spring-cloud-context-4.2.1.jar!/:4.2.1]
	at org.springframework.beans.factory.support.DisposableBeanAdapter.destroy(DisposableBeanAdapter.java:211) ~[spring-beans-6.2.5.jar!/:6.2.5]
	at org.springframework.beans.factory.support.DefaultSingletonBeanRegistry.destroyBean(DefaultSingletonBeanRegistry.java:745) ~[spring-beans-6.2.5.jar!/:6.2.5]
	at org.springframework.beans.factory.support.DefaultSingletonBeanRegistry.destroySingleton(DefaultSingletonBeanRegistry.java:702) ~[spring-beans-6.2.5.jar!/:6.2.5]
	at org.springframework.beans.factory.support.DefaultListableBeanFactory.destroySingleton(DefaultListableBeanFactory.java:1401) ~[spring-beans-6.2.5.jar!/:6.2.5]
	at org.springframework.beans.factory.support.DefaultSingletonBeanRegistry.destroySingletons(DefaultSingletonBeanRegistry.java:661) ~[spring-beans-6.2.5.jar!/:6.2.5]
	at org.springframework.beans.factory.support.DefaultListableBeanFactory.destroySingletons(DefaultListableBeanFactory.java:1394) ~[spring-beans-6.2.5.jar!/:6.2.5]
	at org.springframework.context.support.AbstractApplicationContext.destroyBeans(AbstractApplicationContext.java:1219) ~[spring-context-6.2.5.jar!/:6.2.5]
	at org.springframework.context.support.AbstractApplicationContext.refresh(AbstractApplicationContext.java:640) ~[spring-context-6.2.5.jar!/:6.2.5]
	at org.springframework.boot.web.servlet.context.ServletWebServerApplicationContext.refresh(ServletWebServerApplicationContext.java:146) ~[spring-boot-3.4.4.jar!/:3.4.4]
	at org.springframework.boot.SpringApplication.refresh(SpringApplication.java:752) ~[spring-boot-3.4.4.jar!/:3.4.4]
	at org.springframework.boot.SpringApplication.refreshContext(SpringApplication.java:439) ~[spring-boot-3.4.4.jar!/:3.4.4]
	at org.springframework.boot.SpringApplication.run(SpringApplication.java:318) ~[spring-boot-3.4.4.jar!/:3.4.4]
	at org.springframework.boot.SpringApplication.run(SpringApplication.java:1361) ~[spring-boot-3.4.4.jar!/:3.4.4]
	at org.springframework.boot.SpringApplication.run(SpringApplication.java:1350) ~[spring-boot-3.4.4.jar!/:3.4.4]
	at com.luohuo.flex.common.ServerApplication.start(ServerApplication.java:20) ~[luohuo-common-3.0.6.jar!/:3.0.6]
	at com.luohuo.flex.ImServerApplication.main(ImServerApplication.java:42) ~[!/:3.0.6]
	at java.base/jdk.internal.reflect.DirectMethodHandleAccessor.invoke(DirectMethodHandleAccessor.java:103) ~[na:na]
	at java.base/java.lang.reflect.Method.invoke(Method.java:580) ~[na:na]
	at org.springframework.boot.loader.launch.Launcher.launch(Launcher.java:102) ~[luohuo-im-server.jar:3.0.6]
	at org.springframework.boot.loader.launch.Launcher.launch(Launcher.java:64) ~[luohuo-im-server.jar:3.0.6]
	at org.springframework.boot.loader.launch.JarLauncher.main(JarLauncher.java:40) ~[luohuo-im-server.jar:3.0.6]

[luohuo-im-server:18778:] 2026-02-18 04:19:22.482[ INFO] 2352 [] [main:47494] [c.l.flex.im.core.user.service.impl.PushService.destroy:154] 开始关闭推送线程池...
[luohuo-im-server:18778:] 2026-02-18 04:19:22.483[ INFO] 2352 [] [main:47495] [c.l.flex.im.core.user.service.impl.PushService.destroy:185] 推送线程池和重试调度器已关闭
[luohuo-im-server:18778:] 2026-02-18 04:19:22.621[ INFO] 2352 [] [main:47633] [com.alibaba.druid.pool.DruidDataSource.close:1880] {dataSource-1} closing ...
[luohuo-im-server:18778:] 2026-02-18 04:19:22.634[ INFO] 2352 [] [main:47646] [com.alibaba.druid.pool.DruidDataSource.close:1953] {dataSource-1} closed
[luohuo-im-server:18778:] 2026-02-18 04:19:22.689[ INFO] 2352 [] [main:47701] [o.s.b.a.logging.ConditionEvaluationReportLogger.logMessage:82] 

Error starting ApplicationContext. To display the condition evaluation report re-run your application with 'debug' enabled.
[luohuo-im-server:18778:] 2026-02-18 04:19:22.755[ERROR] 2352 [] [main:47767] [o.s.b.diagnostics.LoggingFailureAnalysisReporter.report:40] 

***************************
APPLICATION FAILED TO START
***************************

Description:

A component required a bean of type 'com.luohuo.flex.im.core.chat.service.MessageService' that could not be found.


Action:

Consider defining a bean of type 'com.luohuo.flex.im.core.chat.service.MessageService' in your configuration.

[luohuo-im-server:0000:] 2026-02-18 04:22:30.279[ INFO] 3292 [] [main:2509] [com.alibaba.nacos.client.logging.NacosLogging.initLoggingAdapter:52] Nacos Logging Adapter Builder: com.alibaba.nacos.logger.adapter.logback12.LogbackNacosLoggingAdapterBuilder
[luohuo-im-server:0000:] 2026-02-18 04:22:30.293[ INFO] 3292 [] [main:2523] [com.alibaba.nacos.client.logging.NacosLogging.initLoggingAdapter:52] Nacos Logging Adapter Builder: com.alibaba.nacos.logger.adapter.logback14.LogbackNacosLoggingAdapterBuilder
[luohuo-im-server:0000:] 2026-02-18 04:22:30.295[ INFO] 3292 [] [main:2525] [com.alibaba.nacos.client.logging.NacosLogging.initLoggingAdapter:55] Nacos Logging Adapter: com.alibaba.nacos.logger.adapter.logback14.LogbackNacosLoggingAdapter match ch.qos.logback.classic.Logger success.
[luohuo-im-server:0000:] 2026-02-18 04:22:30.311[ INFO] 3292 [] [main:2541] [com.alibaba.nacos.client.logging.NacosLogging.initLoggingAdapter:52] Nacos Logging Adapter Builder: com.alibaba.nacos.logger.adapter.log4j2.Log4j2NacosLoggingAdapterBuilder
[luohuo-im-server:0000:] 2026-02-18 04:22:32.037[ INFO] 3292 [] [main:4267] [c.a.n.p.auth.spi.client.ClientAuthPluginManager.init:56] [ClientAuthPluginManager] Load ClientAuthService com.alibaba.nacos.client.auth.impl.NacosClientAuthServiceImpl success.
[luohuo-im-server:0000:] 2026-02-18 04:22:32.038[ INFO] 3292 [] [main:4268] [c.a.n.p.auth.spi.client.ClientAuthPluginManager.init:56] [ClientAuthPluginManager] Load ClientAuthService com.alibaba.nacos.client.auth.ram.RamClientAuthServiceImpl success.
[luohuo-im-server:0000:] 2026-02-18 04:22:33.894[ INFO] 3292 [] [main:6124] [c.a.n.common.ability.AbstractAbilityControlManager.initAbilityTable:61] Ready to get current node abilities...
[luohuo-im-server:0000:] 2026-02-18 04:22:33.900[ INFO] 3292 [] [main:6130] [c.a.n.common.ability.AbstractAbilityControlManager.initAbilityTable:89] Ready to initialize current node abilities, support modes: [SDK_CLIENT]
[luohuo-im-server:0000:] 2026-02-18 04:22:33.902[ INFO] 3292 [] [main:6132] [c.a.n.common.ability.AbstractAbilityControlManager.initAbilityTable:94] Initialize current abilities finish...
[luohuo-im-server:0000:] 2026-02-18 04:22:33.903[ INFO] 3292 [] [main:6133] [c.a.n.c.ability.discover.NacosAbilityManagerHolder.initAbilityControlManager:85] [AbilityControlManager] Successfully initialize AbilityControlManager
[luohuo-im-server:0000:] 2026-02-18 04:22:34.175[ WARN] 3292 [] [main:6405] [c.a.cloud.nacos.client.NacosPropertySourceBuilder.loadNacosData:97] Ignore the empty nacos configuration and get it based on dataId[luohuo-im-server] & group[DEFAULT_GROUP]
[luohuo-im-server:0000:] 2026-02-18 04:22:34.193[ WARN] 3292 [] [main:6423] [c.a.cloud.nacos.client.NacosPropertySourceBuilder.loadNacosData:97] Ignore the empty nacos configuration and get it based on dataId[luohuo-im-server-dev.yml] & group[DEFAULT_GROUP]
[luohuo-im-server:0000:] 2026-02-18 04:22:34.195[ INFO] 3292 [] [main:6425] [o.s.c.b.c.PropertySourceBootstrapConfiguration.doInitialize:134] Located property source: [BootstrapPropertySource {name='bootstrapProperties-luohuo-im-server-dev.yml,DEFAULT_GROUP'}, BootstrapPropertySource {name='bootstrapProperties-luohuo-im-server.yml,DEFAULT_GROUP'}, BootstrapPropertySource {name='bootstrapProperties-luohuo-im-server,DEFAULT_GROUP'}, BootstrapPropertySource {name='bootstrapProperties-rocketmq.yml,DEFAULT_GROUP'}, BootstrapPropertySource {name='bootstrapProperties-mysql.yml,DEFAULT_GROUP'}, BootstrapPropertySource {name='bootstrapProperties-redis.yml,DEFAULT_GROUP'}, BootstrapPropertySource {name='bootstrapProperties-common.yml,DEFAULT_GROUP'}]
[luohuo-im-server:18778:] 2026-02-18 04:22:34.304[ INFO] 3292 [] [main:6534] [com.luohuo.flex.ImServerApplication.logStartupProfileInfo:658] The following 1 profile is active: "dev"
[luohuo-im-server:18778:] 2026-02-18 04:22:36.753[ INFO] 3292 [] [main:8983] [o.s.b.factory.support.DefaultListableBeanFactory.logBeanDefinitionOverriding:1273] Overriding bean definition for bean 'system-server.FeignClientSpecification' with an equivalent definition: replacing [Generic bean: class=org.springframework.cloud.openfeign.FeignClientSpecification; scope=; abstract=false; lazyInit=null; autowireMode=0; dependencyCheck=0; autowireCandidate=true; primary=false; fallback=false; factoryBeanName=null; factoryMethodName=null; initMethodNames=null; destroyMethodNames=null] with [Generic bean: class=org.springframework.cloud.openfeign.FeignClientSpecification; scope=; abstract=false; lazyInit=null; autowireMode=0; dependencyCheck=0; autowireCandidate=true; primary=false; fallback=false; factoryBeanName=null; factoryMethodName=null; initMethodNames=null; destroyMethodNames=null]
[luohuo-im-server:18778:] 2026-02-18 04:22:36.754[ INFO] 3292 [] [main:8984] [o.s.b.factory.support.DefaultListableBeanFactory.logBeanDefinitionOverriding:1273] Overriding bean definition for bean 'com.luohuo.basic.tenant.TenantCommonApi' with an equivalent definition: replacing [Generic bean: class=org.springframework.cloud.openfeign.FeignClientFactoryBean; scope=; abstract=false; lazyInit=null; autowireMode=2; dependencyCheck=0; autowireCandidate=true; primary=true; fallback=false; factoryBeanName=null; factoryMethodName=null; initMethodNames=null; destroyMethodNames=null] with [Generic bean: class=org.springframework.cloud.openfeign.FeignClientFactoryBean; scope=; abstract=false; lazyInit=null; autowireMode=2; dependencyCheck=0; autowireCandidate=true; primary=true; fallback=false; factoryBeanName=null; factoryMethodName=null; initMethodNames=null; destroyMethodNames=null]
[luohuo-im-server:18778:] 2026-02-18 04:22:36.757[ INFO] 3292 [] [main:8987] [o.s.b.factory.support.DefaultListableBeanFactory.logBeanDefinitionOverriding:1261] Overriding bean definition for bean '${luohuo.feign.base-server:luohuo-base-server}.FeignClientSpecification' with a different definition: replacing [Generic bean: class=org.springframework.cloud.openfeign.FeignClientSpecification; scope=; abstract=false; lazyInit=null; autowireMode=0; dependencyCheck=0; autowireCandidate=true; primary=false; fallback=false; factoryBeanName=null; factoryMethodName=null; initMethodNames=null; destroyMethodNames=null] with [Generic bean: class=org.springframework.cloud.openfeign.FeignClientSpecification; scope=; abstract=false; lazyInit=null; autowireMode=0; dependencyCheck=0; autowireCandidate=true; primary=false; fallback=false; factoryBeanName=null; factoryMethodName=null; initMethodNames=null; destroyMethodNames=null]
[luohuo-im-server:18778:] 2026-02-18 04:22:36.762[ INFO] 3292 [] [main:8992] [o.s.b.factory.support.DefaultListableBeanFactory.logBeanDefinitionOverriding:1261] Overriding bean definition for bean '${luohuo.feign.oauth-server:luohuo-oauth-server}.FeignClientSpecification' with a different definition: replacing [Generic bean: class=org.springframework.cloud.openfeign.FeignClientSpecification; scope=; abstract=false; lazyInit=null; autowireMode=0; dependencyCheck=0; autowireCandidate=true; primary=false; fallback=false; factoryBeanName=null; factoryMethodName=null; initMethodNames=null; destroyMethodNames=null] with [Generic bean: class=org.springframework.cloud.openfeign.FeignClientSpecification; scope=; abstract=false; lazyInit=null; autowireMode=0; dependencyCheck=0; autowireCandidate=true; primary=false; fallback=false; factoryBeanName=null; factoryMethodName=null; initMethodNames=null; destroyMethodNames=null]
[luohuo-im-server:18778:] 2026-02-18 04:22:36.764[ INFO] 3292 [] [main:8994] [o.s.b.factory.support.DefaultListableBeanFactory.logBeanDefinitionOverriding:1261] Overriding bean definition for bean '${luohuo.feign.oauth-server:luohuo-oauth-server}.FeignClientSpecification' with a different definition: replacing [Generic bean: class=org.springframework.cloud.openfeign.FeignClientSpecification; scope=; abstract=false; lazyInit=null; autowireMode=0; dependencyCheck=0; autowireCandidate=true; primary=false; fallback=false; factoryBeanName=null; factoryMethodName=null; initMethodNames=null; destroyMethodNames=null] with [Generic bean: class=org.springframework.cloud.openfeign.FeignClientSpecification; scope=; abstract=false; lazyInit=null; autowireMode=0; dependencyCheck=0; autowireCandidate=true; primary=false; fallback=false; factoryBeanName=null; factoryMethodName=null; initMethodNames=null; destroyMethodNames=null]
[luohuo-im-server:18778:] 2026-02-18 04:22:36.765[ INFO] 3292 [] [main:8995] [o.s.b.factory.support.DefaultListableBeanFactory.logBeanDefinitionOverriding:1261] Overriding bean definition for bean '${luohuo.feign.oauth-server:luohuo-oauth-server}.FeignClientSpecification' with a different definition: replacing [Generic bean: class=org.springframework.cloud.openfeign.FeignClientSpecification; scope=; abstract=false; lazyInit=null; autowireMode=0; dependencyCheck=0; autowireCandidate=true; primary=false; fallback=false; factoryBeanName=null; factoryMethodName=null; initMethodNames=null; destroyMethodNames=null] with [Generic bean: class=org.springframework.cloud.openfeign.FeignClientSpecification; scope=; abstract=false; lazyInit=null; autowireMode=0; dependencyCheck=0; autowireCandidate=true; primary=false; fallback=false; factoryBeanName=null; factoryMethodName=null; initMethodNames=null; destroyMethodNames=null]
[luohuo-im-server:18778:] 2026-02-18 04:22:36.767[ INFO] 3292 [] [main:8997] [o.s.b.factory.support.DefaultListableBeanFactory.logBeanDefinitionOverriding:1261] Overriding bean definition for bean '${luohuo.feign.oauth-server:luohuo-oauth-server}.FeignClientSpecification' with a different definition: replacing [Generic bean: class=org.springframework.cloud.openfeign.FeignClientSpecification; scope=; abstract=false; lazyInit=null; autowireMode=0; dependencyCheck=0; autowireCandidate=true; primary=false; fallback=false; factoryBeanName=null; factoryMethodName=null; initMethodNames=null; destroyMethodNames=null] with [Generic bean: class=org.springframework.cloud.openfeign.FeignClientSpecification; scope=; abstract=false; lazyInit=null; autowireMode=0; dependencyCheck=0; autowireCandidate=true; primary=false; fallback=false; factoryBeanName=null; factoryMethodName=null; initMethodNames=null; destroyMethodNames=null]
[luohuo-im-server:18778:] 2026-02-18 04:22:36.769[ INFO] 3292 [] [main:8999] [o.s.b.factory.support.DefaultListableBeanFactory.logBeanDefinitionOverriding:1261] Overriding bean definition for bean '${luohuo.feign.oauth-server:luohuo-oauth-server}.FeignClientSpecification' with a different definition: replacing [Generic bean: class=org.springframework.cloud.openfeign.FeignClientSpecification; scope=; abstract=false; lazyInit=null; autowireMode=0; dependencyCheck=0; autowireCandidate=true; primary=false; fallback=false; factoryBeanName=null; factoryMethodName=null; initMethodNames=null; destroyMethodNames=null] with [Generic bean: class=org.springframework.cloud.openfeign.FeignClientSpecification; scope=; abstract=false; lazyInit=null; autowireMode=0; dependencyCheck=0; autowireCandidate=true; primary=false; fallback=false; factoryBeanName=null; factoryMethodName=null; initMethodNames=null; destroyMethodNames=null]
[luohuo-im-server:18778:] 2026-02-18 04:22:36.771[ INFO] 3292 [] [main:9001] [o.s.b.factory.support.DefaultListableBeanFactory.logBeanDefinitionOverriding:1261] Overriding bean definition for bean '${luohuo.feign.base-server:luohuo-base-server}.FeignClientSpecification' with a different definition: replacing [Generic bean: class=org.springframework.cloud.openfeign.FeignClientSpecification; scope=; abstract=false; lazyInit=null; autowireMode=0; dependencyCheck=0; autowireCandidate=true; primary=false; fallback=false; factoryBeanName=null; factoryMethodName=null; initMethodNames=null; destroyMethodNames=null] with [Generic bean: class=org.springframework.cloud.openfeign.FeignClientSpecification; scope=; abstract=false; lazyInit=null; autowireMode=0; dependencyCheck=0; autowireCandidate=true; primary=false; fallback=false; factoryBeanName=null; factoryMethodName=null; initMethodNames=null; destroyMethodNames=null]
[luohuo-im-server:18778:] 2026-02-18 04:22:36.775[ INFO] 3292 [] [main:9005] [o.s.b.factory.support.DefaultListableBeanFactory.logBeanDefinitionOverriding:1261] Overriding bean definition for bean '${luohuo.feign.base-server:luohuo-base-server}.FeignClientSpecification' with a different definition: replacing [Generic bean: class=org.springframework.cloud.openfeign.FeignClientSpecification; scope=; abstract=false; lazyInit=null; autowireMode=0; dependencyCheck=0; autowireCandidate=true; primary=false; fallback=false; factoryBeanName=null; factoryMethodName=null; initMethodNames=null; destroyMethodNames=null] with [Generic bean: class=org.springframework.cloud.openfeign.FeignClientSpecification; scope=; abstract=false; lazyInit=null; autowireMode=0; dependencyCheck=0; autowireCandidate=true; primary=false; fallback=false; factoryBeanName=null; factoryMethodName=null; initMethodNames=null; destroyMethodNames=null]
[luohuo-im-server:18778:] 2026-02-18 04:22:37.189[ INFO] 3292 [] [main:9419] [o.s.b.factory.support.DefaultListableBeanFactory.logBeanDefinitionOverriding:1261] Overriding bean definition for bean 'knife4jOpenApiCustomizer' with a different definition: replacing [Root bean: class=null; scope=; abstract=false; lazyInit=null; autowireMode=3; dependencyCheck=0; autowireCandidate=true; primary=false; fallback=false; factoryBeanName=com.github.xiaoymin.knife4j.spring.configuration.Knife4jAutoConfiguration; factoryMethodName=knife4jOpenApiCustomizer; initMethodNames=null; destroyMethodNames=[(inferred)]; defined in class path resource [com/github/xiaoymin/knife4j/spring/configuration/Knife4jAutoConfiguration.class]] with [Root bean: class=null; scope=; abstract=false; lazyInit=null; autowireMode=3; dependencyCheck=0; autowireCandidate=true; primary=false; fallback=false; factoryBeanName=com.luohuo.basic.swagger2.SwaggerAutoConfiguration; factoryMethodName=knife4jOpenApiCustomizer; initMethodNames=null; destroyMethodNames=[(inferred)]; defined in class path resource [com/luohuo/basic/swagger2/SwaggerAutoConfiguration.class]]
[luohuo-im-server:18778:] 2026-02-18 04:22:37.997[ INFO] 3292 [] [main:10227] [o.s.d.r.config.RepositoryConfigurationDelegate.multipleStoresDetected:295] Multiple Spring Data modules found, entering strict repository configuration mode
[luohuo-im-server:18778:] 2026-02-18 04:22:38.002[ INFO] 3292 [] [main:10232] [o.s.d.r.config.RepositoryConfigurationDelegate.registerRepositoriesIn:143] Bootstrapping Spring Data Redis repositories in DEFAULT mode.
[luohuo-im-server:18778:] 2026-02-18 04:22:38.096[ INFO] 3292 [] [main:10326] [o.s.d.r.config.RepositoryConfigurationDelegate.registerRepositoriesIn:211] Finished Spring Data repository scanning in 68 ms. Found 0 Redis repository interfaces.
[luohuo-im-server:18778:] 2026-02-18 04:22:38.867[ INFO] 3292 [] [main:11097] [o.springframework.cloud.context.scope.GenericScope.setSerializationId:282] BeanFactory id=4af3c072-22ba-3d28-a9dd-a397775ee065
[luohuo-im-server:18778:] 2026-02-18 04:22:39.108[ WARN] 3292 [] [main:11338] [o.s.c.s.PostProcessorRegistrationDelegate$BeanPostProcessorChecker.postProcessAfterInitialization:429] Bean 'com.luohuo.basic.validator.config.ValidatorConfiguration' of type [com.luohuo.basic.validator.config.ValidatorConfiguration] is not eligible for getting processed by all BeanPostProcessors (for example: not eligible for auto-proxying). The currently created BeanPostProcessor [methodValidationPostProcessor] is declared through a non-static factory method on that class; consider declaring it as static instead.
[luohuo-im-server:18778:] 2026-02-18 04:22:39.174[ WARN] 3292 [] [main:11404] [o.s.c.s.PostProcessorRegistrationDelegate$BeanPostProcessorChecker.postProcessAfterInitialization:437] Bean 'validator' of type [org.hibernate.validator.internal.engine.ValidatorImpl] is not eligible for getting processed by all BeanPostProcessors (for example: not eligible for auto-proxying). Is this bean getting eagerly injected/applied to a currently created BeanPostProcessor [methodValidationPostProcessor]? Check the corresponding BeanPostProcessor declaration and its dependencies/advisors. If this bean does not have to be post-processed, declare it with ROLE_INFRASTRUCTURE.
[luohuo-im-server:18778:] 2026-02-18 04:22:40.070[ WARN] 3292 [] [main:12300] [o.s.c.s.PostProcessorRegistrationDelegate$BeanPostProcessorChecker.postProcessAfterInitialization:429] Bean 'tenantAutoConfiguration' of type [com.luohuo.basic.tenant.config.TenantAutoConfiguration] is not eligible for getting processed by all BeanPostProcessors (for example: not eligible for auto-proxying). The currently created BeanPostProcessor [tenantRocketMQInitializer] is declared through a non-static factory method on that class; consider declaring it as static instead.
[luohuo-im-server:18778:] 2026-02-18 04:22:40.108[ WARN] 3292 [] [main:12338] [o.s.c.s.PostProcessorRegistrationDelegate$BeanPostProcessorChecker.postProcessAfterInitialization:437] Bean 'org.apache.rocketmq.spring.autoconfigure.ListenerContainerConfiguration' of type [org.apache.rocketmq.spring.autoconfigure.ListenerContainerConfiguration$$SpringCGLIB$$0] is not eligible for getting processed by all BeanPostProcessors (for example: not eligible for auto-proxying). Is this bean getting eagerly injected/applied to a currently created BeanPostProcessor [org.apache.rocketmq.spring.annotation.RocketMQMessageListenerBeanPostProcessor]? Check the corresponding BeanPostProcessor declaration and its dependencies/advisors. If this bean does not have to be post-processed, declare it with ROLE_INFRASTRUCTURE.
[luohuo-im-server:18778:] 2026-02-18 04:22:40.115[ WARN] 3292 [] [main:12345] [o.s.c.s.PostProcessorRegistrationDelegate$BeanPostProcessorChecker.postProcessAfterInitialization:437] Bean 'org.apache.rocketmq.spring.autoconfigure.MessageConverterConfiguration' of type [org.apache.rocketmq.spring.autoconfigure.MessageConverterConfiguration$$SpringCGLIB$$0] is not eligible for getting processed by all BeanPostProcessors (for example: not eligible for auto-proxying). Is this bean getting eagerly injected/applied to a currently created BeanPostProcessor [org.apache.rocketmq.spring.annotation.RocketMQMessageListenerBeanPostProcessor]? Check the corresponding BeanPostProcessor declaration and its dependencies/advisors. If this bean does not have to be post-processed, declare it with ROLE_INFRASTRUCTURE.
[luohuo-im-server:18778:] 2026-02-18 04:22:40.296[ WARN] 3292 [] [main:12526] [o.s.c.s.PostProcessorRegistrationDelegate$BeanPostProcessorChecker.postProcessAfterInitialization:437] Bean 'createRocketMQMessageConverter' of type [org.apache.rocketmq.spring.support.RocketMQMessageConverter] is not eligible for getting processed by all BeanPostProcessors (for example: not eligible for auto-proxying). Is this bean getting eagerly injected/applied to a currently created BeanPostProcessor [org.apache.rocketmq.spring.annotation.RocketMQMessageListenerBeanPostProcessor]? Check the corresponding BeanPostProcessor declaration and its dependencies/advisors. If this bean does not have to be post-processed, declare it with ROLE_INFRASTRUCTURE.
[luohuo-im-server:18778:] 2026-02-18 04:22:40.309[ WARN] 3292 [] [main:12539] [o.s.c.s.PostProcessorRegistrationDelegate$BeanPostProcessorChecker.postProcessAfterInitialization:437] Bean 'org.springframework.cloud.commons.config.CommonsConfigAutoConfiguration' of type [org.springframework.cloud.commons.config.CommonsConfigAutoConfiguration] is not eligible for getting processed by all BeanPostProcessors (for example: not eligible for auto-proxying). Is this bean getting eagerly injected/applied to a currently created BeanPostProcessor [org.apache.rocketmq.spring.annotation.RocketMQMessageListenerBeanPostProcessor]? Check the corresponding BeanPostProcessor declaration and its dependencies/advisors. If this bean does not have to be post-processed, declare it with ROLE_INFRASTRUCTURE.
[luohuo-im-server:18778:] 2026-02-18 04:22:40.313[ WARN] 3292 [] [main:12543] [o.s.c.s.PostProcessorRegistrationDelegate$BeanPostProcessorChecker.postProcessAfterInitialization:437] Bean 'org.springframework.cloud.client.loadbalancer.LoadBalancerDefaultMappingsProviderAutoConfiguration' of type [org.springframework.cloud.client.loadbalancer.LoadBalancerDefaultMappingsProviderAutoConfiguration] is not eligible for getting processed by all BeanPostProcessors (for example: not eligible for auto-proxying). Is this bean getting eagerly injected/applied to a currently created BeanPostProcessor [org.apache.rocketmq.spring.annotation.RocketMQMessageListenerBeanPostProcessor]? Check the corresponding BeanPostProcessor declaration and its dependencies/advisors. If this bean does not have to be post-processed, declare it with ROLE_INFRASTRUCTURE.
[luohuo-im-server:18778:] 2026-02-18 04:22:40.317[ WARN] 3292 [] [main:12547] [o.s.c.s.PostProcessorRegistrationDelegate$BeanPostProcessorChecker.postProcessAfterInitialization:437] Bean 'loadBalancerClientsDefaultsMappingsProvider' of type [org.springframework.cloud.client.loadbalancer.LoadBalancerDefaultMappingsProviderAutoConfiguration$$Lambda/0x0000760b638a1f38] is not eligible for getting processed by all BeanPostProcessors (for example: not eligible for auto-proxying). Is this bean getting eagerly injected/applied to a currently created BeanPostProcessor [org.apache.rocketmq.spring.annotation.RocketMQMessageListenerBeanPostProcessor]? Check the corresponding BeanPostProcessor declaration and its dependencies/advisors. If this bean does not have to be post-processed, declare it with ROLE_INFRASTRUCTURE.
[luohuo-im-server:18778:] 2026-02-18 04:22:40.346[ WARN] 3292 [] [main:12576] [o.s.c.s.PostProcessorRegistrationDelegate$BeanPostProcessorChecker.postProcessAfterInitialization:437] Bean 'defaultsBindHandlerAdvisor' of type [org.springframework.cloud.commons.config.DefaultsBindHandlerAdvisor] is not eligible for getting processed by all BeanPostProcessors (for example: not eligible for auto-proxying). Is this bean getting eagerly injected/applied to a currently created BeanPostProcessor [org.apache.rocketmq.spring.annotation.RocketMQMessageListenerBeanPostProcessor]? Check the corresponding BeanPostProcessor declaration and its dependencies/advisors. If this bean does not have to be post-processed, declare it with ROLE_INFRASTRUCTURE.
[luohuo-im-server:18778:] 2026-02-18 04:22:40.366[ WARN] 3292 [] [main:12596] [o.s.c.s.PostProcessorRegistrationDelegate$BeanPostProcessorChecker.postProcessAfterInitialization:437] Bean 'rocketmq-org.apache.rocketmq.spring.autoconfigure.RocketMQProperties' of type [org.apache.rocketmq.spring.autoconfigure.RocketMQProperties] is not eligible for getting processed by all BeanPostProcessors (for example: not eligible for auto-proxying). Is this bean getting eagerly injected/applied to a currently created BeanPostProcessor [org.apache.rocketmq.spring.annotation.RocketMQMessageListenerBeanPostProcessor]? Check the corresponding BeanPostProcessor declaration and its dependencies/advisors. If this bean does not have to be post-processed, declare it with ROLE_INFRASTRUCTURE.
[luohuo-im-server:18778:] 2026-02-18 04:22:40.377[ WARN] 3292 [] [main:12607] [o.s.c.s.PostProcessorRegistrationDelegate$BeanPostProcessorChecker.postProcessAfterInitialization:437] Bean 'rocketMQMessageListenerContainerRegistrar' of type [org.apache.rocketmq.spring.support.RocketMQMessageListenerContainerRegistrar] is not eligible for getting processed by all BeanPostProcessors (for example: not eligible for auto-proxying). Is this bean getting eagerly injected/applied to a currently created BeanPostProcessor [org.apache.rocketmq.spring.annotation.RocketMQMessageListenerBeanPostProcessor]? Check the corresponding BeanPostProcessor declaration and its dependencies/advisors. If this bean does not have to be post-processed, declare it with ROLE_INFRASTRUCTURE.
[luohuo-im-server:18778:] 2026-02-18 04:22:40.999[ INFO] 3292 [] [main:13229] [org.xnio.<clinit>:95] XNIO version 3.8.16.Final
[luohuo-im-server:18778:] 2026-02-18 04:22:41.019[ INFO] 3292 [] [main:13249] [org.xnio.nio.<clinit>:58] XNIO NIO Implementation Version 3.8.16.Final
[luohuo-im-server:18778:] 2026-02-18 04:22:41.203[ INFO] 3292 [] [main:13433] [org.jboss.threads.<clinit>:55] JBoss Threads version 3.5.0.Final
[luohuo-im-server:18778:] 2026-02-18 04:22:41.312[ INFO] 3292 [] [main:13542] [io.undertow.servlet.log:372] Initializing Spring embedded WebApplicationContext
[luohuo-im-server:18778:] 2026-02-18 04:22:41.312[ INFO] 3292 [] [main:13542] [o.s.b.w.s.c.ServletWebServerApplicationContext.prepareWebApplicationContext:301] Root WebApplicationContext: initialization completed in 6973 ms
[luohuo-im-server:18778:] 2026-02-18 04:22:41.531[ INFO] 3292 [] [main:13761] [c.a.d.s.b.a.DruidDataSourceAutoConfigure.dataSource:68] Init DruidDataSource
[luohuo-im-server:18778:] 2026-02-18 04:22:42.819[ INFO] 3292 [] [main:15049] [p6spy.logSQL:60] 租户参数：tenantId: null
用户参数：uid: null
消耗时间：38 ms, 执行时间 2026-02-18 04:22:42
数据源: jdbc:p6spy:mysql://10.38.10.10:3306/hula?serverTimezone=Asia/Shanghai&characterEncoding=utf8&useUnicode=true&useSSL=false&autoReconnect=true&zeroDateTimeBehavior=convertToNull&allowMultiQueries=true&nullCatalogMeansCurrent=true&allowPublicKeyRetrieval=true
执行的SQL：SELECT 'x'

[luohuo-im-server:18778:] 2026-02-18 04:22:43.229[ INFO] 3292 [] [main:15459] [p6spy.logSQL:60] 租户参数：tenantId: null
用户参数：uid: null
消耗时间：18 ms, 执行时间 2026-02-18 04:22:43
数据源: jdbc:p6spy:mysql://10.38.10.10:3306/hula?serverTimezone=Asia/Shanghai&characterEncoding=utf8&useUnicode=true&useSSL=false&autoReconnect=true&zeroDateTimeBehavior=convertToNull&allowMultiQueries=true&nullCatalogMeansCurrent=true&allowPublicKeyRetrieval=true
执行的SQL：SELECT 'x'

[luohuo-im-server:18778:] 2026-02-18 04:22:43.857[ INFO] 3292 [] [main:16087] [p6spy.logSQL:60] 租户参数：tenantId: null
用户参数：uid: null
消耗时间：19 ms, 执行时间 2026-02-18 04:22:43
数据源: jdbc:p6spy:mysql://10.38.10.10:3306/hula?serverTimezone=Asia/Shanghai&characterEncoding=utf8&useUnicode=true&useSSL=false&autoReconnect=true&zeroDateTimeBehavior=convertToNull&allowMultiQueries=true&nullCatalogMeansCurrent=true&allowPublicKeyRetrieval=true
执行的SQL：SELECT 'x'

[luohuo-im-server:18778:] 2026-02-18 04:22:44.918[ INFO] 3292 [] [main:17148] [p6spy.logSQL:60] 租户参数：tenantId: null
用户参数：uid: null
消耗时间：19 ms, 执行时间 2026-02-18 04:22:44
数据源: jdbc:p6spy:mysql://10.38.10.10:3306/hula?serverTimezone=Asia/Shanghai&characterEncoding=utf8&useUnicode=true&useSSL=false&autoReconnect=true&zeroDateTimeBehavior=convertToNull&allowMultiQueries=true&nullCatalogMeansCurrent=true&allowPublicKeyRetrieval=true
执行的SQL：SELECT 'x'

[luohuo-im-server:18778:] 2026-02-18 04:22:45.269[ INFO] 3292 [] [main:17499] [p6spy.logSQL:60] 租户参数：tenantId: null
用户参数：uid: null
消耗时间：19 ms, 执行时间 2026-02-18 04:22:45
数据源: jdbc:p6spy:mysql://10.38.10.10:3306/hula?serverTimezone=Asia/Shanghai&characterEncoding=utf8&useUnicode=true&useSSL=false&autoReconnect=true&zeroDateTimeBehavior=convertToNull&allowMultiQueries=true&nullCatalogMeansCurrent=true&allowPublicKeyRetrieval=true
执行的SQL：SELECT 'x'

[luohuo-im-server:18778:] 2026-02-18 04:22:45.866[ INFO] 3292 [] [main:18096] [p6spy.logSQL:60] 租户参数：tenantId: null
用户参数：uid: null
消耗时间：19 ms, 执行时间 2026-02-18 04:22:45
数据源: jdbc:p6spy:mysql://10.38.10.10:3306/hula?serverTimezone=Asia/Shanghai&characterEncoding=utf8&useUnicode=true&useSSL=false&autoReconnect=true&zeroDateTimeBehavior=convertToNull&allowMultiQueries=true&nullCatalogMeansCurrent=true&allowPublicKeyRetrieval=true
执行的SQL：SELECT 'x'

[luohuo-im-server:18778:] 2026-02-18 04:22:46.521[ INFO] 3292 [] [main:18751] [p6spy.logSQL:60] 租户参数：tenantId: null
用户参数：uid: null
消耗时间：20 ms, 执行时间 2026-02-18 04:22:46
数据源: jdbc:p6spy:mysql://10.38.10.10:3306/hula?serverTimezone=Asia/Shanghai&characterEncoding=utf8&useUnicode=true&useSSL=false&autoReconnect=true&zeroDateTimeBehavior=convertToNull&allowMultiQueries=true&nullCatalogMeansCurrent=true&allowPublicKeyRetrieval=true
执行的SQL：SELECT 'x'

[luohuo-im-server:18778:] 2026-02-18 04:22:47.198[ INFO] 3292 [] [main:19428] [p6spy.logSQL:60] 租户参数：tenantId: null
用户参数：uid: null
消耗时间：20 ms, 执行时间 2026-02-18 04:22:47
数据源: jdbc:p6spy:mysql://10.38.10.10:3306/hula?serverTimezone=Asia/Shanghai&characterEncoding=utf8&useUnicode=true&useSSL=false&autoReconnect=true&zeroDateTimeBehavior=convertToNull&allowMultiQueries=true&nullCatalogMeansCurrent=true&allowPublicKeyRetrieval=true
执行的SQL：SELECT 'x'

[luohuo-im-server:18778:] 2026-02-18 04:22:48.090[ INFO] 3292 [] [main:20320] [p6spy.logSQL:60] 租户参数：tenantId: null
用户参数：uid: null
消耗时间：19 ms, 执行时间 2026-02-18 04:22:48
数据源: jdbc:p6spy:mysql://10.38.10.10:3306/hula?serverTimezone=Asia/Shanghai&characterEncoding=utf8&useUnicode=true&useSSL=false&autoReconnect=true&zeroDateTimeBehavior=convertToNull&allowMultiQueries=true&nullCatalogMeansCurrent=true&allowPublicKeyRetrieval=true
执行的SQL：SELECT 'x'

[luohuo-im-server:18778:] 2026-02-18 04:22:49.020[ INFO] 3292 [] [main:21250] [p6spy.logSQL:60] 租户参数：tenantId: null
用户参数：uid: null
消耗时间：18 ms, 执行时间 2026-02-18 04:22:49
数据源: jdbc:p6spy:mysql://10.38.10.10:3306/hula?serverTimezone=Asia/Shanghai&characterEncoding=utf8&useUnicode=true&useSSL=false&autoReconnect=true&zeroDateTimeBehavior=convertToNull&allowMultiQueries=true&nullCatalogMeansCurrent=true&allowPublicKeyRetrieval=true
执行的SQL：SELECT 'x'

[luohuo-im-server:18778:] 2026-02-18 04:22:49.064[ INFO] 3292 [] [main:21294] [com.alibaba.druid.pool.DruidDataSource.init:673] {dataSource-1} inited
[luohuo-im-server:18778:] 2026-02-18 04:22:52.891[ INFO] 3292 [] [main:25121] [org.redisson.Version.logVersion:43] Redisson 3.50.0
[luohuo-im-server:18778:] 2026-02-18 04:22:53.977[ INFO] 3292 [] [redisson-netty-1-7:26207] [org.redisson.connection.ConnectionsHolder.lambda$initConnections$1:132] 1 connections initialized for 10.38.11.101/10.38.11.101:30225
[luohuo-im-server:18778:] 2026-02-18 04:23:00.205[ INFO] 3292 [] [redisson-netty-1-19:32435] [org.redisson.connection.ConnectionsHolder.lambda$initConnections$1:132] 24 connections initialized for 10.38.11.101/10.38.11.101:30225
[luohuo-im-server:18778:] 2026-02-18 04:23:00.905[ INFO] 3292 [] [main:33135] [c.l.flex.satoken.config.MySaTokenContextRegister.<init>:37] 加载：com.luohuo.flex.satoken.config.MySaTokenContextRegister$InnerConfig
[luohuo-im-server:18778:] 2026-02-18 04:23:01.358[ INFO] 3292 [] [main:33588] [c.alibaba.cloud.sentinel.SentinelWebMvcConfigurer.addInterceptors:52] [Sentinel Starter] register SentinelWebInterceptor with urlPatterns: [/**].
[luohuo-im-server:18778:] 2026-02-18 04:23:02.760[ INFO] 3292 [] [main:34990] [o.a.r.s.autoconfigure.RocketMQAutoConfiguration.defaultMQProducer:122] a producer (chatGroup) init on namesrv 172.26.128.42:9876
[luohuo-im-server:18778:] 2026-02-18 04:23:03.241[ INFO] 3292 [] [main:35471] [c.l.flex.common.config.CommonAutoConfiguration.init:43] 检查到配置文件中：luohuo.system.cachePrefix=luohuo
[luohuo-im-server:18778:] 2026-02-18 04:23:04.549[ INFO] 3292 [] [main:36779] [c.baidu.fsg.uid.worker.DisposableWorkerIdAssigner.assignWorkerId:64] Add worker node:WorkerNodeEntity[created=Wed Feb 18 04:23:03 UTC 2026,hostName=172.18.0.4,id=1199,launchDate=Wed Feb 18 04:23:03 UTC 2026,modified=Wed Feb 18 04:23:03 UTC 2026,port=1771388583936-71366,type=2]
[luohuo-im-server:18778:] 2026-02-18 04:23:04.591[ INFO] 3292 [] [main:36821] [com.baidu.fsg.uid.impl.DefaultUidGenerator.afterPropertiesSet:115] Initialized bits(1, 41, 13, 9) for workerID:1199
[luohuo-im-server:18778:] 2026-02-18 04:23:05.173[ INFO] 3292 [] [main:37403] [c.a.n.p.auth.spi.client.ClientAuthPluginManager.init:56] [ClientAuthPluginManager] Load ClientAuthService com.alibaba.nacos.client.auth.impl.NacosClientAuthServiceImpl success.
[luohuo-im-server:18778:] 2026-02-18 04:23:05.174[ INFO] 3292 [] [main:37404] [c.a.n.p.auth.spi.client.ClientAuthPluginManager.init:56] [ClientAuthPluginManager] Load ClientAuthService com.alibaba.nacos.client.auth.ram.RamClientAuthServiceImpl success.
[luohuo-im-server:18778:] 2026-02-18 04:23:05.218[ INFO] 3292 [] [main:37448] [c.l.flex.im.core.user.service.impl.PushService.init:87] 初始化推送线程池, size=32
[luohuo-im-server:18778:] 2026-02-18 04:23:05.618[ INFO] 3292 [] [main:37848] [p6spy.logSQL:60] 租户参数：tenantId: null
用户参数：uid: null
消耗时间：267 ms, 执行时间 2026-02-18 04:23:05
数据源: jdbc:p6spy:mysql://10.38.10.10:3306/hula?serverTimezone=Asia/Shanghai&characterEncoding=utf8&useUnicode=true&useSSL=false&autoReconnect=true&zeroDateTimeBehavior=convertToNull&allowMultiQueries=true&nullCatalogMeansCurrent=true&allowPublicKeyRetrieval=true
执行的SQL：SELECT COUNT( * ) AS total FROM im_user WHERE is_del=false

[luohuo-im-server:18778:] 2026-02-18 04:23:06.118[ INFO] 3292 [] [main:38348] [p6spy.logSQL:60] 租户参数：tenantId: null
用户参数：uid: null
消耗时间：371 ms, 执行时间 2026-02-18 04:23:06
数据源: jdbc:p6spy:mysql://10.38.10.10:3306/hula?serverTimezone=Asia/Shanghai&characterEncoding=utf8&useUnicode=true&useSSL=false&autoReconnect=true&zeroDateTimeBehavior=convertToNull&allowMultiQueries=true&nullCatalogMeansCurrent=true&allowPublicKeyRetrieval=true
执行的SQL：SELECT id,user_id,account,email,name,avatar,sex,open_id,gitee_id,github_id,gitcode_id,resume,user_state_id,last_opt_time,item_id,state,avatar_update_time,context,user_type,tenant_id,ip_info,update_time,update_by,create_time,create_by,is_del FROM im_user WHERE is_del=false

[luohuo-im-server:18778:] 2026-02-18 04:23:06.258[ INFO] 3292 [] [ForkJoinPool.commonPool-worker-1:38488] [p6spy.logSQL:60] 租户参数：tenantId: null
用户参数：uid: null
消耗时间：110 ms, 执行时间 2026-02-18 04:23:06
数据源: jdbc:p6spy:mysql://10.38.10.10:3306/hula?serverTimezone=Asia/Shanghai&characterEncoding=utf8&useUnicode=true&useSSL=false&autoReconnect=true&zeroDateTimeBehavior=convertToNull&allowMultiQueries=true&nullCatalogMeansCurrent=true&allowPublicKeyRetrieval=true
执行的SQL：SELECT friend_uid FROM im_user_friend WHERE is_del=false AND (uid = 1)

[luohuo-im-server:18778:] 2026-02-18 04:23:06.259[ INFO] 3292 [] [main:38489] [p6spy.logSQL:60] 租户参数：tenantId: null
用户参数：uid: null
消耗时间：110 ms, 执行时间 2026-02-18 04:23:06
数据源: jdbc:p6spy:mysql://10.38.10.10:3306/hula?serverTimezone=Asia/Shanghai&characterEncoding=utf8&useUnicode=true&useSSL=false&autoReconnect=true&zeroDateTimeBehavior=convertToNull&allowMultiQueries=true&nullCatalogMeansCurrent=true&allowPublicKeyRetrieval=true
执行的SQL：SELECT friend_uid FROM im_user_friend WHERE is_del=false AND (uid = 10937855681024)

[luohuo-im-server:18778:] 2026-02-18 04:23:06.735[ INFO] 3292 [] [main:38965] [p6spy.logSQL:60] 租户参数：tenantId: null
用户参数：uid: null
消耗时间：20 ms, 执行时间 2026-02-18 04:23:06
数据源: jdbc:p6spy:mysql://10.38.10.10:3306/hula?serverTimezone=Asia/Shanghai&characterEncoding=utf8&useUnicode=true&useSSL=false&autoReconnect=true&zeroDateTimeBehavior=convertToNull&allowMultiQueries=true&nullCatalogMeansCurrent=true&allowPublicKeyRetrieval=true
执行的SQL：SELECT id,room_id,name,account,avatar,ext_json,allow_scan_enter,update_time,update_by,create_time,create_by,is_del FROM im_room_group WHERE is_del=false

[luohuo-im-server:18778:] 2026-02-18 04:23:06.818[ INFO] 3292 [] [main:39048] [p6spy.logSQL:60] 租户参数：tenantId: null
用户参数：uid: null
消耗时间：71 ms, 执行时间 2026-02-18 04:23:06
数据源: jdbc:p6spy:mysql://10.38.10.10:3306/hula?serverTimezone=Asia/Shanghai&characterEncoding=utf8&useUnicode=true&useSSL=false&autoReconnect=true&zeroDateTimeBehavior=convertToNull&allowMultiQueries=true&nullCatalogMeansCurrent=true&allowPublicKeyRetrieval=true
执行的SQL：SELECT id,room_id,name,account,avatar,ext_json,allow_scan_enter,update_time,update_by,create_time,create_by,is_del FROM im_room_group WHERE is_del=false AND (room_id = 1)

[luohuo-im-server:18778:] 2026-02-18 04:23:06.844[ INFO] 3292 [] [main:39074] [p6spy.logSQL:60] 租户参数：tenantId: null
用户参数：uid: null
消耗时间：20 ms, 执行时间 2026-02-18 04:23:06
数据源: jdbc:p6spy:mysql://10.38.10.10:3306/hula?serverTimezone=Asia/Shanghai&characterEncoding=utf8&useUnicode=true&useSSL=false&autoReconnect=true&zeroDateTimeBehavior=convertToNull&allowMultiQueries=true&nullCatalogMeansCurrent=true&allowPublicKeyRetrieval=true
执行的SQL：SELECT uid FROM im_group_member WHERE is_del=false AND (group_id = 1)

[luohuo-im-server:18778:] 2026-02-18 04:23:07.358[ INFO] 3292 [] [main:39588] [p6spy.logSQL:60] 租户参数：tenantId: null
用户参数：uid: null
消耗时间：77 ms, 执行时间 2026-02-18 04:23:07
数据源: jdbc:p6spy:mysql://10.38.10.10:3306/hula?serverTimezone=Asia/Shanghai&characterEncoding=utf8&useUnicode=true&useSSL=false&autoReconnect=true&zeroDateTimeBehavior=convertToNull&allowMultiQueries=true&nullCatalogMeansCurrent=true&allowPublicKeyRetrieval=true
执行的SQL：SELECT id,room_id,uid1,uid2,room_key,de_friend1,de_friend2,update_time,update_by,create_time,create_by,is_del FROM im_room_friend WHERE is_del=false

[luohuo-im-server:18778:] 2026-02-18 04:23:07.678[ INFO] 3292 [] [main:39908] [p6spy.logSQL:60] 租户参数：tenantId: null
用户参数：uid: null
消耗时间：312 ms, 执行时间 2026-02-18 04:23:07
数据源: jdbc:p6spy:mysql://10.38.10.10:3306/hula?serverTimezone=Asia/Shanghai&characterEncoding=utf8&useUnicode=true&useSSL=false&autoReconnect=true&zeroDateTimeBehavior=convertToNull&allowMultiQueries=true&nullCatalogMeansCurrent=true&allowPublicKeyRetrieval=true
执行的SQL：SELECT id,room_id,uid,friend_uid,remark,hide_my_posts,hide_their_posts,is_temp,temp_status,temp_msg_count,update_time,update_by,create_time,create_by,is_del FROM im_user_friend WHERE is_del=false AND (room_id IN (11229133317122))

[luohuo-im-server:18778:] 2026-02-18 04:23:08.958[ INFO] 3292 [] [main:41188] [p6spy.logSQL:60] 租户参数：tenantId: null
用户参数：uid: null
消耗时间：278 ms, 执行时间 2026-02-18 04:23:08
数据源: jdbc:p6spy:mysql://10.38.10.10:3306/hula?serverTimezone=Asia/Shanghai&characterEncoding=utf8&useUnicode=true&useSSL=false&autoReconnect=true&zeroDateTimeBehavior=convertToNull&allowMultiQueries=true&nullCatalogMeansCurrent=true&allowPublicKeyRetrieval=true
执行的SQL：SELECT id,user_id,account,email,name,avatar,sex,open_id,gitee_id,github_id,gitcode_id,resume,user_state_id,last_opt_time,item_id,state,avatar_update_time,context,user_type,tenant_id,ip_info,update_time,update_by,create_time,create_by,is_del FROM im_user WHERE is_del=false

[luohuo-im-server:18778:] 2026-02-18 04:23:09.019[ INFO] 3292 [] [main:41249] [p6spy.logSQL:60] 租户参数：tenantId: null
用户参数：uid: null
消耗时间：50 ms, 执行时间 2026-02-18 04:23:09
数据源: jdbc:p6spy:mysql://10.38.10.10:3306/hula?serverTimezone=Asia/Shanghai&characterEncoding=utf8&useUnicode=true&useSSL=false&autoReconnect=true&zeroDateTimeBehavior=convertToNull&allowMultiQueries=true&nullCatalogMeansCurrent=true&allowPublicKeyRetrieval=true
执行的SQL：SELECT id,group_id,uid,role_id,remark,my_name,de_friend,update_time,update_by,create_time,create_by,is_del FROM im_group_member WHERE is_del=false AND (uid = 10937855681024 AND de_friend = 0)

[luohuo-im-server:18778:] 2026-02-18 04:23:09.044[ INFO] 3292 [] [ForkJoinPool.commonPool-worker-1:41274] [p6spy.logSQL:60] 租户参数：tenantId: null
用户参数：uid: null
消耗时间：75 ms, 执行时间 2026-02-18 04:23:09
数据源: jdbc:p6spy:mysql://10.38.10.10:3306/hula?serverTimezone=Asia/Shanghai&characterEncoding=utf8&useUnicode=true&useSSL=false&autoReconnect=true&zeroDateTimeBehavior=convertToNull&allowMultiQueries=true&nullCatalogMeansCurrent=true&allowPublicKeyRetrieval=true
执行的SQL：SELECT id,group_id,uid,role_id,remark,my_name,de_friend,update_time,update_by,create_time,create_by,is_del FROM im_group_member WHERE is_del=false AND (uid = 1 AND de_friend = 0)

[luohuo-im-server:18778:] 2026-02-18 04:23:09.062[ INFO] 3292 [] [main:41292] [p6spy.logSQL:60] 租户参数：tenantId: null
用户参数：uid: null
消耗时间：37 ms, 执行时间 2026-02-18 04:23:09
数据源: jdbc:p6spy:mysql://10.38.10.10:3306/hula?serverTimezone=Asia/Shanghai&characterEncoding=utf8&useUnicode=true&useSSL=false&autoReconnect=true&zeroDateTimeBehavior=convertToNull&allowMultiQueries=true&nullCatalogMeansCurrent=true&allowPublicKeyRetrieval=true
执行的SQL：SELECT id,room_id,name,account,avatar,ext_json,allow_scan_enter,update_time,update_by,create_time,create_by,is_del FROM im_room_group WHERE is_del=false AND (id IN (1))

[luohuo-im-server:18778:] 2026-02-18 04:23:09.082[ INFO] 3292 [] [ForkJoinPool.commonPool-worker-1:41312] [p6spy.logSQL:60] 租户参数：tenantId: null
用户参数：uid: null
消耗时间：34 ms, 执行时间 2026-02-18 04:23:09
数据源: jdbc:p6spy:mysql://10.38.10.10:3306/hula?serverTimezone=Asia/Shanghai&characterEncoding=utf8&useUnicode=true&useSSL=false&autoReconnect=true&zeroDateTimeBehavior=convertToNull&allowMultiQueries=true&nullCatalogMeansCurrent=true&allowPublicKeyRetrieval=true
执行的SQL：SELECT id,room_id,name,account,avatar,ext_json,allow_scan_enter,update_time,update_by,create_time,create_by,is_del FROM im_room_group WHERE is_del=false AND (id IN (1))

[luohuo-im-server:18778:] 2026-02-18 04:23:09.563[ INFO] 3292 [] [main:41793] [o.s.cloud.openfeign.FeignClientFactoryBean.getTarget:472] For 'luohuo-base-server' URL not provided. Will try picking an instance via load-balancing.
[luohuo-im-server:18778:] 2026-02-18 04:23:09.792[ WARN] 3292 [] [main:42022] [com.luohuo.basic.cache.RedisAutoConfigure.cacheOps:118] 检查到缓存采用了 Redis模式
[luohuo-im-server:18778:] 2026-02-18 04:23:11.229[ INFO] 3292 [] [main:43459] [org.owasp.validator.html.Policy.getInstance:294] Attempting to load AntiSamy policy from an input stream.
[luohuo-im-server:18778:] 2026-02-18 04:23:11.560[ WARN] 3292 [] [main:43790] [org.owasp.validator.html.Policy.<init>:56] The directive "noopenerAndNoreferrerAnchors" is not enabled by default. It is recommended to enable it to prevent reverse tabnabbing attacks.
[luohuo-im-server:18778:] 2026-02-18 04:23:13.415[ WARN] 3292 [] [main:45645] [c.b.mybatisplus.core.metadata.TableInfoHelper.initTableFields:364] Can not find table primary key in Class: "com.luohuo.flex.im.sensitive.domain.SensitiveWord".
[luohuo-im-server:18778:] 2026-02-18 04:23:13.416[ WARN] 3292 [] [main:45646] [c.luohuo.basic.database.injector.LuohuoSqlInjector.getMethodList:56] class com.luohuo.flex.im.sensitive.domain.SensitiveWord ,Not found @TableId annotation, Cannot use Mybatis-Plus 'xxById' Method.
[luohuo-im-server:18778:] 2026-02-18 04:23:13.687[ INFO] 3292 [] [main:45917] [p6spy.logSQL:60] 租户参数：tenantId: null
用户参数：uid: null
消耗时间：186 ms, 执行时间 2026-02-18 04:23:13
数据源: jdbc:p6spy:mysql://10.38.10.10:3306/hula?serverTimezone=Asia/Shanghai&characterEncoding=utf8&useUnicode=true&useSSL=false&autoReconnect=true&zeroDateTimeBehavior=convertToNull&allowMultiQueries=true&nullCatalogMeansCurrent=true&allowPublicKeyRetrieval=true
执行的SQL：SELECT word FROM im_sensitive_word

[luohuo-im-server:18778:] 2026-02-18 04:23:13.690[ INFO] 3292 [] [main:45920] [c.luohuo.flex.im.common.config.SensitiveWordConfig.sensitiveWordBs:29] 敏感词初始化加载数量: 5
[luohuo-im-server:18778:] 2026-02-18 04:23:13.723[ INFO] 3292 [] [main:45953] [p6spy.logSQL:60] 租户参数：tenantId: null
用户参数：uid: null
消耗时间：32 ms, 执行时间 2026-02-18 04:23:13
数据源: jdbc:p6spy:mysql://10.38.10.10:3306/hula?serverTimezone=Asia/Shanghai&characterEncoding=utf8&useUnicode=true&useSSL=false&autoReconnect=true&zeroDateTimeBehavior=convertToNull&allowMultiQueries=true&nullCatalogMeansCurrent=true&allowPublicKeyRetrieval=true
执行的SQL：SELECT word FROM im_sensitive_word

[luohuo-im-server:18778:] 2026-02-18 04:23:14.527[ INFO] 3292 [] [main:46757] [o.s.cloud.openfeign.FeignClientFactoryBean.getTarget:472] For 'luohuo-base-server' URL not provided. Will try picking an instance via load-balancing.
[luohuo-im-server:18778:] 2026-02-18 04:23:15.040[ INFO] 3292 [] [main:47270] [o.a.r.s.support.DefaultRocketMQListenerContainer.start:349] running container: DefaultRocketMQListenerContainer{consumerGroup='msg_push_ack_topic_group', namespace='', nameServer='172.26.128.42:9876', topic='msg_push_ack_topic', consumeMode=CONCURRENTLY, selectorType=TAG, selectorExpression='*', messageModel=CLUSTERING', tlsEnable=false, instanceName=DEFAULT}
[luohuo-im-server:18778:] 2026-02-18 04:23:15.041[ INFO] 3292 [] [main:47271] [o.a.r.s.s.RocketMQMessageListenerContainerRegistrar.registerContainer:109] Register the listener to container, listenerBeanName:ackConsumer, containerBeanName:org.apache.rocketmq.spring.support.DefaultRocketMQListenerContainer_1
[luohuo-im-server:18778:] 2026-02-18 04:23:16.001[ INFO] 3292 [] [main:48231] [o.a.r.s.support.DefaultRocketMQListenerContainer.start:349] running container: DefaultRocketMQListenerContainer{consumerGroup='ai_node_reply_topic_group', namespace='', nameServer='172.26.128.42:9876', topic='ai_node_reply_topic', consumeMode=CONCURRENTLY, selectorType=TAG, selectorExpression='*', messageModel=CLUSTERING', tlsEnable=false, instanceName=DEFAULT}
[luohuo-im-server:18778:] 2026-02-18 04:23:16.001[ INFO] 3292 [] [main:48231] [o.a.r.s.s.RocketMQMessageListenerContainerRegistrar.registerContainer:109] Register the listener to container, listenerBeanName:aiNodeReplyConsumer, containerBeanName:org.apache.rocketmq.spring.support.DefaultRocketMQListenerContainer_2
[luohuo-im-server:18778:] 2026-02-18 04:23:16.540[ INFO] 3292 [] [main:48770] [o.a.r.s.support.DefaultRocketMQListenerContainer.start:349] running container: DefaultRocketMQListenerContainer{consumerGroup='frontend_msg_input_topic_group', namespace='', nameServer='172.26.128.42:9876', topic='frontend_msg_input_topic', consumeMode=CONCURRENTLY, selectorType=TAG, selectorExpression='*', messageModel=CLUSTERING', tlsEnable=false, instanceName=DEFAULT}
[luohuo-im-server:18778:] 2026-02-18 04:23:16.541[ INFO] 3292 [] [main:48771] [o.a.r.s.s.RocketMQMessageListenerContainerRegistrar.registerContainer:109] Register the listener to container, listenerBeanName:frontendMsgConsumer, containerBeanName:org.apache.rocketmq.spring.support.DefaultRocketMQListenerContainer_3
[luohuo-im-server:18778:] 2026-02-18 04:23:17.637[ INFO] 3292 [] [main:49867] [o.a.r.s.support.DefaultRocketMQListenerContainer.start:349] running container: DefaultRocketMQListenerContainer{consumerGroup='msg_push_output_topic_group', namespace='', nameServer='172.26.128.42:9876', topic='msg_push_output_topic', consumeMode=CONCURRENTLY, selectorType=TAG, selectorExpression='*', messageModel=CLUSTERING', tlsEnable=false, instanceName=DEFAULT}
[luohuo-im-server:18778:] 2026-02-18 04:23:17.638[ INFO] 3292 [] [main:49868] [o.a.r.s.s.RocketMQMessageListenerContainerRegistrar.registerContainer:109] Register the listener to container, listenerBeanName:msgSendConsumer, containerBeanName:org.apache.rocketmq.spring.support.DefaultRocketMQListenerContainer_4
[luohuo-im-server:18778:] 2026-02-18 04:23:18.384[ INFO] 3292 [] [main:50614] [o.a.r.s.support.DefaultRocketMQListenerContainer.start:349] running container: DefaultRocketMQListenerContainer{consumerGroup='websocket_push_delay_group', namespace='', nameServer='172.26.128.42:9876', topic='websocket_push_delay', consumeMode=CONCURRENTLY, selectorType=TAG, selectorExpression='*', messageModel=CLUSTERING', tlsEnable=false, instanceName=DEFAULT}
[luohuo-im-server:18778:] 2026-02-18 04:23:18.385[ INFO] 3292 [] [main:50615] [o.a.r.s.s.RocketMQMessageListenerContainerRegistrar.registerContainer:109] Register the listener to container, listenerBeanName:retryPushConsumer, containerBeanName:org.apache.rocketmq.spring.support.DefaultRocketMQListenerContainer_5
[luohuo-im-server:18778:] 2026-02-18 04:23:18.801[ INFO] 3292 [] [main:51031] [p6spy.logSQL:60] 租户参数：tenantId: null
用户参数：uid: null
消耗时间：133 ms, 执行时间 2026-02-18 04:23:18
数据源: jdbc:p6spy:mysql://10.38.10.10:3306/hula?serverTimezone=Asia/Shanghai&characterEncoding=utf8&useUnicode=true&useSSL=false&autoReconnect=true&zeroDateTimeBehavior=convertToNull&allowMultiQueries=true&nullCatalogMeansCurrent=true&allowPublicKeyRetrieval=true
执行的SQL：SELECT id,config_name,type,config_key,config_value,update_time,update_by,create_time,create_by,is_del FROM base_config WHERE is_del=false

[luohuo-im-server:18778:] 2026-02-18 04:23:28.333[ INFO] 3292 [] [main:60563] [o.s.cloud.openfeign.FeignClientFactoryBean.getTarget:472] For 'luohuo-base-server' URL not provided. Will try picking an instance via load-balancing.
[luohuo-im-server:18778:] 2026-02-18 04:23:28.381[ INFO] 3292 [] [main:60611] [o.s.cloud.openfeign.FeignClientFactoryBean.getTarget:472] For 'luohuo-oauth-server' URL not provided. Will try picking an instance via load-balancing.
[luohuo-im-server:18778:] 2026-02-18 04:23:28.418[ INFO] 3292 [] [main:60648] [o.s.cloud.openfeign.FeignClientFactoryBean.getTarget:472] For 'luohuo-system-server' URL not provided. Will try picking an instance via load-balancing.
[luohuo-im-server:18778:] 2026-02-18 04:23:32.598[ INFO] 3292 [] [main:64828] [o.s.cloud.openfeign.FeignClientFactoryBean.getTarget:472] For 'system-server' URL not provided. Will try picking an instance via load-balancing.
[luohuo-im-server:18778:] 2026-02-18 04:23:32.784[ INFO] 3292 [] [main:65014] [c.l.flex.satoken.config.MySaTokenContextRegister.saTokenContext:29] 注册 SaTokenContext 实现类：MySaTokenContextForSpringInJakartaServlet
[luohuo-im-server:18778:] 2026-02-18 04:23:36.281[ WARN] 3292 [] [main:68511] [o.s.b.a.freemarker.FreeMarkerAutoConfiguration.checkTemplateLocationExists:66] Cannot find template location: [classpath:/templates/] (please add some templates, check your FreeMarker configuration, or set spring.freemarker.check-template-location=false)
[luohuo-im-server:18778:] 2026-02-18 04:23:36.582[ INFO] 3292 [] [main:68812] [o.s.b.actuate.endpoint.web.EndpointLinksResolver.<init>:60] Exposing 21 endpoints beneath base path '/actuator'
[luohuo-im-server:18778:] 2026-02-18 04:23:36.939[ INFO] 3292 [] [main:69169] [io.undertow.start:120] starting server: Undertow - 2.3.18.Final
[luohuo-im-server:18778:] 2026-02-18 04:23:37.012[ INFO] 3292 [] [main:69242] [o.s.boot.web.embedded.undertow.UndertowWebServer.start:121] Undertow started on port 18778 (http) with context path '/'
[luohuo-im-server:18778:] 2026-02-18 04:23:37.050[ INFO] 3292 [] [main:69280] [c.a.cloud.nacos.registry.NacosServiceRegistry.register:76] nacos registry, DEFAULT_GROUP luohuo-im-server 192.168.1.37:18778 register finished
[luohuo-im-server:18778:] 2026-02-18 04:23:37.097[ INFO] 3292 [] [main:69327] [com.luohuo.flex.ImServerApplication.logStarted:59] Started ImServerApplication in 68.831 seconds (process running for 70.114)
[luohuo-im-server:18778:] 2026-02-18 04:23:37.136[ INFO] 3292 [] [main:69366] [c.a.cloud.nacos.refresh.NacosContextRefresher.registerNacosListener:140] [Nacos Config] Listening config: dataId=luohuo-im-server-dev.yml, group=DEFAULT_GROUP
[luohuo-im-server:18778:] 2026-02-18 04:23:37.138[ INFO] 3292 [] [main:69368] [c.a.cloud.nacos.refresh.NacosContextRefresher.registerNacosListener:140] [Nacos Config] Listening config: dataId=luohuo-im-server.yml, group=DEFAULT_GROUP
[luohuo-im-server:18778:] 2026-02-18 04:23:37.139[ INFO] 3292 [] [main:69369] [c.a.cloud.nacos.refresh.NacosContextRefresher.registerNacosListener:140] [Nacos Config] Listening config: dataId=rocketmq.yml, group=DEFAULT_GROUP
[luohuo-im-server:18778:] 2026-02-18 04:23:37.139[ INFO] 3292 [] [main:69369] [c.a.cloud.nacos.refresh.NacosContextRefresher.registerNacosListener:140] [Nacos Config] Listening config: dataId=luohuo-im-server, group=DEFAULT_GROUP
[luohuo-im-server:18778:] 2026-02-18 04:23:37.141[ INFO] 3292 [] [main:69371] [c.a.cloud.nacos.refresh.NacosContextRefresher.registerNacosListener:140] [Nacos Config] Listening config: dataId=common.yml, group=DEFAULT_GROUP
[luohuo-im-server:18778:] 2026-02-18 04:23:37.142[ INFO] 3292 [] [main:69372] [c.a.cloud.nacos.refresh.NacosContextRefresher.registerNacosListener:140] [Nacos Config] Listening config: dataId=mysql.yml, group=DEFAULT_GROUP
[luohuo-im-server:18778:] 2026-02-18 04:23:37.144[ INFO] 3292 [] [main:69374] [com.luohuo.flex.common.ServerApplication.start:33] 
----------------------------------------------------------
应用 'luohuo-im-server' 启动成功， JDK版本号：21.0.7 ！
knife4j文档（支持gateway服务聚合文档）: http://172.18.0.4:18778/doc.html
swagger原始文档（不支持gateway服务聚合文档）：http://172.18.0.4:18778/swagger-ui.html
数据库监控（可用于排查数据源是否链接成功）:   http://127.0.0.1:18778/druid
当前环境变量：dev 日志路径：./logs
----------------------------------------------------------

[luohuo-im-server:18778:] 2026-02-18 05:13:07.862[ INFO] 3292 [] [XNIO-2 task-2:3040092] [io.undertow.servlet.log:372] Initializing Spring DispatcherServlet 'dispatcherServlet'
[luohuo-im-server:18778:] 2026-02-18 05:13:07.863[ INFO] 3292 [] [XNIO-2 task-2:3040093] [org.springframework.web.servlet.DispatcherServlet.initServletBean:532] Initializing Servlet 'dispatcherServlet'
[luohuo-im-server:18778:] 2026-02-18 05:13:07.869[ INFO] 3292 [] [XNIO-2 task-2:3040099] [org.springframework.web.servlet.DispatcherServlet.initServletBean:554] Completed initialization in 6 ms
[luohuo-im-server:18778:] 2026-02-18 05:13:07.984[ INFO] 3292 [] [XNIO-2 task-2:3040214] [c.a.c.sentinel.endpoint.SentinelHealthIndicator.doHealthCheck:92] Find sentinel dashboard server list: [Endpoint{protocol=HTTP, host='127.0.0.1, port=8088}]
[luohuo-im-server:18778:] 2026-02-18 05:13:07.985[ WARN] 3292 [] [XNIO-2 task-2:3040215] [c.a.c.sentinel.endpoint.SentinelHealthIndicator.doHealthCheck:112] Sentinel dashboard heartbeat message can't be sent to the dashboard servers [Endpoint{protocol=HTTP, host='127.0.0.1, port=8088}] one of them can't be connected
[luohuo-im-server:0000:] 2026-02-18 06:30:28.398[ INFO] 689 [] [main:2552] [com.alibaba.nacos.client.logging.NacosLogging.initLoggingAdapter:52] Nacos Logging Adapter Builder: com.alibaba.nacos.logger.adapter.logback12.LogbackNacosLoggingAdapterBuilder
[luohuo-im-server:0000:] 2026-02-18 06:30:28.417[ INFO] 689 [] [main:2571] [com.alibaba.nacos.client.logging.NacosLogging.initLoggingAdapter:52] Nacos Logging Adapter Builder: com.alibaba.nacos.logger.adapter.logback14.LogbackNacosLoggingAdapterBuilder
[luohuo-im-server:0000:] 2026-02-18 06:30:28.419[ INFO] 689 [] [main:2573] [com.alibaba.nacos.client.logging.NacosLogging.initLoggingAdapter:55] Nacos Logging Adapter: com.alibaba.nacos.logger.adapter.logback14.LogbackNacosLoggingAdapter match ch.qos.logback.classic.Logger success.
[luohuo-im-server:0000:] 2026-02-18 06:30:28.436[ INFO] 689 [] [main:2590] [com.alibaba.nacos.client.logging.NacosLogging.initLoggingAdapter:52] Nacos Logging Adapter Builder: com.alibaba.nacos.logger.adapter.log4j2.Log4j2NacosLoggingAdapterBuilder
[luohuo-im-server:0000:] 2026-02-18 06:30:30.207[ INFO] 689 [] [main:4361] [c.a.n.p.auth.spi.client.ClientAuthPluginManager.init:56] [ClientAuthPluginManager] Load ClientAuthService com.alibaba.nacos.client.auth.impl.NacosClientAuthServiceImpl success.
[luohuo-im-server:0000:] 2026-02-18 06:30:30.208[ INFO] 689 [] [main:4362] [c.a.n.p.auth.spi.client.ClientAuthPluginManager.init:56] [ClientAuthPluginManager] Load ClientAuthService com.alibaba.nacos.client.auth.ram.RamClientAuthServiceImpl success.
[luohuo-im-server:0000:] 2026-02-18 06:30:32.228[ INFO] 689 [] [main:6382] [c.a.n.common.ability.AbstractAbilityControlManager.initAbilityTable:61] Ready to get current node abilities...
[luohuo-im-server:0000:] 2026-02-18 06:30:32.234[ INFO] 689 [] [main:6388] [c.a.n.common.ability.AbstractAbilityControlManager.initAbilityTable:89] Ready to initialize current node abilities, support modes: [SDK_CLIENT]
[luohuo-im-server:0000:] 2026-02-18 06:30:32.236[ INFO] 689 [] [main:6390] [c.a.n.common.ability.AbstractAbilityControlManager.initAbilityTable:94] Initialize current abilities finish...
[luohuo-im-server:0000:] 2026-02-18 06:30:32.237[ INFO] 689 [] [main:6391] [c.a.n.c.ability.discover.NacosAbilityManagerHolder.initAbilityControlManager:85] [AbilityControlManager] Successfully initialize AbilityControlManager
[luohuo-im-server:0000:] 2026-02-18 06:30:32.541[ WARN] 689 [] [main:6695] [c.a.cloud.nacos.client.NacosPropertySourceBuilder.loadNacosData:97] Ignore the empty nacos configuration and get it based on dataId[luohuo-im-server] & group[DEFAULT_GROUP]
[luohuo-im-server:0000:] 2026-02-18 06:30:32.563[ WARN] 689 [] [main:6717] [c.a.cloud.nacos.client.NacosPropertySourceBuilder.loadNacosData:97] Ignore the empty nacos configuration and get it based on dataId[luohuo-im-server-dev.yml] & group[DEFAULT_GROUP]
[luohuo-im-server:0000:] 2026-02-18 06:30:32.565[ INFO] 689 [] [main:6719] [o.s.c.b.c.PropertySourceBootstrapConfiguration.doInitialize:134] Located property source: [BootstrapPropertySource {name='bootstrapProperties-luohuo-im-server-dev.yml,DEFAULT_GROUP'}, BootstrapPropertySource {name='bootstrapProperties-luohuo-im-server.yml,DEFAULT_GROUP'}, BootstrapPropertySource {name='bootstrapProperties-luohuo-im-server,DEFAULT_GROUP'}, BootstrapPropertySource {name='bootstrapProperties-rocketmq.yml,DEFAULT_GROUP'}, BootstrapPropertySource {name='bootstrapProperties-mysql.yml,DEFAULT_GROUP'}, BootstrapPropertySource {name='bootstrapProperties-redis.yml,DEFAULT_GROUP'}, BootstrapPropertySource {name='bootstrapProperties-common.yml,DEFAULT_GROUP'}]
[luohuo-im-server:18778:] 2026-02-18 06:30:32.692[ INFO] 689 [] [main:6846] [com.luohuo.flex.ImServerApplication.logStartupProfileInfo:658] The following 1 profile is active: "dev"
[luohuo-im-server:18778:] 2026-02-18 06:30:35.332[ INFO] 689 [] [main:9486] [o.s.b.factory.support.DefaultListableBeanFactory.logBeanDefinitionOverriding:1273] Overriding bean definition for bean 'system-server.FeignClientSpecification' with an equivalent definition: replacing [Generic bean: class=org.springframework.cloud.openfeign.FeignClientSpecification; scope=; abstract=false; lazyInit=null; autowireMode=0; dependencyCheck=0; autowireCandidate=true; primary=false; fallback=false; factoryBeanName=null; factoryMethodName=null; initMethodNames=null; destroyMethodNames=null] with [Generic bean: class=org.springframework.cloud.openfeign.FeignClientSpecification; scope=; abstract=false; lazyInit=null; autowireMode=0; dependencyCheck=0; autowireCandidate=true; primary=false; fallback=false; factoryBeanName=null; factoryMethodName=null; initMethodNames=null; destroyMethodNames=null]
[luohuo-im-server:18778:] 2026-02-18 06:30:35.334[ INFO] 689 [] [main:9488] [o.s.b.factory.support.DefaultListableBeanFactory.logBeanDefinitionOverriding:1273] Overriding bean definition for bean 'com.luohuo.basic.tenant.TenantCommonApi' with an equivalent definition: replacing [Generic bean: class=org.springframework.cloud.openfeign.FeignClientFactoryBean; scope=; abstract=false; lazyInit=null; autowireMode=2; dependencyCheck=0; autowireCandidate=true; primary=true; fallback=false; factoryBeanName=null; factoryMethodName=null; initMethodNames=null; destroyMethodNames=null] with [Generic bean: class=org.springframework.cloud.openfeign.FeignClientFactoryBean; scope=; abstract=false; lazyInit=null; autowireMode=2; dependencyCheck=0; autowireCandidate=true; primary=true; fallback=false; factoryBeanName=null; factoryMethodName=null; initMethodNames=null; destroyMethodNames=null]
[luohuo-im-server:18778:] 2026-02-18 06:30:35.336[ INFO] 689 [] [main:9490] [o.s.b.factory.support.DefaultListableBeanFactory.logBeanDefinitionOverriding:1261] Overriding bean definition for bean '${luohuo.feign.base-server:luohuo-base-server}.FeignClientSpecification' with a different definition: replacing [Generic bean: class=org.springframework.cloud.openfeign.FeignClientSpecification; scope=; abstract=false; lazyInit=null; autowireMode=0; dependencyCheck=0; autowireCandidate=true; primary=false; fallback=false; factoryBeanName=null; factoryMethodName=null; initMethodNames=null; destroyMethodNames=null] with [Generic bean: class=org.springframework.cloud.openfeign.FeignClientSpecification; scope=; abstract=false; lazyInit=null; autowireMode=0; dependencyCheck=0; autowireCandidate=true; primary=false; fallback=false; factoryBeanName=null; factoryMethodName=null; initMethodNames=null; destroyMethodNames=null]
[luohuo-im-server:18778:] 2026-02-18 06:30:35.341[ INFO] 689 [] [main:9495] [o.s.b.factory.support.DefaultListableBeanFactory.logBeanDefinitionOverriding:1261] Overriding bean definition for bean '${luohuo.feign.oauth-server:luohuo-oauth-server}.FeignClientSpecification' with a different definition: replacing [Generic bean: class=org.springframework.cloud.openfeign.FeignClientSpecification; scope=; abstract=false; lazyInit=null; autowireMode=0; dependencyCheck=0; autowireCandidate=true; primary=false; fallback=false; factoryBeanName=null; factoryMethodName=null; initMethodNames=null; destroyMethodNames=null] with [Generic bean: class=org.springframework.cloud.openfeign.FeignClientSpecification; scope=; abstract=false; lazyInit=null; autowireMode=0; dependencyCheck=0; autowireCandidate=true; primary=false; fallback=false; factoryBeanName=null; factoryMethodName=null; initMethodNames=null; destroyMethodNames=null]
[luohuo-im-server:18778:] 2026-02-18 06:30:35.343[ INFO] 689 [] [main:9497] [o.s.b.factory.support.DefaultListableBeanFactory.logBeanDefinitionOverriding:1261] Overriding bean definition for bean '${luohuo.feign.oauth-server:luohuo-oauth-server}.FeignClientSpecification' with a different definition: replacing [Generic bean: class=org.springframework.cloud.openfeign.FeignClientSpecification; scope=; abstract=false; lazyInit=null; autowireMode=0; dependencyCheck=0; autowireCandidate=true; primary=false; fallback=false; factoryBeanName=null; factoryMethodName=null; initMethodNames=null; destroyMethodNames=null] with [Generic bean: class=org.springframework.cloud.openfeign.FeignClientSpecification; scope=; abstract=false; lazyInit=null; autowireMode=0; dependencyCheck=0; autowireCandidate=true; primary=false; fallback=false; factoryBeanName=null; factoryMethodName=null; initMethodNames=null; destroyMethodNames=null]
[luohuo-im-server:18778:] 2026-02-18 06:30:35.345[ INFO] 689 [] [main:9499] [o.s.b.factory.support.DefaultListableBeanFactory.logBeanDefinitionOverriding:1261] Overriding bean definition for bean '${luohuo.feign.oauth-server:luohuo-oauth-server}.FeignClientSpecification' with a different definition: replacing [Generic bean: class=org.springframework.cloud.openfeign.FeignClientSpecification; scope=; abstract=false; lazyInit=null; autowireMode=0; dependencyCheck=0; autowireCandidate=true; primary=false; fallback=false; factoryBeanName=null; factoryMethodName=null; initMethodNames=null; destroyMethodNames=null] with [Generic bean: class=org.springframework.cloud.openfeign.FeignClientSpecification; scope=; abstract=false; lazyInit=null; autowireMode=0; dependencyCheck=0; autowireCandidate=true; primary=false; fallback=false; factoryBeanName=null; factoryMethodName=null; initMethodNames=null; destroyMethodNames=null]
[luohuo-im-server:18778:] 2026-02-18 06:30:35.347[ INFO] 689 [] [main:9501] [o.s.b.factory.support.DefaultListableBeanFactory.logBeanDefinitionOverriding:1261] Overriding bean definition for bean '${luohuo.feign.oauth-server:luohuo-oauth-server}.FeignClientSpecification' with a different definition: replacing [Generic bean: class=org.springframework.cloud.openfeign.FeignClientSpecification; scope=; abstract=false; lazyInit=null; autowireMode=0; dependencyCheck=0; autowireCandidate=true; primary=false; fallback=false; factoryBeanName=null; factoryMethodName=null; initMethodNames=null; destroyMethodNames=null] with [Generic bean: class=org.springframework.cloud.openfeign.FeignClientSpecification; scope=; abstract=false; lazyInit=null; autowireMode=0; dependencyCheck=0; autowireCandidate=true; primary=false; fallback=false; factoryBeanName=null; factoryMethodName=null; initMethodNames=null; destroyMethodNames=null]
[luohuo-im-server:18778:] 2026-02-18 06:30:35.349[ INFO] 689 [] [main:9503] [o.s.b.factory.support.DefaultListableBeanFactory.logBeanDefinitionOverriding:1261] Overriding bean definition for bean '${luohuo.feign.oauth-server:luohuo-oauth-server}.FeignClientSpecification' with a different definition: replacing [Generic bean: class=org.springframework.cloud.openfeign.FeignClientSpecification; scope=; abstract=false; lazyInit=null; autowireMode=0; dependencyCheck=0; autowireCandidate=true; primary=false; fallback=false; factoryBeanName=null; factoryMethodName=null; initMethodNames=null; destroyMethodNames=null] with [Generic bean: class=org.springframework.cloud.openfeign.FeignClientSpecification; scope=; abstract=false; lazyInit=null; autowireMode=0; dependencyCheck=0; autowireCandidate=true; primary=false; fallback=false; factoryBeanName=null; factoryMethodName=null; initMethodNames=null; destroyMethodNames=null]
[luohuo-im-server:18778:] 2026-02-18 06:30:35.351[ INFO] 689 [] [main:9505] [o.s.b.factory.support.DefaultListableBeanFactory.logBeanDefinitionOverriding:1261] Overriding bean definition for bean '${luohuo.feign.base-server:luohuo-base-server}.FeignClientSpecification' with a different definition: replacing [Generic bean: class=org.springframework.cloud.openfeign.FeignClientSpecification; scope=; abstract=false; lazyInit=null; autowireMode=0; dependencyCheck=0; autowireCandidate=true; primary=false; fallback=false; factoryBeanName=null; factoryMethodName=null; initMethodNames=null; destroyMethodNames=null] with [Generic bean: class=org.springframework.cloud.openfeign.FeignClientSpecification; scope=; abstract=false; lazyInit=null; autowireMode=0; dependencyCheck=0; autowireCandidate=true; primary=false; fallback=false; factoryBeanName=null; factoryMethodName=null; initMethodNames=null; destroyMethodNames=null]
[luohuo-im-server:18778:] 2026-02-18 06:30:35.355[ INFO] 689 [] [main:9509] [o.s.b.factory.support.DefaultListableBeanFactory.logBeanDefinitionOverriding:1261] Overriding bean definition for bean '${luohuo.feign.base-server:luohuo-base-server}.FeignClientSpecification' with a different definition: replacing [Generic bean: class=org.springframework.cloud.openfeign.FeignClientSpecification; scope=; abstract=false; lazyInit=null; autowireMode=0; dependencyCheck=0; autowireCandidate=true; primary=false; fallback=false; factoryBeanName=null; factoryMethodName=null; initMethodNames=null; destroyMethodNames=null] with [Generic bean: class=org.springframework.cloud.openfeign.FeignClientSpecification; scope=; abstract=false; lazyInit=null; autowireMode=0; dependencyCheck=0; autowireCandidate=true; primary=false; fallback=false; factoryBeanName=null; factoryMethodName=null; initMethodNames=null; destroyMethodNames=null]
[luohuo-im-server:18778:] 2026-02-18 06:30:35.783[ INFO] 689 [] [main:9937] [o.s.b.factory.support.DefaultListableBeanFactory.logBeanDefinitionOverriding:1261] Overriding bean definition for bean 'knife4jOpenApiCustomizer' with a different definition: replacing [Root bean: class=null; scope=; abstract=false; lazyInit=null; autowireMode=3; dependencyCheck=0; autowireCandidate=true; primary=false; fallback=false; factoryBeanName=com.github.xiaoymin.knife4j.spring.configuration.Knife4jAutoConfiguration; factoryMethodName=knife4jOpenApiCustomizer; initMethodNames=null; destroyMethodNames=[(inferred)]; defined in class path resource [com/github/xiaoymin/knife4j/spring/configuration/Knife4jAutoConfiguration.class]] with [Root bean: class=null; scope=; abstract=false; lazyInit=null; autowireMode=3; dependencyCheck=0; autowireCandidate=true; primary=false; fallback=false; factoryBeanName=com.luohuo.basic.swagger2.SwaggerAutoConfiguration; factoryMethodName=knife4jOpenApiCustomizer; initMethodNames=null; destroyMethodNames=[(inferred)]; defined in class path resource [com/luohuo/basic/swagger2/SwaggerAutoConfiguration.class]]
[luohuo-im-server:18778:] 2026-02-18 06:30:36.584[ INFO] 689 [] [main:10738] [o.s.d.r.config.RepositoryConfigurationDelegate.multipleStoresDetected:295] Multiple Spring Data modules found, entering strict repository configuration mode
[luohuo-im-server:18778:] 2026-02-18 06:30:36.589[ INFO] 689 [] [main:10743] [o.s.d.r.config.RepositoryConfigurationDelegate.registerRepositoriesIn:143] Bootstrapping Spring Data Redis repositories in DEFAULT mode.
[luohuo-im-server:18778:] 2026-02-18 06:30:36.692[ INFO] 689 [] [main:10846] [o.s.d.r.config.RepositoryConfigurationDelegate.registerRepositoriesIn:211] Finished Spring Data repository scanning in 76 ms. Found 0 Redis repository interfaces.
[luohuo-im-server:18778:] 2026-02-18 06:30:37.475[ INFO] 689 [] [main:11629] [o.springframework.cloud.context.scope.GenericScope.setSerializationId:282] BeanFactory id=4af3c072-22ba-3d28-a9dd-a397775ee065
[luohuo-im-server:18778:] 2026-02-18 06:30:37.706[ WARN] 689 [] [main:11860] [o.s.c.s.PostProcessorRegistrationDelegate$BeanPostProcessorChecker.postProcessAfterInitialization:429] Bean 'com.luohuo.basic.validator.config.ValidatorConfiguration' of type [com.luohuo.basic.validator.config.ValidatorConfiguration] is not eligible for getting processed by all BeanPostProcessors (for example: not eligible for auto-proxying). The currently created BeanPostProcessor [methodValidationPostProcessor] is declared through a non-static factory method on that class; consider declaring it as static instead.
[luohuo-im-server:18778:] 2026-02-18 06:30:37.769[ WARN] 689 [] [main:11923] [o.s.c.s.PostProcessorRegistrationDelegate$BeanPostProcessorChecker.postProcessAfterInitialization:437] Bean 'validator' of type [org.hibernate.validator.internal.engine.ValidatorImpl] is not eligible for getting processed by all BeanPostProcessors (for example: not eligible for auto-proxying). Is this bean getting eagerly injected/applied to a currently created BeanPostProcessor [methodValidationPostProcessor]? Check the corresponding BeanPostProcessor declaration and its dependencies/advisors. If this bean does not have to be post-processed, declare it with ROLE_INFRASTRUCTURE.
[luohuo-im-server:18778:] 2026-02-18 06:30:39.343[ WARN] 689 [] [main:13497] [o.s.c.s.PostProcessorRegistrationDelegate$BeanPostProcessorChecker.postProcessAfterInitialization:429] Bean 'tenantAutoConfiguration' of type [com.luohuo.basic.tenant.config.TenantAutoConfiguration] is not eligible for getting processed by all BeanPostProcessors (for example: not eligible for auto-proxying). The currently created BeanPostProcessor [tenantRocketMQInitializer] is declared through a non-static factory method on that class; consider declaring it as static instead.
[luohuo-im-server:18778:] 2026-02-18 06:30:39.379[ WARN] 689 [] [main:13533] [o.s.c.s.PostProcessorRegistrationDelegate$BeanPostProcessorChecker.postProcessAfterInitialization:437] Bean 'org.apache.rocketmq.spring.autoconfigure.ListenerContainerConfiguration' of type [org.apache.rocketmq.spring.autoconfigure.ListenerContainerConfiguration$$SpringCGLIB$$0] is not eligible for getting processed by all BeanPostProcessors (for example: not eligible for auto-proxying). Is this bean getting eagerly injected/applied to a currently created BeanPostProcessor [org.apache.rocketmq.spring.annotation.RocketMQMessageListenerBeanPostProcessor]? Check the corresponding BeanPostProcessor declaration and its dependencies/advisors. If this bean does not have to be post-processed, declare it with ROLE_INFRASTRUCTURE.
[luohuo-im-server:18778:] 2026-02-18 06:30:39.386[ WARN] 689 [] [main:13540] [o.s.c.s.PostProcessorRegistrationDelegate$BeanPostProcessorChecker.postProcessAfterInitialization:437] Bean 'org.apache.rocketmq.spring.autoconfigure.MessageConverterConfiguration' of type [org.apache.rocketmq.spring.autoconfigure.MessageConverterConfiguration$$SpringCGLIB$$0] is not eligible for getting processed by all BeanPostProcessors (for example: not eligible for auto-proxying). Is this bean getting eagerly injected/applied to a currently created BeanPostProcessor [org.apache.rocketmq.spring.annotation.RocketMQMessageListenerBeanPostProcessor]? Check the corresponding BeanPostProcessor declaration and its dependencies/advisors. If this bean does not have to be post-processed, declare it with ROLE_INFRASTRUCTURE.
[luohuo-im-server:18778:] 2026-02-18 06:30:39.562[ WARN] 689 [] [main:13716] [o.s.c.s.PostProcessorRegistrationDelegate$BeanPostProcessorChecker.postProcessAfterInitialization:437] Bean 'createRocketMQMessageConverter' of type [org.apache.rocketmq.spring.support.RocketMQMessageConverter] is not eligible for getting processed by all BeanPostProcessors (for example: not eligible for auto-proxying). Is this bean getting eagerly injected/applied to a currently created BeanPostProcessor [org.apache.rocketmq.spring.annotation.RocketMQMessageListenerBeanPostProcessor]? Check the corresponding BeanPostProcessor declaration and its dependencies/advisors. If this bean does not have to be post-processed, declare it with ROLE_INFRASTRUCTURE.
[luohuo-im-server:18778:] 2026-02-18 06:30:39.576[ WARN] 689 [] [main:13730] [o.s.c.s.PostProcessorRegistrationDelegate$BeanPostProcessorChecker.postProcessAfterInitialization:437] Bean 'org.springframework.cloud.commons.config.CommonsConfigAutoConfiguration' of type [org.springframework.cloud.commons.config.CommonsConfigAutoConfiguration] is not eligible for getting processed by all BeanPostProcessors (for example: not eligible for auto-proxying). Is this bean getting eagerly injected/applied to a currently created BeanPostProcessor [org.apache.rocketmq.spring.annotation.RocketMQMessageListenerBeanPostProcessor]? Check the corresponding BeanPostProcessor declaration and its dependencies/advisors. If this bean does not have to be post-processed, declare it with ROLE_INFRASTRUCTURE.
[luohuo-im-server:18778:] 2026-02-18 06:30:39.581[ WARN] 689 [] [main:13735] [o.s.c.s.PostProcessorRegistrationDelegate$BeanPostProcessorChecker.postProcessAfterInitialization:437] Bean 'org.springframework.cloud.client.loadbalancer.LoadBalancerDefaultMappingsProviderAutoConfiguration' of type [org.springframework.cloud.client.loadbalancer.LoadBalancerDefaultMappingsProviderAutoConfiguration] is not eligible for getting processed by all BeanPostProcessors (for example: not eligible for auto-proxying). Is this bean getting eagerly injected/applied to a currently created BeanPostProcessor [org.apache.rocketmq.spring.annotation.RocketMQMessageListenerBeanPostProcessor]? Check the corresponding BeanPostProcessor declaration and its dependencies/advisors. If this bean does not have to be post-processed, declare it with ROLE_INFRASTRUCTURE.
[luohuo-im-server:18778:] 2026-02-18 06:30:39.584[ WARN] 689 [] [main:13738] [o.s.c.s.PostProcessorRegistrationDelegate$BeanPostProcessorChecker.postProcessAfterInitialization:437] Bean 'loadBalancerClientsDefaultsMappingsProvider' of type [org.springframework.cloud.client.loadbalancer.LoadBalancerDefaultMappingsProviderAutoConfiguration$$Lambda/0x00007c7e0f8c5a58] is not eligible for getting processed by all BeanPostProcessors (for example: not eligible for auto-proxying). Is this bean getting eagerly injected/applied to a currently created BeanPostProcessor [org.apache.rocketmq.spring.annotation.RocketMQMessageListenerBeanPostProcessor]? Check the corresponding BeanPostProcessor declaration and its dependencies/advisors. If this bean does not have to be post-processed, declare it with ROLE_INFRASTRUCTURE.
[luohuo-im-server:18778:] 2026-02-18 06:30:39.613[ WARN] 689 [] [main:13767] [o.s.c.s.PostProcessorRegistrationDelegate$BeanPostProcessorChecker.postProcessAfterInitialization:437] Bean 'defaultsBindHandlerAdvisor' of type [org.springframework.cloud.commons.config.DefaultsBindHandlerAdvisor] is not eligible for getting processed by all BeanPostProcessors (for example: not eligible for auto-proxying). Is this bean getting eagerly injected/applied to a currently created BeanPostProcessor [org.apache.rocketmq.spring.annotation.RocketMQMessageListenerBeanPostProcessor]? Check the corresponding BeanPostProcessor declaration and its dependencies/advisors. If this bean does not have to be post-processed, declare it with ROLE_INFRASTRUCTURE.
[luohuo-im-server:18778:] 2026-02-18 06:30:39.632[ WARN] 689 [] [main:13786] [o.s.c.s.PostProcessorRegistrationDelegate$BeanPostProcessorChecker.postProcessAfterInitialization:437] Bean 'rocketmq-org.apache.rocketmq.spring.autoconfigure.RocketMQProperties' of type [org.apache.rocketmq.spring.autoconfigure.RocketMQProperties] is not eligible for getting processed by all BeanPostProcessors (for example: not eligible for auto-proxying). Is this bean getting eagerly injected/applied to a currently created BeanPostProcessor [org.apache.rocketmq.spring.annotation.RocketMQMessageListenerBeanPostProcessor]? Check the corresponding BeanPostProcessor declaration and its dependencies/advisors. If this bean does not have to be post-processed, declare it with ROLE_INFRASTRUCTURE.
[luohuo-im-server:18778:] 2026-02-18 06:30:39.641[ WARN] 689 [] [main:13795] [o.s.c.s.PostProcessorRegistrationDelegate$BeanPostProcessorChecker.postProcessAfterInitialization:437] Bean 'rocketMQMessageListenerContainerRegistrar' of type [org.apache.rocketmq.spring.support.RocketMQMessageListenerContainerRegistrar] is not eligible for getting processed by all BeanPostProcessors (for example: not eligible for auto-proxying). Is this bean getting eagerly injected/applied to a currently created BeanPostProcessor [org.apache.rocketmq.spring.annotation.RocketMQMessageListenerBeanPostProcessor]? Check the corresponding BeanPostProcessor declaration and its dependencies/advisors. If this bean does not have to be post-processed, declare it with ROLE_INFRASTRUCTURE.
[luohuo-im-server:18778:] 2026-02-18 06:30:40.213[ INFO] 689 [] [main:14367] [org.xnio.<clinit>:95] XNIO version 3.8.16.Final
[luohuo-im-server:18778:] 2026-02-18 06:30:40.232[ INFO] 689 [] [main:14386] [org.xnio.nio.<clinit>:58] XNIO NIO Implementation Version 3.8.16.Final
[luohuo-im-server:18778:] 2026-02-18 06:30:40.422[ INFO] 689 [] [main:14576] [org.jboss.threads.<clinit>:55] JBoss Threads version 3.5.0.Final
[luohuo-im-server:18778:] 2026-02-18 06:30:40.529[ INFO] 689 [] [main:14683] [io.undertow.servlet.log:372] Initializing Spring embedded WebApplicationContext
[luohuo-im-server:18778:] 2026-02-18 06:30:40.529[ INFO] 689 [] [main:14683] [o.s.b.w.s.c.ServletWebServerApplicationContext.prepareWebApplicationContext:301] Root WebApplicationContext: initialization completed in 7798 ms
[luohuo-im-server:18778:] 2026-02-18 06:30:40.743[ INFO] 689 [] [main:14897] [c.a.d.s.b.a.DruidDataSourceAutoConfigure.dataSource:68] Init DruidDataSource
[luohuo-im-server:18778:] 2026-02-18 06:30:43.426[ INFO] 689 [] [main:17580] [p6spy.logSQL:60] 租户参数：tenantId: null
用户参数：uid: null
消耗时间：86 ms, 执行时间 2026-02-18 06:30:43
数据源: jdbc:p6spy:mysql://10.38.10.10:3306/hula?serverTimezone=Asia/Shanghai&characterEncoding=utf8&useUnicode=true&useSSL=false&autoReconnect=true&zeroDateTimeBehavior=convertToNull&allowMultiQueries=true&nullCatalogMeansCurrent=true&allowPublicKeyRetrieval=true
执行的SQL：SELECT 'x'

[luohuo-im-server:18778:] 2026-02-18 06:30:45.201[ INFO] 689 [] [main:19355] [p6spy.logSQL:60] 租户参数：tenantId: null
用户参数：uid: null
消耗时间：26 ms, 执行时间 2026-02-18 06:30:45
数据源: jdbc:p6spy:mysql://10.38.10.10:3306/hula?serverTimezone=Asia/Shanghai&characterEncoding=utf8&useUnicode=true&useSSL=false&autoReconnect=true&zeroDateTimeBehavior=convertToNull&allowMultiQueries=true&nullCatalogMeansCurrent=true&allowPublicKeyRetrieval=true
执行的SQL：SELECT 'x'

[luohuo-im-server:18778:] 2026-02-18 06:30:45.947[ INFO] 689 [] [main:20101] [p6spy.logSQL:60] 租户参数：tenantId: null
用户参数：uid: null
消耗时间：85 ms, 执行时间 2026-02-18 06:30:45
数据源: jdbc:p6spy:mysql://10.38.10.10:3306/hula?serverTimezone=Asia/Shanghai&characterEncoding=utf8&useUnicode=true&useSSL=false&autoReconnect=true&zeroDateTimeBehavior=convertToNull&allowMultiQueries=true&nullCatalogMeansCurrent=true&allowPublicKeyRetrieval=true
执行的SQL：SELECT 'x'

[luohuo-im-server:18778:] 2026-02-18 06:30:47.409[ INFO] 689 [] [main:21563] [p6spy.logSQL:60] 租户参数：tenantId: null
用户参数：uid: null
消耗时间：389 ms, 执行时间 2026-02-18 06:30:47
数据源: jdbc:p6spy:mysql://10.38.10.10:3306/hula?serverTimezone=Asia/Shanghai&characterEncoding=utf8&useUnicode=true&useSSL=false&autoReconnect=true&zeroDateTimeBehavior=convertToNull&allowMultiQueries=true&nullCatalogMeansCurrent=true&allowPublicKeyRetrieval=true
执行的SQL：SELECT 'x'

[luohuo-im-server:18778:] 2026-02-18 06:30:48.483[ INFO] 689 [] [main:22637] [p6spy.logSQL:60] 租户参数：tenantId: null
用户参数：uid: null
消耗时间：49 ms, 执行时间 2026-02-18 06:30:48
数据源: jdbc:p6spy:mysql://10.38.10.10:3306/hula?serverTimezone=Asia/Shanghai&characterEncoding=utf8&useUnicode=true&useSSL=false&autoReconnect=true&zeroDateTimeBehavior=convertToNull&allowMultiQueries=true&nullCatalogMeansCurrent=true&allowPublicKeyRetrieval=true
执行的SQL：SELECT 'x'

[luohuo-im-server:18778:] 2026-02-18 06:30:49.511[ INFO] 689 [] [main:23665] [p6spy.logSQL:60] 租户参数：tenantId: null
用户参数：uid: null
消耗时间：49 ms, 执行时间 2026-02-18 06:30:49
数据源: jdbc:p6spy:mysql://10.38.10.10:3306/hula?serverTimezone=Asia/Shanghai&characterEncoding=utf8&useUnicode=true&useSSL=false&autoReconnect=true&zeroDateTimeBehavior=convertToNull&allowMultiQueries=true&nullCatalogMeansCurrent=true&allowPublicKeyRetrieval=true
执行的SQL：SELECT 'x'

[luohuo-im-server:18778:] 2026-02-18 06:30:50.044[ INFO] 689 [] [main:24198] [p6spy.logSQL:60] 租户参数：tenantId: null
用户参数：uid: null
消耗时间：25 ms, 执行时间 2026-02-18 06:30:50
数据源: jdbc:p6spy:mysql://10.38.10.10:3306/hula?serverTimezone=Asia/Shanghai&characterEncoding=utf8&useUnicode=true&useSSL=false&autoReconnect=true&zeroDateTimeBehavior=convertToNull&allowMultiQueries=true&nullCatalogMeansCurrent=true&allowPublicKeyRetrieval=true
执行的SQL：SELECT 'x'

[luohuo-im-server:18778:] 2026-02-18 06:30:51.139[ INFO] 689 [] [main:25293] [p6spy.logSQL:60] 租户参数：tenantId: null
用户参数：uid: null
消耗时间：67 ms, 执行时间 2026-02-18 06:30:51
数据源: jdbc:p6spy:mysql://10.38.10.10:3306/hula?serverTimezone=Asia/Shanghai&characterEncoding=utf8&useUnicode=true&useSSL=false&autoReconnect=true&zeroDateTimeBehavior=convertToNull&allowMultiQueries=true&nullCatalogMeansCurrent=true&allowPublicKeyRetrieval=true
执行的SQL：SELECT 'x'

[luohuo-im-server:18778:] 2026-02-18 06:30:51.827[ INFO] 689 [] [main:25981] [p6spy.logSQL:60] 租户参数：tenantId: null
用户参数：uid: null
消耗时间：25 ms, 执行时间 2026-02-18 06:30:51
数据源: jdbc:p6spy:mysql://10.38.10.10:3306/hula?serverTimezone=Asia/Shanghai&characterEncoding=utf8&useUnicode=true&useSSL=false&autoReconnect=true&zeroDateTimeBehavior=convertToNull&allowMultiQueries=true&nullCatalogMeansCurrent=true&allowPublicKeyRetrieval=true
执行的SQL：SELECT 'x'

[luohuo-im-server:18778:] 2026-02-18 06:30:52.252[ INFO] 689 [] [main:26406] [p6spy.logSQL:60] 租户参数：tenantId: null
用户参数：uid: null
消耗时间：25 ms, 执行时间 2026-02-18 06:30:52
数据源: jdbc:p6spy:mysql://10.38.10.10:3306/hula?serverTimezone=Asia/Shanghai&characterEncoding=utf8&useUnicode=true&useSSL=false&autoReconnect=true&zeroDateTimeBehavior=convertToNull&allowMultiQueries=true&nullCatalogMeansCurrent=true&allowPublicKeyRetrieval=true
执行的SQL：SELECT 'x'

[luohuo-im-server:18778:] 2026-02-18 06:30:52.311[ INFO] 689 [] [main:26465] [com.alibaba.druid.pool.DruidDataSource.init:673] {dataSource-1} inited
[luohuo-im-server:18778:] 2026-02-18 06:30:56.957[ INFO] 689 [] [main:31111] [org.redisson.Version.logVersion:43] Redisson 3.50.0
[luohuo-im-server:18778:] 2026-02-18 06:30:57.967[ INFO] 689 [] [redisson-netty-1-6:32121] [org.redisson.connection.ConnectionsHolder.lambda$initConnections$1:132] 1 connections initialized for 10.38.11.101/10.38.11.101:30225
[luohuo-im-server:18778:] 2026-02-18 06:31:05.625[ INFO] 689 [] [redisson-netty-1-19:39779] [org.redisson.connection.ConnectionsHolder.lambda$initConnections$1:132] 24 connections initialized for 10.38.11.101/10.38.11.101:30225
[luohuo-im-server:18778:] 2026-02-18 06:31:06.317[ INFO] 689 [] [main:40471] [c.l.flex.satoken.config.MySaTokenContextRegister.<init>:37] 加载：com.luohuo.flex.satoken.config.MySaTokenContextRegister$InnerConfig
[luohuo-im-server:18778:] 2026-02-18 06:31:06.774[ INFO] 689 [] [main:40928] [c.alibaba.cloud.sentinel.SentinelWebMvcConfigurer.addInterceptors:52] [Sentinel Starter] register SentinelWebInterceptor with urlPatterns: [/**].
[luohuo-im-server:18778:] 2026-02-18 06:31:08.243[ INFO] 689 [] [main:42397] [o.a.r.s.autoconfigure.RocketMQAutoConfiguration.defaultMQProducer:122] a producer (chatGroup) init on namesrv 172.26.128.42:9876
[luohuo-im-server:18778:] 2026-02-18 06:31:08.736[ INFO] 689 [] [main:42890] [c.l.flex.common.config.CommonAutoConfiguration.init:43] 检查到配置文件中：luohuo.system.cachePrefix=luohuo
[luohuo-im-server:18778:] 2026-02-18 06:31:10.434[ INFO] 689 [] [main:44588] [c.baidu.fsg.uid.worker.DisposableWorkerIdAssigner.assignWorkerId:64] Add worker node:WorkerNodeEntity[created=Wed Feb 18 06:31:09 UTC 2026,hostName=172.18.0.4,id=1204,launchDate=Wed Feb 18 06:31:09 UTC 2026,modified=Wed Feb 18 06:31:09 UTC 2026,port=1771396269706-88555,type=2]
[luohuo-im-server:18778:] 2026-02-18 06:31:10.489[ INFO] 689 [] [main:44643] [com.baidu.fsg.uid.impl.DefaultUidGenerator.afterPropertiesSet:115] Initialized bits(1, 41, 13, 9) for workerID:1204
[luohuo-im-server:18778:] 2026-02-18 06:31:11.105[ INFO] 689 [] [main:45259] [c.a.n.p.auth.spi.client.ClientAuthPluginManager.init:56] [ClientAuthPluginManager] Load ClientAuthService com.alibaba.nacos.client.auth.impl.NacosClientAuthServiceImpl success.
[luohuo-im-server:18778:] 2026-02-18 06:31:11.105[ INFO] 689 [] [main:45259] [c.a.n.p.auth.spi.client.ClientAuthPluginManager.init:56] [ClientAuthPluginManager] Load ClientAuthService com.alibaba.nacos.client.auth.ram.RamClientAuthServiceImpl success.
[luohuo-im-server:18778:] 2026-02-18 06:31:11.153[ INFO] 689 [] [main:45307] [c.l.flex.im.core.user.service.impl.PushService.init:87] 初始化推送线程池, size=32
[luohuo-im-server:18778:] 2026-02-18 06:31:11.292[ INFO] 689 [] [main:45446] [p6spy.logSQL:60] 租户参数：tenantId: null
用户参数：uid: null
消耗时间：25 ms, 执行时间 2026-02-18 06:31:11
数据源: jdbc:p6spy:mysql://10.38.10.10:3306/hula?serverTimezone=Asia/Shanghai&characterEncoding=utf8&useUnicode=true&useSSL=false&autoReconnect=true&zeroDateTimeBehavior=convertToNull&allowMultiQueries=true&nullCatalogMeansCurrent=true&allowPublicKeyRetrieval=true
执行的SQL：SELECT COUNT( * ) AS total FROM im_user WHERE is_del=false

[luohuo-im-server:18778:] 2026-02-18 06:31:11.677[ INFO] 689 [] [main:45831] [p6spy.logSQL:60] 租户参数：tenantId: null
用户参数：uid: null
消耗时间：107 ms, 执行时间 2026-02-18 06:31:11
数据源: jdbc:p6spy:mysql://10.38.10.10:3306/hula?serverTimezone=Asia/Shanghai&characterEncoding=utf8&useUnicode=true&useSSL=false&autoReconnect=true&zeroDateTimeBehavior=convertToNull&allowMultiQueries=true&nullCatalogMeansCurrent=true&allowPublicKeyRetrieval=true
执行的SQL：SELECT id,user_id,account,email,name,avatar,sex,open_id,gitee_id,github_id,gitcode_id,resume,user_state_id,last_opt_time,item_id,state,avatar_update_time,context,user_type,tenant_id,ip_info,update_time,update_by,create_time,create_by,is_del FROM im_user WHERE is_del=false

[luohuo-im-server:18778:] 2026-02-18 06:31:11.752[ INFO] 689 [] [main:45906] [p6spy.logSQL:60] 租户参数：tenantId: null
用户参数：uid: null
消耗时间：44 ms, 执行时间 2026-02-18 06:31:11
数据源: jdbc:p6spy:mysql://10.38.10.10:3306/hula?serverTimezone=Asia/Shanghai&characterEncoding=utf8&useUnicode=true&useSSL=false&autoReconnect=true&zeroDateTimeBehavior=convertToNull&allowMultiQueries=true&nullCatalogMeansCurrent=true&allowPublicKeyRetrieval=true
执行的SQL：SELECT friend_uid FROM im_user_friend WHERE is_del=false AND (uid = 10937855681024)

[luohuo-im-server:18778:] 2026-02-18 06:31:11.775[ INFO] 689 [] [ForkJoinPool.commonPool-worker-1:45929] [p6spy.logSQL:60] 租户参数：tenantId: null
用户参数：uid: null
消耗时间：67 ms, 执行时间 2026-02-18 06:31:11
数据源: jdbc:p6spy:mysql://10.38.10.10:3306/hula?serverTimezone=Asia/Shanghai&characterEncoding=utf8&useUnicode=true&useSSL=false&autoReconnect=true&zeroDateTimeBehavior=convertToNull&allowMultiQueries=true&nullCatalogMeansCurrent=true&allowPublicKeyRetrieval=true
执行的SQL：SELECT friend_uid FROM im_user_friend WHERE is_del=false AND (uid = 1)

[luohuo-im-server:18778:] 2026-02-18 06:31:12.549[ INFO] 689 [] [main:46703] [p6spy.logSQL:60] 租户参数：tenantId: null
用户参数：uid: null
消耗时间：25 ms, 执行时间 2026-02-18 06:31:12
数据源: jdbc:p6spy:mysql://10.38.10.10:3306/hula?serverTimezone=Asia/Shanghai&characterEncoding=utf8&useUnicode=true&useSSL=false&autoReconnect=true&zeroDateTimeBehavior=convertToNull&allowMultiQueries=true&nullCatalogMeansCurrent=true&allowPublicKeyRetrieval=true
执行的SQL：SELECT id,room_id,name,account,avatar,ext_json,allow_scan_enter,update_time,update_by,create_time,create_by,is_del FROM im_room_group WHERE is_del=false

[luohuo-im-server:18778:] 2026-02-18 06:31:12.825[ INFO] 689 [] [main:46979] [p6spy.logSQL:60] 租户参数：tenantId: null
用户参数：uid: null
消耗时间：264 ms, 执行时间 2026-02-18 06:31:12
数据源: jdbc:p6spy:mysql://10.38.10.10:3306/hula?serverTimezone=Asia/Shanghai&characterEncoding=utf8&useUnicode=true&useSSL=false&autoReconnect=true&zeroDateTimeBehavior=convertToNull&allowMultiQueries=true&nullCatalogMeansCurrent=true&allowPublicKeyRetrieval=true
执行的SQL：SELECT id,room_id,name,account,avatar,ext_json,allow_scan_enter,update_time,update_by,create_time,create_by,is_del FROM im_room_group WHERE is_del=false AND (room_id = 1)

[luohuo-im-server:18778:] 2026-02-18 06:31:12.898[ INFO] 689 [] [main:47052] [p6spy.logSQL:60] 租户参数：tenantId: null
用户参数：uid: null
消耗时间：64 ms, 执行时间 2026-02-18 06:31:12
数据源: jdbc:p6spy:mysql://10.38.10.10:3306/hula?serverTimezone=Asia/Shanghai&characterEncoding=utf8&useUnicode=true&useSSL=false&autoReconnect=true&zeroDateTimeBehavior=convertToNull&allowMultiQueries=true&nullCatalogMeansCurrent=true&allowPublicKeyRetrieval=true
执行的SQL：SELECT uid FROM im_group_member WHERE is_del=false AND (group_id = 1)

[luohuo-im-server:18778:] 2026-02-18 06:31:14.242[ INFO] 689 [] [main:48396] [p6spy.logSQL:60] 租户参数：tenantId: null
用户参数：uid: null
消耗时间：96 ms, 执行时间 2026-02-18 06:31:14
数据源: jdbc:p6spy:mysql://10.38.10.10:3306/hula?serverTimezone=Asia/Shanghai&characterEncoding=utf8&useUnicode=true&useSSL=false&autoReconnect=true&zeroDateTimeBehavior=convertToNull&allowMultiQueries=true&nullCatalogMeansCurrent=true&allowPublicKeyRetrieval=true
执行的SQL：SELECT id,room_id,uid1,uid2,room_key,de_friend1,de_friend2,update_time,update_by,create_time,create_by,is_del FROM im_room_friend WHERE is_del=false

[luohuo-im-server:18778:] 2026-02-18 06:31:14.367[ INFO] 689 [] [main:48521] [p6spy.logSQL:60] 租户参数：tenantId: null
用户参数：uid: null
消耗时间：116 ms, 执行时间 2026-02-18 06:31:14
数据源: jdbc:p6spy:mysql://10.38.10.10:3306/hula?serverTimezone=Asia/Shanghai&characterEncoding=utf8&useUnicode=true&useSSL=false&autoReconnect=true&zeroDateTimeBehavior=convertToNull&allowMultiQueries=true&nullCatalogMeansCurrent=true&allowPublicKeyRetrieval=true
执行的SQL：SELECT id,room_id,uid,friend_uid,remark,hide_my_posts,hide_their_posts,is_temp,temp_status,temp_msg_count,update_time,update_by,create_time,create_by,is_del FROM im_user_friend WHERE is_del=false AND (room_id IN (11229133317122))

[luohuo-im-server:18778:] 2026-02-18 06:31:16.235[ INFO] 689 [] [main:50389] [p6spy.logSQL:60] 租户参数：tenantId: null
用户参数：uid: null
消耗时间：113 ms, 执行时间 2026-02-18 06:31:16
数据源: jdbc:p6spy:mysql://10.38.10.10:3306/hula?serverTimezone=Asia/Shanghai&characterEncoding=utf8&useUnicode=true&useSSL=false&autoReconnect=true&zeroDateTimeBehavior=convertToNull&allowMultiQueries=true&nullCatalogMeansCurrent=true&allowPublicKeyRetrieval=true
执行的SQL：SELECT id,user_id,account,email,name,avatar,sex,open_id,gitee_id,github_id,gitcode_id,resume,user_state_id,last_opt_time,item_id,state,avatar_update_time,context,user_type,tenant_id,ip_info,update_time,update_by,create_time,create_by,is_del FROM im_user WHERE is_del=false

[luohuo-im-server:18778:] 2026-02-18 06:31:16.333[ INFO] 689 [] [ForkJoinPool.commonPool-worker-1:50487] [p6spy.logSQL:60] 租户参数：tenantId: null
用户参数：uid: null
消耗时间：87 ms, 执行时间 2026-02-18 06:31:16
数据源: jdbc:p6spy:mysql://10.38.10.10:3306/hula?serverTimezone=Asia/Shanghai&characterEncoding=utf8&useUnicode=true&useSSL=false&autoReconnect=true&zeroDateTimeBehavior=convertToNull&allowMultiQueries=true&nullCatalogMeansCurrent=true&allowPublicKeyRetrieval=true
执行的SQL：SELECT id,group_id,uid,role_id,remark,my_name,de_friend,update_time,update_by,create_time,create_by,is_del FROM im_group_member WHERE is_del=false AND (uid = 1 AND de_friend = 0)

[luohuo-im-server:18778:] 2026-02-18 06:31:16.363[ INFO] 689 [] [main:50517] [p6spy.logSQL:60] 租户参数：tenantId: null
用户参数：uid: null
消耗时间：117 ms, 执行时间 2026-02-18 06:31:16
数据源: jdbc:p6spy:mysql://10.38.10.10:3306/hula?serverTimezone=Asia/Shanghai&characterEncoding=utf8&useUnicode=true&useSSL=false&autoReconnect=true&zeroDateTimeBehavior=convertToNull&allowMultiQueries=true&nullCatalogMeansCurrent=true&allowPublicKeyRetrieval=true
执行的SQL：SELECT id,group_id,uid,role_id,remark,my_name,de_friend,update_time,update_by,create_time,create_by,is_del FROM im_group_member WHERE is_del=false AND (uid = 10937855681024 AND de_friend = 0)

[luohuo-im-server:18778:] 2026-02-18 06:31:16.388[ INFO] 689 [] [ForkJoinPool.commonPool-worker-1:50542] [p6spy.logSQL:60] 租户参数：tenantId: null
用户参数：uid: null
消耗时间：50 ms, 执行时间 2026-02-18 06:31:16
数据源: jdbc:p6spy:mysql://10.38.10.10:3306/hula?serverTimezone=Asia/Shanghai&characterEncoding=utf8&useUnicode=true&useSSL=false&autoReconnect=true&zeroDateTimeBehavior=convertToNull&allowMultiQueries=true&nullCatalogMeansCurrent=true&allowPublicKeyRetrieval=true
执行的SQL：SELECT id,room_id,name,account,avatar,ext_json,allow_scan_enter,update_time,update_by,create_time,create_by,is_del FROM im_room_group WHERE is_del=false AND (id IN (1))

[luohuo-im-server:18778:] 2026-02-18 06:31:16.437[ INFO] 689 [] [main:50591] [p6spy.logSQL:60] 租户参数：tenantId: null
用户参数：uid: null
消耗时间：70 ms, 执行时间 2026-02-18 06:31:16
数据源: jdbc:p6spy:mysql://10.38.10.10:3306/hula?serverTimezone=Asia/Shanghai&characterEncoding=utf8&useUnicode=true&useSSL=false&autoReconnect=true&zeroDateTimeBehavior=convertToNull&allowMultiQueries=true&nullCatalogMeansCurrent=true&allowPublicKeyRetrieval=true
执行的SQL：SELECT id,room_id,name,account,avatar,ext_json,allow_scan_enter,update_time,update_by,create_time,create_by,is_del FROM im_room_group WHERE is_del=false AND (id IN (1))

[luohuo-im-server:18778:] 2026-02-18 06:31:17.568[ INFO] 689 [] [main:51722] [o.s.cloud.openfeign.FeignClientFactoryBean.getTarget:472] For 'luohuo-base-server' URL not provided. Will try picking an instance via load-balancing.
[luohuo-im-server:18778:] 2026-02-18 06:31:17.791[ WARN] 689 [] [main:51945] [com.luohuo.basic.cache.RedisAutoConfigure.cacheOps:118] 检查到缓存采用了 Redis模式
[luohuo-im-server:18778:] 2026-02-18 06:31:19.224[ INFO] 689 [] [main:53378] [org.owasp.validator.html.Policy.getInstance:294] Attempting to load AntiSamy policy from an input stream.
[luohuo-im-server:18778:] 2026-02-18 06:31:19.548[ WARN] 689 [] [main:53702] [org.owasp.validator.html.Policy.<init>:56] The directive "noopenerAndNoreferrerAnchors" is not enabled by default. It is recommended to enable it to prevent reverse tabnabbing attacks.
[luohuo-im-server:18778:] 2026-02-18 06:31:21.705[ WARN] 689 [] [main:55859] [c.b.mybatisplus.core.metadata.TableInfoHelper.initTableFields:364] Can not find table primary key in Class: "com.luohuo.flex.im.sensitive.domain.SensitiveWord".
[luohuo-im-server:18778:] 2026-02-18 06:31:21.706[ WARN] 689 [] [main:55860] [c.luohuo.basic.database.injector.LuohuoSqlInjector.getMethodList:56] class com.luohuo.flex.im.sensitive.domain.SensitiveWord ,Not found @TableId annotation, Cannot use Mybatis-Plus 'xxById' Method.
[luohuo-im-server:18778:] 2026-02-18 06:31:21.825[ INFO] 689 [] [main:55979] [p6spy.logSQL:60] 租户参数：tenantId: null
用户参数：uid: null
消耗时间：25 ms, 执行时间 2026-02-18 06:31:21
数据源: jdbc:p6spy:mysql://10.38.10.10:3306/hula?serverTimezone=Asia/Shanghai&characterEncoding=utf8&useUnicode=true&useSSL=false&autoReconnect=true&zeroDateTimeBehavior=convertToNull&allowMultiQueries=true&nullCatalogMeansCurrent=true&allowPublicKeyRetrieval=true
执行的SQL：SELECT word FROM im_sensitive_word

[luohuo-im-server:18778:] 2026-02-18 06:31:21.828[ INFO] 689 [] [main:55982] [c.luohuo.flex.im.common.config.SensitiveWordConfig.sensitiveWordBs:29] 敏感词初始化加载数量: 5
[luohuo-im-server:18778:] 2026-02-18 06:31:21.922[ INFO] 689 [] [main:56076] [p6spy.logSQL:60] 租户参数：tenantId: null
用户参数：uid: null
消耗时间：92 ms, 执行时间 2026-02-18 06:31:21
数据源: jdbc:p6spy:mysql://10.38.10.10:3306/hula?serverTimezone=Asia/Shanghai&characterEncoding=utf8&useUnicode=true&useSSL=false&autoReconnect=true&zeroDateTimeBehavior=convertToNull&allowMultiQueries=true&nullCatalogMeansCurrent=true&allowPublicKeyRetrieval=true
执行的SQL：SELECT word FROM im_sensitive_word

[luohuo-im-server:18778:] 2026-02-18 06:31:22.774[ INFO] 689 [] [main:56928] [o.s.cloud.openfeign.FeignClientFactoryBean.getTarget:472] For 'luohuo-base-server' URL not provided. Will try picking an instance via load-balancing.
[luohuo-im-server:18778:] 2026-02-18 06:31:23.813[ INFO] 689 [] [main:57967] [o.a.r.s.support.DefaultRocketMQListenerContainer.start:349] running container: DefaultRocketMQListenerContainer{consumerGroup='msg_push_ack_topic_group', namespace='', nameServer='172.26.128.42:9876', topic='msg_push_ack_topic', consumeMode=CONCURRENTLY, selectorType=TAG, selectorExpression='*', messageModel=CLUSTERING', tlsEnable=false, instanceName=DEFAULT}
[luohuo-im-server:18778:] 2026-02-18 06:31:23.813[ INFO] 689 [] [main:57967] [o.a.r.s.s.RocketMQMessageListenerContainerRegistrar.registerContainer:109] Register the listener to container, listenerBeanName:ackConsumer, containerBeanName:org.apache.rocketmq.spring.support.DefaultRocketMQListenerContainer_1
[luohuo-im-server:18778:] 2026-02-18 06:31:25.081[ INFO] 689 [] [main:59235] [o.a.r.s.support.DefaultRocketMQListenerContainer.start:349] running container: DefaultRocketMQListenerContainer{consumerGroup='ai_node_reply_topic_group', namespace='', nameServer='172.26.128.42:9876', topic='ai_node_reply_topic', consumeMode=CONCURRENTLY, selectorType=TAG, selectorExpression='*', messageModel=CLUSTERING', tlsEnable=false, instanceName=DEFAULT}
[luohuo-im-server:18778:] 2026-02-18 06:31:25.081[ INFO] 689 [] [main:59235] [o.a.r.s.s.RocketMQMessageListenerContainerRegistrar.registerContainer:109] Register the listener to container, listenerBeanName:aiNodeReplyConsumer, containerBeanName:org.apache.rocketmq.spring.support.DefaultRocketMQListenerContainer_2
[luohuo-im-server:18778:] 2026-02-18 06:31:26.257[ INFO] 689 [] [main:60411] [o.a.r.s.support.DefaultRocketMQListenerContainer.start:349] running container: DefaultRocketMQListenerContainer{consumerGroup='frontend_msg_input_topic_group', namespace='', nameServer='172.26.128.42:9876', topic='frontend_msg_input_topic', consumeMode=CONCURRENTLY, selectorType=TAG, selectorExpression='*', messageModel=CLUSTERING', tlsEnable=false, instanceName=DEFAULT}
[luohuo-im-server:18778:] 2026-02-18 06:31:26.257[ INFO] 689 [] [main:60411] [o.a.r.s.s.RocketMQMessageListenerContainerRegistrar.registerContainer:109] Register the listener to container, listenerBeanName:frontendMsgConsumer, containerBeanName:org.apache.rocketmq.spring.support.DefaultRocketMQListenerContainer_3
[luohuo-im-server:18778:] 2026-02-18 06:31:27.075[ INFO] 689 [] [main:61229] [o.a.r.s.support.DefaultRocketMQListenerContainer.start:349] running container: DefaultRocketMQListenerContainer{consumerGroup='msg_push_output_topic_group', namespace='', nameServer='172.26.128.42:9876', topic='msg_push_output_topic', consumeMode=CONCURRENTLY, selectorType=TAG, selectorExpression='*', messageModel=CLUSTERING', tlsEnable=false, instanceName=DEFAULT}
[luohuo-im-server:18778:] 2026-02-18 06:31:27.075[ INFO] 689 [] [main:61229] [o.a.r.s.s.RocketMQMessageListenerContainerRegistrar.registerContainer:109] Register the listener to container, listenerBeanName:msgSendConsumer, containerBeanName:org.apache.rocketmq.spring.support.DefaultRocketMQListenerContainer_4
[luohuo-im-server:18778:] 2026-02-18 06:31:27.657[ INFO] 689 [] [main:61811] [o.a.r.s.support.DefaultRocketMQListenerContainer.start:349] running container: DefaultRocketMQListenerContainer{consumerGroup='websocket_push_delay_group', namespace='', nameServer='172.26.128.42:9876', topic='websocket_push_delay', consumeMode=CONCURRENTLY, selectorType=TAG, selectorExpression='*', messageModel=CLUSTERING', tlsEnable=false, instanceName=DEFAULT}
[luohuo-im-server:18778:] 2026-02-18 06:31:27.657[ INFO] 689 [] [main:61811] [o.a.r.s.s.RocketMQMessageListenerContainerRegistrar.registerContainer:109] Register the listener to container, listenerBeanName:retryPushConsumer, containerBeanName:org.apache.rocketmq.spring.support.DefaultRocketMQListenerContainer_5
[luohuo-im-server:18778:] 2026-02-18 06:31:28.103[ INFO] 689 [] [main:62257] [p6spy.logSQL:60] 租户参数：tenantId: null
用户参数：uid: null
消耗时间：168 ms, 执行时间 2026-02-18 06:31:28
数据源: jdbc:p6spy:mysql://10.38.10.10:3306/hula?serverTimezone=Asia/Shanghai&characterEncoding=utf8&useUnicode=true&useSSL=false&autoReconnect=true&zeroDateTimeBehavior=convertToNull&allowMultiQueries=true&nullCatalogMeansCurrent=true&allowPublicKeyRetrieval=true
执行的SQL：SELECT id,config_name,type,config_key,config_value,update_time,update_by,create_time,create_by,is_del FROM base_config WHERE is_del=false

[luohuo-im-server:18778:] 2026-02-18 06:31:39.345[ INFO] 689 [] [main:73499] [o.s.cloud.openfeign.FeignClientFactoryBean.getTarget:472] For 'luohuo-base-server' URL not provided. Will try picking an instance via load-balancing.
[luohuo-im-server:18778:] 2026-02-18 06:31:39.414[ INFO] 689 [] [main:73568] [o.s.cloud.openfeign.FeignClientFactoryBean.getTarget:472] For 'luohuo-oauth-server' URL not provided. Will try picking an instance via load-balancing.
[luohuo-im-server:18778:] 2026-02-18 06:31:39.458[ INFO] 689 [] [main:73612] [o.s.cloud.openfeign.FeignClientFactoryBean.getTarget:472] For 'luohuo-system-server' URL not provided. Will try picking an instance via load-balancing.
[luohuo-im-server:18778:] 2026-02-18 06:31:43.793[ INFO] 689 [] [main:77947] [o.s.cloud.openfeign.FeignClientFactoryBean.getTarget:472] For 'system-server' URL not provided. Will try picking an instance via load-balancing.
[luohuo-im-server:18778:] 2026-02-18 06:31:43.962[ INFO] 689 [] [main:78116] [c.l.flex.satoken.config.MySaTokenContextRegister.saTokenContext:29] 注册 SaTokenContext 实现类：MySaTokenContextForSpringInJakartaServlet
[luohuo-im-server:18778:] 2026-02-18 06:31:47.048[ WARN] 689 [] [main:81202] [o.s.b.a.freemarker.FreeMarkerAutoConfiguration.checkTemplateLocationExists:66] Cannot find template location: [classpath:/templates/] (please add some templates, check your FreeMarker configuration, or set spring.freemarker.check-template-location=false)
[luohuo-im-server:18778:] 2026-02-18 06:31:47.347[ INFO] 689 [] [main:81501] [o.s.b.actuate.endpoint.web.EndpointLinksResolver.<init>:60] Exposing 21 endpoints beneath base path '/actuator'
[luohuo-im-server:18778:] 2026-02-18 06:31:47.704[ INFO] 689 [] [main:81858] [io.undertow.start:120] starting server: Undertow - 2.3.18.Final
[luohuo-im-server:18778:] 2026-02-18 06:31:47.777[ INFO] 689 [] [main:81931] [o.s.boot.web.embedded.undertow.UndertowWebServer.start:121] Undertow started on port 18778 (http) with context path '/'
[luohuo-im-server:18778:] 2026-02-18 06:31:47.796[ INFO] 689 [] [main:81950] [c.a.cloud.nacos.registry.NacosServiceRegistry.register:76] nacos registry, DEFAULT_GROUP luohuo-im-server 192.168.1.37:18778 register finished
[luohuo-im-server:18778:] 2026-02-18 06:31:47.844[ INFO] 689 [] [main:81998] [com.luohuo.flex.ImServerApplication.logStarted:59] Started ImServerApplication in 81.421 seconds (process running for 82.961)
[luohuo-im-server:18778:] 2026-02-18 06:31:47.882[ INFO] 689 [] [main:82036] [c.a.cloud.nacos.refresh.NacosContextRefresher.registerNacosListener:140] [Nacos Config] Listening config: dataId=luohuo-im-server-dev.yml, group=DEFAULT_GROUP
[luohuo-im-server:18778:] 2026-02-18 06:31:47.883[ INFO] 689 [] [main:82037] [c.a.cloud.nacos.refresh.NacosContextRefresher.registerNacosListener:140] [Nacos Config] Listening config: dataId=luohuo-im-server.yml, group=DEFAULT_GROUP
[luohuo-im-server:18778:] 2026-02-18 06:31:47.884[ INFO] 689 [] [main:82038] [c.a.cloud.nacos.refresh.NacosContextRefresher.registerNacosListener:140] [Nacos Config] Listening config: dataId=rocketmq.yml, group=DEFAULT_GROUP
[luohuo-im-server:18778:] 2026-02-18 06:31:47.885[ INFO] 689 [] [main:82039] [c.a.cloud.nacos.refresh.NacosContextRefresher.registerNacosListener:140] [Nacos Config] Listening config: dataId=luohuo-im-server, group=DEFAULT_GROUP
[luohuo-im-server:18778:] 2026-02-18 06:31:47.886[ INFO] 689 [] [main:82040] [c.a.cloud.nacos.refresh.NacosContextRefresher.registerNacosListener:140] [Nacos Config] Listening config: dataId=common.yml, group=DEFAULT_GROUP
[luohuo-im-server:18778:] 2026-02-18 06:31:47.887[ INFO] 689 [] [main:82041] [c.a.cloud.nacos.refresh.NacosContextRefresher.registerNacosListener:140] [Nacos Config] Listening config: dataId=mysql.yml, group=DEFAULT_GROUP
[luohuo-im-server:18778:] 2026-02-18 06:31:47.889[ INFO] 689 [] [main:82043] [com.luohuo.flex.common.ServerApplication.start:33] 
----------------------------------------------------------
应用 'luohuo-im-server' 启动成功， JDK版本号：21.0.7 ！
knife4j文档（支持gateway服务聚合文档）: http://172.18.0.4:18778/doc.html
swagger原始文档（不支持gateway服务聚合文档）：http://172.18.0.4:18778/swagger-ui.html
数据库监控（可用于排查数据源是否链接成功）:   http://127.0.0.1:18778/druid
当前环境变量：dev 日志路径：./logs
----------------------------------------------------------

[luohuo-im-server:18778:] 2026-02-18 06:32:39.181[ INFO] 689 [] [XNIO-2 task-2:133335] [io.undertow.servlet.log:372] Initializing Spring DispatcherServlet 'dispatcherServlet'
[luohuo-im-server:18778:] 2026-02-18 06:32:39.182[ INFO] 689 [] [XNIO-2 task-2:133336] [org.springframework.web.servlet.DispatcherServlet.initServletBean:532] Initializing Servlet 'dispatcherServlet'
[luohuo-im-server:18778:] 2026-02-18 06:32:39.187[ INFO] 689 [] [XNIO-2 task-2:133341] [org.springframework.web.servlet.DispatcherServlet.initServletBean:554] Completed initialization in 5 ms
[luohuo-im-server:18778:] 2026-02-18 06:32:39.291[ INFO] 689 [] [XNIO-2 task-2:133445] [c.a.c.sentinel.endpoint.SentinelHealthIndicator.doHealthCheck:92] Find sentinel dashboard server list: [Endpoint{protocol=HTTP, host='127.0.0.1, port=8088}]
[luohuo-im-server:18778:] 2026-02-18 06:32:39.292[ WARN] 689 [] [XNIO-2 task-2:133446] [c.a.c.sentinel.endpoint.SentinelHealthIndicator.doHealthCheck:112] Sentinel dashboard heartbeat message can't be sent to the dashboard servers [Endpoint{protocol=HTTP, host='127.0.0.1, port=8088}] one of them can't be connected
[luohuo-im-server:18778:] 2026-02-18 06:33:34.834[ INFO] 689 [] [XNIO-2 task-2:188988] [c.a.c.sentinel.endpoint.SentinelHealthIndicator.doHealthCheck:92] Find sentinel dashboard server list: [Endpoint{protocol=HTTP, host='127.0.0.1, port=8088}]
[luohuo-im-server:18778:] 2026-02-18 06:33:34.835[ WARN] 689 [] [XNIO-2 task-2:188989] [c.a.c.sentinel.endpoint.SentinelHealthIndicator.doHealthCheck:112] Sentinel dashboard heartbeat message can't be sent to the dashboard servers [Endpoint{protocol=HTTP, host='127.0.0.1, port=8088}] one of them can't be connected
[luohuo-im-server:18778:] 2026-02-18 06:34:29.761[ INFO] 689 [] [XNIO-2 task-2:243915] [c.a.c.sentinel.endpoint.SentinelHealthIndicator.doHealthCheck:92] Find sentinel dashboard server list: [Endpoint{protocol=HTTP, host='127.0.0.1, port=8088}]
[luohuo-im-server:18778:] 2026-02-18 06:34:29.762[ WARN] 689 [] [XNIO-2 task-2:243916] [c.a.c.sentinel.endpoint.SentinelHealthIndicator.doHealthCheck:112] Sentinel dashboard heartbeat message can't be sent to the dashboard servers [Endpoint{protocol=HTTP, host='127.0.0.1, port=8088}] one of them can't be connected
[luohuo-im-server:18778:] 2026-02-18 06:34:55.428[ INFO] 689 [] [XNIO-2 task-2:269582] [c.a.c.sentinel.endpoint.SentinelHealthIndicator.doHealthCheck:92] Find sentinel dashboard server list: [Endpoint{protocol=HTTP, host='127.0.0.1, port=8088}]
[luohuo-im-server:18778:] 2026-02-18 06:34:55.429[ WARN] 689 [] [XNIO-2 task-2:269583] [c.a.c.sentinel.endpoint.SentinelHealthIndicator.doHealthCheck:112] Sentinel dashboard heartbeat message can't be sent to the dashboard servers [Endpoint{protocol=HTTP, host='127.0.0.1, port=8088}] one of them can't be connected
[luohuo-im-server:18778:] 2026-02-18 06:34:56.652[ INFO] 689 [] [XNIO-2 task-2:270806] [c.a.c.sentinel.endpoint.SentinelHealthIndicator.doHealthCheck:92] Find sentinel dashboard server list: [Endpoint{protocol=HTTP, host='127.0.0.1, port=8088}]
[luohuo-im-server:18778:] 2026-02-18 06:34:56.653[ WARN] 689 [] [XNIO-2 task-2:270807] [c.a.c.sentinel.endpoint.SentinelHealthIndicator.doHealthCheck:112] Sentinel dashboard heartbeat message can't be sent to the dashboard servers [Endpoint{protocol=HTTP, host='127.0.0.1, port=8088}] one of them can't be connected
